ID,en,fr,de,es,pl,ru,ko,ja,zh,zh_tw,tr,hi,ind
Battering_Ram.name,Battering Ram,Bélier,Rammbock,Ariete,Taran,Таран,공성추,破城槌,攻城锤,攻城槌,Koçbaşı,बैटरिंग रैम,Pelantak Tubruk
Heavy_Siege_Ram.name,Heavy Siege Ram,Bélier,Schwere Belagerungsramme,Ariete,Taran,Таран,공성추,破城槌,攻城锤,攻城槌,Koçbaşı,बैटरिंग रैम,Pelantak Tubruk
Battering_Ram.description,War machine created to take down castle gates.,Machine de guerre créée pour démolir les portes des châteaux.,"Eine Kriegsmaschine, um Burgtore zu durchbrechen.",Máquina de guerra creada para derribar las puertas de los castillos.,Machina oblężnicza do przebijania zamkowych wrót.,Боевая машина для уничтожения ворот замков.,성문을 파괴할 목적으로 만들어진 전쟁 병기입니다.,城門を破壊するために作られた兵器,为拆除城堡大门而制造的战争机械。,製造來摧毀城堡大門的戰爭機器。,Kale kapılarını yıkmak için tasarlanmış savaş makinesi.,युद्ध की मशीन जिसे किले के गेट्स को उड़ा देने के लिए बनाया गया है.,Mesin tempur yang diciptakan untuk menghancurkan gerbang kastel.
Heavy_Siege_Ram.description,Heavy War machine created to take down castle gates.,Machine de guerre créée pour démolir les portes des châteaux.,"Eine Kriegsmaschine, um Burgtore zu durchbrechen.",Máquina de guerra creada para derribar las puertas de los castillos.,Machina oblężnicza do przebijania zamkowych wrót.,Боевая машина для уничтожения ворот замков.,성문을 파괴할 목적으로 만들어진 전쟁 병기입니다.,城門を破壊するために作られた兵器,为拆除城堡大门而制造的战争机械。,製造來摧毀城堡大門的戰爭機器。,Kale kapılarını yıkmak için tasarlanmış savaş makinesi.,युद्ध की मशीन जिसे किले के गेट्स को उड़ा देने के लिए बनाया गया है.,Mesin tempur yang diciptakan untuk menghancurkan gerbang kastel.
Heavy_Trebuchet.name,Trebuchet,Trébuchet,Trebuchet,Trabuquete,Trebusz,Требушет,트레뷰셋,トレビュシェット,投石机,投石機,Trebüşe,ट्रेबुशे,Trebuchet
Heavy_Trebuchet.description,War machine created to take down castle walls and destroy all structures or men it hits with its projectiles.,Machine de guerre créée pour démolir les murs des châteaux et détruire toutes les structures ou les hommes qu'elle touche de ses projectiles.,"Eine Kriegsmaschine, die mit ihren Geschossen Burgmauern einreißt und Bauten wie Soldaten hinwegfegt.",Máquina de guerra creada para derribar las murallas de los castillos y destruir todas las estructuras u hombres a los que alcancen sus proyectiles.,"Machina oblężnicza do burzenia zamkowych murów, wystrzeliwująca pociski we wrogie armie i budynki.",Боевая машина для разрушения городских стен и уничтожения построек и живой силы неприятеля.,투사체를 이용해 성벽을 무너뜨리고 구조물과 사람 모두 파괴할 목적으로 만들어진 전쟁 병기입니다.,城壁を破壊するために作られた兵器で、飛ばした弾丸ですべての建造物や人間を破壊します,一种战争机械，能够用来拆除城堡的城墙，并用其投弹来摧毁击中的所有建筑物或人员。,製造來摧毀城牆、以其投射物毀掉建築和敵軍。,Kale duvarlarını yıkmak ve mermileriyle vurduğu tüm yapıları veya adamları yok etmek için tasarlanmış savaş makinesi.,युद्ध की मशीन जिसे किले की दीवारों को उड़ा देने और उन सभी ढांचों या आदमियों का नामोनिशान मिटा देने के लिए बनाया गया है जिन पर यह अपने प्रोजेक्टाइल्स से वार करती है.,Mesin tempur yang diciptakan untuk menghancurkan tembok kastel dan seluruh struktur atau prajurit yang terkena proyektilnya.
HelpTheWeakAction.tooltip,Have {owner} travel across {owner.kingdom:s} lands and increase its kingdom stability by helping the poor and needy.,Ordonnez {owner:à} de voyager sur les terres {owner.kingdom:s} et d'accroître leur stabilité en aidant les pauvres et les nécessiteux.,Lasst {owner} quer durch {owner.kingdom:akk} reisen und durch Hilfe für die Armen und Bedürftigen die Stabilität erhöhen.,Hacer que {owner} viaje por las tierras de {owner.kingdom} y aumente su estabilidad ayudando a los pobres y a los necesitados.,Rozkaż {owner:C} udać się w podróż po ziemiach {owner.kingdom:D} i poprawić tamtejszy ład poprzez pomoc ubogim i potrzebującym.,"Приказать {owner:base_sub_dat} отправиться в поездку по землям {owner.kingdom:base_sub_gen}, дабы упрочить стабильность, помогая страждущим и неимущим.",{owner}에게 {owner.kingdom:s} 영지를 돌아다니며 가난한 사람들과 어려운 사람들을 도와 안정도를 높이도록 명령합니다.,{owner}が{owner.kingdom:s}を旅し、貧しい人々や困っている人々を助けて安定化を図ります,令{owner}前往{owner.kingdom:s}领土扶贫济困，帮助稳定秩序。,讓{owner}橫跨{owner.kingdom:s}土地，幫助貧窮與弱勢人群以增加其穩定度。,"{owner}, {owner.kingdom:s} topraklarında seyahat edip fakirlere ve ihtiyaç sahiplerine yardım ederek genel istikrarı artırsın.",{owner} से कहें कि पूरे {owner.kingdom} की ज़मीन पर घूमें और इसकी स्थिरता बढ़ाने के लिए गरीबों और ज़रूरतमंदों की मदद करें.,Perintahkan {owner} untuk pergi ke seluruh wilayah {owner.kingdom:s} dan meningkatkan stabilitas di sana dengan membantu orang-orang yang miskin dan membutuhkan.
RealmStats.rs_governor_books.name,{books_icon} in governed Province,{books_icon} dans la ville,{books_icon} in der Stadt,{books_icon} en la ciudad,{books_icon} w stolicy,{books_icon} в городе,{books_icon} - 도심,州都内の{books_icon},城镇的{books_icon},{books_icon}在城鎮中,"{books_icon}, Kent Merkezinde",शहर में {books_icon},{books_icon} di Kota
RealmStats.rs_governor_books_per_castle.name,{books_icon} in Castles in governed Province,{books_icon} dans les châteaux,{books_icon} in Burgen,{books_icon} en castillos,{books_icon} w zamkach,{books_icon} в замках,{books_icon} - 성,城の{books_icon},城堡的{books_icon},城堡的{books_icon},"{books_icon}, Kalelerde",किले में {books_icon},{books_icon} di Kastel
RealmStats.rs_governor_books_per_village.name,{books_icon} in Villages in governed Province,{books_icon} dans les villages,{books_icon} in Dörfern,{books_icon} en pueblos,{books_icon} w wioskach,{books_icon} в деревнях,{books_icon} - 마을,村の{books_icon},村庄的{books_icon},村莊的{books_icon},"{books_icon}, Köylerde",गांवों में {books_icon},{books_icon} di Desa
RealmStats.rs_governor_books_per_religious_settlement.name,{books_icon} in [{kingdom.religious_settlement_name}|Religious Settlements] in governed Province,{books_icon} [{kingdom.religious_settlement_name:empl}|dans les propriétés religieuses],{books_icon} [{kingdom.religious_settlement_name:prepin}|in religiösen Siedlungen],{books_icon} en [{kingdom.religious_settlement_name}|asentamientos religiosos],{books_icon} w [{kingdom.religious_settlement_name:Msc}|osadach religijnych],{books_icon} в [{kingdom.religious_settlement_name:base_sub_pl_pre}|религиозных поселениях],{books_icon} - [{kingdom.religious_settlement_name}|종교 정착지],[{kingdom.religious_settlement_name}|宗教的集落]の{books_icon},[{kingdom.religious_settlement_name}|宗教定居点]的{books_icon},[{kingdom.religious_settlement_name}|宗教聚落]的{books_icon},"{books_icon}, [{kingdom.religious_settlement_name}|Dini Yerleşimlerde]",[{kingdom.religious_settlement_name}|धार्मिक बस्तियों] में{books_icon},{books_icon} di [{kingdom.religious_settlement_name}|Permukiman Religius]
RealmStats.rs_governor_piety_per_settlement.name,[{kingdom.piety_icon}|piety] in all settlements in governed Province,[{kingdom.piety_icon}|piété] dans les propriétés,[{kingdom.piety_icon}|Frommheit] in Siedlungen,[{kingdom.piety_icon}|religiosidad] en asentamientos,[{kingdom.piety_icon}|pobożność] w osadach,[{kingdom.piety_icon}|Вера] в поселениях,[{kingdom.piety_icon}|신앙] - 정착지,集落の[{kingdom.piety_icon}|信心],定居点的[{kingdom.piety_icon}|虔诚],聚落的[{kingdom.piety_icon}|虔誠],"[{kingdom.piety_icon}|dindarlık], Yerleşimlerde",बस्तियों में [{kingdom.piety_icon}|धार्मिकता],[{kingdom.piety_icon}|kesalehan] di Permukiman
RealmStats.rs_governor_books_per_settlement.name,{books_icon} in all settlements in governed Province,{books_icon} dans les propriétés,{books_icon} in Siedlungen,{books_icon} en asentamientos,{books_icon} w osadach,{books_icon} в поселениях,{books_icon} - 정착지,集落の{books_icon},定居点的{books_icon},聚落的{books_icon},"{books_icon}, Yerleşimlerde",बस्तियों में {books_icon},{books_icon} di Permukiman
RealmStats.rs_governor_piety.name,[{kingdom.piety_icon}|piety] in governed Province,[{kingdom.piety_icon}|piété] dans la ville,[{kingdom.piety_icon}Frommheit] in der Stadt,[{kingdom.piety_icon}|religiosidad] en la ciudad,[{kingdom.piety_icon}|pobożność] w stolicy,[{kingdom.piety_icon}|вера] в городе,[{kingdom.piety_icon}|신앙] - 도심,州都内の[{kingdom.piety_icon}|信心],城镇中的[{kingdom.piety_icon}|虔诚],城鎮的[{kingdom.piety_icon}|虔誠],"[{kingdom.piety_icon}|Dindarlık], Kent Merkezinde",शहर में [{kingdom.piety_icon}|पवित्रता],[{kingdom.piety_icon}|kesalehan] di Kota
RealmStats.rs_governor_piety_from_cleric.name,[{kingdom.piety_icon}|piety] in governed Province,[{kingdom.piety_icon}|piété] dans la ville,[{kingdom.piety_icon}Frommheit] in der Stadt,[{kingdom.piety_icon}|religiosidad] en la ciudad,[{kingdom.piety_icon}|pobożność] w stolicy,[{kingdom.piety_icon}|вера] в городе,[{kingdom.piety_icon}|신앙] - 도심,州都内の[{kingdom.piety_icon}|信心],城镇中的[{kingdom.piety_icon}|虔诚],城鎮的[{kingdom.piety_icon}|虔誠],"[{kingdom.piety_icon}|Dindarlık], Kent Merkezinde",शहर में [{kingdom.piety_icon}|पवित्रता],[{kingdom.piety_icon}|kesalehan] di Kota
RealmStats.rs_governor_piety_from_scholar.name,[{kingdom.piety_icon}|piety] in governed Province,[{kingdom.piety_icon}|piété] dans la ville,[{kingdom.piety_icon}Frommheit] in der Stadt,[{kingdom.piety_icon}|religiosidad] en la ciudad,[{kingdom.piety_icon}|pobożność] w stolicy,[{kingdom.piety_icon}|вера] в городе,[{kingdom.piety_icon}|신앙] - 도심,州都内の[{kingdom.piety_icon}|信心],城镇中的[{kingdom.piety_icon}|虔诚],城鎮的[{kingdom.piety_icon}|虔誠],"[{kingdom.piety_icon}|Dindarlık], Kent Merkezinde",शहर में [{kingdom.piety_icon}|पवित्रता],[{kingdom.piety_icon}|kesalehan] di Kota
RealmStats.rs_governor_piety_from_shaman.name,[{kingdom.piety_icon}|piety] in governed Province,[{kingdom.piety_icon}|piété] dans la ville,[{kingdom.piety_icon}Frommheit] in der Stadt,[{kingdom.piety_icon}|religiosidad] en la ciudad,[{kingdom.piety_icon}|pobożność] w stolicy,[{kingdom.piety_icon}|вера] в городе,[{kingdom.piety_icon}|신앙] - 도심,州都内の[{kingdom.piety_icon}|信心],城镇中的[{kingdom.piety_icon}|虔诚],城鎮的[{kingdom.piety_icon}|虔誠],"[{kingdom.piety_icon}|Dindarlık], Kent Merkezinde",शहर में [{kingdom.piety_icon}|पवित्रता],[{kingdom.piety_icon}|kesalehan] di Kota
RealmStats.rs_governor_piety_from_patriarch.name,[{kingdom.piety_icon}|piety] in governed Province,[{kingdom.piety_icon}|piété] dans la ville,[{kingdom.piety_icon}Frommheit] in der Stadt,[{kingdom.piety_icon}|religiosidad] en la ciudad,[{kingdom.piety_icon}|pobożność] w stolicy,[{kingdom.piety_icon}|вера] в городе,[{kingdom.piety_icon}|신앙] - 도심,州都内の[{kingdom.piety_icon}|信心],城镇中的[{kingdom.piety_icon}|虔诚],城鎮的[{kingdom.piety_icon}|虔誠],"[{kingdom.piety_icon}|Dindarlık], Kent Merkezinde",शहर में [{kingdom.piety_icon}|पवित्रता],[{kingdom.piety_icon}|kesalehan] di Kota
RealmStats.rs_governor_piety_per_monastery.name,[{kingdom.piety_icon}|piety] in Monasteries in governed Province,[{kingdom.piety_icon}|piété] dans les monastères,[{kingdom.piety_icon}|Frommheit] in Klöstern,[{kingdom.piety_icon}|religiosidad] en monasterios,[{kingdom.piety_icon}|pobożność] w klasztorach,[{kingdom.piety_icon}|Вера] в монастырях,[{kingdom.piety_icon}|신앙] - 수도원,修道院の[{kingdom.piety_icon}|信心],修道院的[{kingdom.piety_icon}|虔诚],修道院的[{kingdom.piety_icon}|虔誠],"[{kingdom.piety_icon}|dindarlık], Manastırlarda",मठों में [{kingdom.piety_icon}|धार्मिकता],[{kingdom.piety_icon}|kesalehan] di Biara
RealmStats.rs_governor_piety_per_shrine.name,[{kingdom.piety_icon}|piety] in Shrines in governed Province,[{kingdom.piety_icon}|piété] dans les sanctuaires,[{kingdom.piety_icon}|Frommheit] in Schreinen,[{kingdom.piety_icon}|religiosidad] en santuarios,[{kingdom.piety_icon}|pobożność] w kaplicach,[{kingdom.piety_icon}|Вера] в капищах,[{kingdom.piety_icon}|신앙] - 성소,神殿の[{kingdom.piety_icon}|信心],神殿的[{kingdom.piety_icon}|虔诚],神殿的[{kingdom.piety_icon}|虔誠],"[{kingdom.piety_icon}|Dindarlık], Tapınaklarda",मंदिरों में [{kingdom.piety_icon}|धार्मिकता],[{kingdom.piety_icon}|kesalehan] di Kuil
RealmStats.rs_governor_happiness_from_CL.name,happiness in governed Province,bonheur dans la ville,Zufriedenheit in der Stadt,felicidad en la ciudad,zadowolenie w stolicy,довольство в городе,도심 만족도,州都内の幸福度,城镇中的幸福度,城鎮滿意度,"mutluluk, Kent Merkezinde",शहर में खुशी,kebahagiaan di Kota
RealmStats.rs_governor_levy_per_settlement.name,{levy_icon} in all Settlements in governed Province,{levy_icon} dans toutes les propriétés,{levy_icon} in allen Siedlungen,{levy_icon} en todos los asentamientos,{levy_icon} we wszystkich osadach,{levy_icon} во всех поселениях,{levy_icon} - 모든 정착지,すべての集落の{levy_icon},所有定居点的{levy_icon},所有聚落的{levy_icon},"{levy_icon}, Tüm Yerleşimlerde",सभी बस्तियों में {levy_icon},{levy_icon} di semua Permukiman
RealmStats.rs_governor_levy_per_keep.name,{levy_icon} in all Castles in governed Province,{levy_icon} dans tous les châteaux,{levy_icon} in allen Burgen,{levy_icon} en todos los castillos,{levy_icon} we wszystkich zamkach,{levy_icon} во всех замках,{levy_icon} - 모든 성,すべての城の{levy_icon},所有城堡的{levy_icon},所有城堡的{levy_icon},"{levy_icon}, Tüm Kalelerde",सभी किलों में {levy_icon},{levy_icon} di semua Kastel
RealmStats.rs_governor_levy_per_village.name,{levy_icon} in all Villages in governed Province,{levy_icon} dans tous les villages,{levy_icon} in allen Dörfern,{levy_icon} en todos los pueblos,{levy_icon} we wszystkich wioskach,{levy_icon} во всех деревнях,{levy_icon} - 모든 마을,すべての村の{levy_icon},所有村庄的{levy_icon},所有村莊的{levy_icon},"{levy_icon}, tüm Köylerde",सभी गांवों में {levy_icon},{levy_icon} di semua Desa
RealmStats.rs_governor_levy_in_town.name,{levy_icon} in governed Province,{levy_icon} dans la ville,{levy_icon} in der Stadt,{levy_icon} en la ciudad,{levy_icon} w stolicy,{levy_icon} в городе,{levy_icon} - 도심,州都内の{levy_icon},城镇的{levy_icon},{levy_icon}在城鎮中,"{levy_icon}, Kent Merkezinde",शहर में {levy_icon},{levy_icon} di Kota
RealmStats.rs_governor_gold_per_settlement.name,{gold_icon} in all settlements in governed Province,{gold_icon} dans les propriétés,{gold_icon} in Siedlungen,{gold_icon} en asentamientos,{gold_icon} w osadach,{gold_icon} в поселениях,{gold_icon} - 정착지,集落の{gold_icon},定居点的{gold_icon},聚落的{gold_icon},"{gold_icon}, Yerleşimlerde",बस्तियों में {gold_icon},{gold_icon} di Permukiman
RealmStats.rs_governor_king_gold_per_settlement.name,{gold_icon} in all settlements in governed Province,{gold_icon} dans les propriétés,{gold_icon} in Siedlungen,{gold_icon} en asentamientos,{gold_icon} w osadach,{gold_icon} в поселениях,{gold_icon} - 정착지,集落の{gold_icon},定居点的{gold_icon},聚落的{gold_icon},"{gold_icon}, Yerleşimlerde",बस्तियों में {gold_icon},{gold_icon} di Permukiman
RealmStats.rs_governor_commerce_flat.name,{trade_icon} in governed Province,{trade_icon} dans la ville,{trade_icon} in der Stadt,{trade_icon} en la ciudad,{trade_icon} w stolicy,{trade_icon} в городе,{trade_icon} - 도심,州都内の{trade_icon},城镇的{trade_icon},{trade_icon}在城鎮中,"{trade_icon}, Kent Merkezinde",शहर में {trade_icon},{trade_icon} di Kota
RealmStats.rs_governor_commerce_per_village.name,{trade_icon} in Villages in governed Province,{trade_icon} dans les villages,{trade_icon} in Dörfern,{trade_icon} en pueblos,{trade_icon} w wioskach,{trade_icon} в деревнях,{trade_icon} - 마을,村の{trade_icon},村庄的{trade_icon},村莊的{trade_icon},"{trade_icon}, Köylerde",गांवों में {trade_icon},{trade_icon} di Desa
RealmStats.rs_governor_commerce_per_settlement.name,{trade_icon} in all settlements in governed Province,{trade_icon} dans les propriétés,{trade_icon} in Siedlungen,{trade_icon} en asentamientos,{trade_icon} w osadach,{trade_icon} в поселениях,{trade_icon} - 정착지,集落の{trade_icon},定居点的{trade_icon},聚落的{trade_icon},"{trade_icon}, Yerleşimlerde",बस्तियों में {trade_icon},{trade_icon} di Permukiman
RealmStats.rs_governor_commerce_per_coastal_settlement.name,{trade_icon} in Coastal settlements in governed Province,{trade_icon} dans les propriétés côtières,{trade_icon} in Küstensiedlungen,{trade_icon} en asentamientos costeros,{trade_icon} w osadach nadmorskich,{trade_icon} в прибрежных поселениях,{trade_icon} - 해안 정착지,沿岸集落の{trade_icon},沿海定居点的{trade_icon},沿海聚落的{trade_icon},"{trade_icon}, Sahil yerleşimlerinde",तटीय बस्तियों में {trade_icon},{trade_icon} di permukiman Pesisir
RealmStats.rs_governor_commerce_per_good.name,{trade_icon} per Good produced in governed Province,{trade_icon} par marchandise produite,{trade_icon} pro produzierter Ware,{trade_icon} por bienes producidos,{trade_icon} za każdy rodzaj prod. środków,{trade_icon} за производимый товар,{trade_icon} - 생산 상품 하나당,生産品1つあたりの{trade_icon},生产的每种商品的{trade_icon},每一商品產出的{trade_icon},"{trade_icon}, üretilen Ürün başına",{trade_icon} प्रति बनाए हुए प्रोडक्ट,{trade_icon} per Barang diproduksi
RealmStats.rs_governor_king_commerce_per_settlement.name,{trade_icon} in all settlements in governed Province,{trade_icon} dans les propriétés,{trade_icon} in Siedlungen,{trade_icon} en asentamientos,{trade_icon} w osadach,{trade_icon} в поселениях,{trade_icon} - 정착지,集落の{trade_icon},定居点的{trade_icon},聚落的{trade_icon},"{trade_icon}, Yerleşimlerde",बस्तियों में {trade_icon},{trade_icon} di Permukiman
RealmStats.rs_governor_commerce_per_monastery.name,{trade_icon} in [{kingdom.religious_settlement_name}|Religious Settlements] in governed Province,{trade_icon} [{kingdom.religious_settlement_name:empl}|dans les propriétés religieuses],{trade_icon} [{kingdom.religious_settlement_name:prepin}|in religiösen Siedlungen],{trade_icon} en [{kingdom.religious_settlement_name}|asentamientos religiosos],{trade_icon} w [{kingdom.religious_settlement_name:Msc}|osadach religijnych],{trade_icon} в [{kingdom.religious_settlement_name:base_sub_pl_pre}|религиозных поселениях],{trade_icon} - [{kingdom.religious_settlement_name}|종교 정착지],[{kingdom.religious_settlement_name}|宗教的集落]の{trade_icon},[{kingdom.religious_settlement_name}|宗教定居点]的{trade_icon},[{kingdom.religious_settlement_name}|宗教聚落]的{trade_icon},"{trade_icon}, [{kingdom.religious_settlement_name}|Dini Yerleşimlerde]",[{kingdom.religious_settlement_name}|धार्मिक बस्तियों] में{trade_icon},{trade_icon} di [{kingdom.religious_settlement_name}|Permukiman Religius]
RealmStats.rs_governor_max_population.name,{workers_icon} in governed Province,{workers_icon} dans la ville,{workers_icon} in der Stadt,{workers_icon} en la ciudad,{workers_icon} w stolicy,{workers_icon} в городе,{workers_icon} - 도심,州都内の{workers_icon},城镇的{workers_icon},{workers_icon}在城鎮中,"{workers_icon}, Kent Merkezinde",शहर में {workers_icon},{workers_icon} di Kota
RealmStats.rs_governor_workers_per_village.name,{workers_icon} in all Villages in governed Province,{workers_icon} dans tous les villages,{workers_icon} in allen Dörfern,{workers_icon} en todos los pueblos,{workers_icon} we wszystkich wioskach,{workers_icon} во всех деревнях,{workers_icon} - 모든 마을,すべての村の{workers_icon},所有村庄的{workers_icon},所有村莊的{workers_icon},"{workers_icon}, Tüm Köylerde",सभी गांवों में {workers_icon},{workers_icon} di semua Desa
RealmStats.rs_governor_food_per_settlement.name,{food_icon} in all settlements in governed Province,{food_icon} dans les propriétés,{food_icon} in Siedlungen,{food_icon} en asentamientos,{food_icon} w osadach,{food_icon} в поселениях,{food_icon} - 정착지,集落の{food_icon},定居点的{food_icon},聚落的{food_icon},"{food_icon}, Yerleşimlerde",बस्तियों में {food_icon},{food_icon} di Permukiman
RealmStats.rs_governor_food_per_farm.name,{food_icon} in Crop farms in governed Province,{food_icon} dans les fermes céréalières,{food_icon} in Getreidehöfen,{food_icon} en campos de cultivo,{food_icon} w gospodarstwach rolnych,{food_icon} от земледельческих ферм,{food_icon} - 작물 농장,穀物畑の{food_icon},作物农场的{food_icon},農場中的{food_icon},"{food_icon}, Ekin çiftliklerinde",फ़सलों के खेतों में {food_icon},{food_icon} in Ladang pertanian
RealmStats.rs_governor_local_authority_in_realm_and_neighbors.name,stability in this and neighboring provinces,stabilité dans cette province et les provinces voisines,Stabilität in dieser und benachbarten Provinzen,estabilidad en esta provincia y provincias vecinas,ład w tej i sąsiednich prowincjach,стабильность в этой и соседних провинциях,해당 지역 및 이웃 지역 안정도,この州および隣接する州の安定性,该省与邻省的稳定度,此行省與鄰近行省的穩定度,bu bölgede ve komşu bölgelerde istikrar,इस और पड़ोसी प्रांतों में स्थिरता,stabilitas di provinsi ini dan provinsi tetangga
RealmStats.rs_governor_town_guards.name,{guard_icon} in governed Province,{guard_icon} dans la ville,{guard_icon} in der Stadt,{guard_icon} en la ciudad,{guard_icon} w stolicy,{guard_icon} в городе,{guard_icon} - 도심,州都内の{guard_icon},城镇的{guard_icon},{guard_icon}在城鎮中,"{guard_icon}, Kent Merkezinde",शहर में {guard_icon},{guard_icon} di Kota
RealmStats.rs_governor_gold_in_town_per_good.name,{gold_icon} per produced good in governed Province,{gold_icon} par marchandise produite dans la ville gouvernée,{gold_icon} pro produzierter Ware in regierter Stadt,{gold_icon} por bienes producidos en ciudad gobernada,{gold_icon} za wytwarzane środki w stolicy z namiestnikiem,{gold_icon} за каждый производимый товар в управляемом городе,{gold_icon} - 통치 도심 내 생산 상품 하나당,統治する州都内で生産される品1つあたりの{gold_icon},被治理的城镇中产出的每种商品对应的{gold_icon},治理城鎮中每一產出商品的{gold_icon},"{gold_icon}, yönetilen kent merkezinde üretilen ürün başına",शासित शहर में {gold_icon} प्रति तैयार प्रोडक्ट,{gold_icon} per barang diproduksi di kota yang dipimpin
RealmStats.rs_governor_stability_realm.name,Province stability,Stabilité de la province,Provinzstabilität,Estabilidad de provincia,Ład w prowincji,Стабильность провинции,지역 안정도,州の秩序,行省稳定度,行省穩定度,Bölge istikrarı,प्रांत की स्थिरता,Stabilitas provinsi
RealmStats.rs_governor_max_food_town.name,{food_icon} storage in governed Province,Stockage de {food_icon} dans la ville gouvernée,{food_icon}-Lager in regierter Stadt,Almacenamiento de {food_icon} en ciudad gobernada,{food_icon} składowana w stolicy z namiestnikiem,Запас {food_icon} в управляемом городе,{food_icon} 보관 - 통치 도심,統治する州都内の{food_icon}貯蔵量,被治理的城镇的{food_icon}储量,治理城鎮的{food_icon}儲備,"{food_icon}, yönetilen Kent Merkezinde depolama",शासित शहर में {food_icon} स्टोरेज,Penyimpanan {food_icon} di Kota yang dipimpin
RealmStats.rs_governor_food_in_town_per_good.name,{food_icon} per produced good in governed Province,{food_icon} par marchandise produite dans la ville gouvernée,{food_icon} pro produzierter Ware in regierter Stadt,{food_icon} por bienes producidos en ciudad gobernada,{food_icon} za wytwarzany rodzaj środków w stolicy z namiestnikiem,{food_icon} за каждый производимый товар в управляемом городе,{food_icon} - 통치 도심 내 생산 상품 하나당,統治する州都内で生産される品1つあたりの{food_icon},被治理的城镇中产出的每种商品对应的{food_icon},治理城鎮中每一產出商品的{food_icon},"{food_icon}, yönetilen Kent Merkezinde üretilen ürün başına",शासित शहर में {food_icon} प्रति तैयार प्रोडक्ट,{food_icon} per barang diproduksi di Kota yang dipimpin
RealmStats.rs_governor_prod_food_flat.name,{food_icon} in governed Province,{food_icon} dans la ville,{food_icon} in der Stadt,{food_icon} en la ciudad,{food_icon} w stolicy,{food_icon} в городе,{food_icon} - 도심,州都内の{food_icon},城镇的{food_icon},{food_icon}在城鎮中,"{food_icon}, Kent Merkezinde",शहर में {food_icon},{food_icon} di Kota
RealmStats.rs_governor_prod_gold_flat.name,{gold_icon} in governed Province,{gold_icon} dans la ville,{gold_icon} in der Stadt,{gold_icon} en la ciudad,{gold_icon} w stolicy,{gold_icon} в городе,{gold_icon} - 도심,州都内の{gold_icon},城镇的{gold_icon},{gold_icon}在城鎮中,"{gold_icon}, Kent Merkezinde",शहर में {gold_icon},{gold_icon} di Kota
RealmStats.rs_governor_guards_in_keeps.name,{guard_icon} per castle in governed Province,{guard_icon} par château dans la province gouvernée,{guard_icon} pro Burg in regierter Provinz,{guard_icon} por castillo en provincia gobernada,{guard_icon} za każdy zamek w prowincji zarządzanej przez namiestnika,{guard_icon} за каждый замок в управляемой провинции,{guard_icon} - 통치 지역 내 성 하나당,統治する州の城1つあたりの{guard_icon},被治理的行省中的每一个城堡的{guard_icon},治理行省中每一城堡的{guard_icon},"{guard_icon}, yönetilen bölgede kale başına",शासित प्रांत में {guard_icon} प्रति किला,{guard_icon} per kastel di provinsi yang dipimpin
RealmStats.rs_governor_gold_per_village.name,{gold_icon} in Villages in governed Province,{gold_icon} dans les villages,{gold_icon} in Dörfern,{gold_icon} en pueblos,{gold_icon} w wioskach,{gold_icon} в деревнях,{gold_icon} - 마을,村の{gold_icon},村庄的{gold_icon},村莊的{gold_icon},"{gold_icon}, Köylerde",गांवों में {gold_icon},{gold_icon} di Desa
RealmStats.rs_governor_gold_per_good.name,{gold_icon} per Good produced in governed Province,{gold_icon} par marchandise produite,{gold_icon} pro produzierter Ware,{gold_icon} por bienes producidos,{gold_icon} za każdy rodzaj prod. środków,{gold_icon} за производимый товар,{gold_icon} - 생산 상품 하나당,生産品1つあたりの{gold_icon},生产的每种商品的{gold_icon},每一商品產出的{gold_icon},"{gold_icon}, Üretilen Ürün başına",{gold_icon} प्रति तैयार प्रोडक्ट,{gold_icon} per Barang diproduksi
RealmStats.rs_governor_books_university_or_madrasah.name,{books_icon} in governed Province with University/Madrasah,{books_icon} dans la ville gouvernée avec université/médersa,{books_icon} in regierter Stadt mit Universität/Medresse,{books_icon} en la ciudad gobernada con universidad/madrasa,{books_icon} w zarządzanej stolicy z uniwersytetem/medresą,"{books_icon} в управляемом городе, где есть университет или медресе",{books_icon} - 대학/마드라사가 있는 통치 도심,統治する大学/マドラサのある州都の{books_icon},拥有大学/伊斯兰学院的被治理的城镇的{books_icon},擁有大學/伊斯蘭學校的治理城鎮中的{books_icon},"{books_icon}, Üniversite/Medrese bulunan, yönetilen kent merkezinde",युनिवर्सिटी/मदरसे वाले शासित शहर में {books_icon},{books_icon} di kota yang dipimpin yang memiliki Universitas/Madrasah
RealmStats.rs_governor_books_church_or_masjid.name,{books_icon} in governed Province with Church/Masjid,{books_icon} dans la ville gouvernée avec église/mosquée,{books_icon} in regierter Stadt mit Kirche/Masjid,{books_icon} en la ciudad gobernada con iglesia/mezquita,{books_icon} w zarządzanej stolicy z kościołem/meczetem,"{books_icon} в управляемом городе, где есть церковь или мечеть",{books_icon} - 교회/모스크가 있는 통치 도심,統治する教会/モスクのある州都の{books_icon},拥有教堂/清真寺的被治理的城镇的{books_icon},擁有教堂/清真寺的治理城鎮中的{books_icon},"{books_icon}, Kilise/Mescit bulunan, yönetilen kent merkezinde",चर्च/मस्जिद वाले शासित शहर में {books_icon},{books_icon} di kota yang dipimpin yang memiliki Gereja/Masjid
RealmStats.rs_governor_books_cathedral_or_great_mosque.name,{books_icon} in governed Province with Cathedral/Great Mosque,{books_icon} dans la ville gouvernée avec cathédrale/grande mosquée,{books_icon} in regierter Stadt mit Kathedrale/Großer Moschee,{books_icon} en la ciudad gobernada con catedral/gran mezquita,{books_icon} w zarządzanej stolicy z katedrą / wielkim meczetem,"{books_icon} в управляемом городе, где есть собор или соборная мечеть",{books_icon} - 대성당/대모스크가 있는 통치 도심,統治する大聖堂/グレート・モスクのある州都の{books_icon},拥有大教堂/大清真寺的被治理的城镇的{books_icon},擁有大教堂/大清真寺的治理城鎮中的{books_icon},"{books_icon}, Katedral/Ulu Cami bulunan, yönetilen kent merkezinde",कैथेड्रल/बड़ी मस्जिद वाले शासित शहर में {books_icon},{books_icon} di kota yang dipimpin yang memiliki Katedral/Masjid Agung
NotGoverningStatus.status_text,[{preparing:if}{owner} is on his way to govern {target}.|{owner} is currently not governing a Province.{p}{p}Governing will not interrupt or forbid other character actions and greatly boosts the production of a province.]{p}{p}[{preparing:if}|{i}Click to assign as governor{/i}],[{preparing:if}{owner:def:cap} se prépare à gouverner {target:def}.|{owner:def:cap} ne gouverne aucune ville à l'heure actuelle.{p}{p}La gouvernance d'une ville n'interrompra pas les actions du personnage ni ne lui interdira d'en entreprendre de nouvelles. Elle augmentera par contre la production de la province.]{p}{p}[{preparing:if}|{i}Cliquez pour affecter en tant que gouverneur{/i}],"[{preparing:if}{owner} ist unterwegs, um {target:akk} zu regieren.|{owner} regiert derzeit keine Stadt.{p}{p}Das Regieren unterbricht oder verhindert andere Charakteraktionen nicht und erhöht die Produktion einer Provinz deutlich.]{p}{p}[{preparing:if}|{i}Klickt, um ihn als Statthalter zuzuweisen.{/i}]",[{preparing:if}{owner} está de camino para gobernar {target}.|{owner} no está gobernando actualmente ninguna ciudad.{p}{p}Gobernar no interrumpe o prohíbe la ejecución de acciones del personaje y aumenta significativamente la producción de una provincia.]{p}{p}[{preparing:if}|{i}Hacer clic para asignar como gobernador{/i}],"[{preparing:if}{owner} przygotowuje się do objęcia władzy namiestniczej w {target:Msc}.|{owner} nie jest obecnie namiestnikiem żadnego miasta.{p}{p}Zarządzanie miastem nie przerwie i nie uniemożliwi innych działań postaci, za to znacznie zwiększy możliwości produkcyjne w prowincji.]{p}{p}[{preparing:if}|{i}Kliknij, aby wyznaczyć namiestnika{/i}]","[{preparing:if}{owner} готовится принять управление городом {target}.|{owner} в настоящее время не правит никаким городом.{p}{p}Правление не прерывает и не запрещает других действий персонажа, зато существенно повышает производительность провинции.]{p}{p}[{preparing:if}|{i}Щелкните, чтобы назначить наместником{/i}]",[{preparing:if}{owner}(은)는 나름의 방식으로 {target}(을)를 통치하고 있습니다.|{owner}에게는 통치 중인 도심이 없습니다.{p}{p}통치 시 다른 인물의 행동을 방해하거나 금지하지 않으며 지역의 생산량을 대폭 향상합니다.]{p}{p}[{preparing:if}|{i}클릭하여 총독 임명{/i}],[{preparing:if}{owner}は{target}を統治しに向かっています。|{owner}は現在州都を統治していません。{p}{p}統治は他のキャラクターの行動を制限せず、州の生産を大きく向上させます。]{p}{p}[{preparing:if}|{i}領主として任命{/i}],[{preparing:if}{owner}正在前往治理{target}的路上。|{owner}目前没有在治理城镇。{p}{p}成为总督并不会打断或阻止相应角色的其他行动，还能够大幅提升一个行省的生产力。]{p}{p}[{preparing:if}|{i}点击来指派为总督{/i}],[{preparing:if}{owner}在治理{target}的路上。|{owner}目前未治理城鎮。{p}{p}治理時不會中止或禁止其他角色行動，並且會大幅提升行省產出。]{p}{p}[{preparing:if}|{i}點擊指派為總督{/i}],"[{preparing:if}{owner}, {target} yönetimi için yola çıktı.|{owner} şu anda bir kent merkezini yönetmiyor.{p}{p}Yönetim, diğer karakter işlemlerini kesintiye uğratmaz veya yasaklamaz ve bir bölgenin üretimini büyük ölçüde artırır.]{p}{p}[{preparing:if}|{i}Vali olarak atamak için tıkla{/i}]","[{preparing:if}{owner} {target} पर शासन करने की राह पर है.|{owner} अभी शहर पर शासन नहीं कर रहा है.{p}{p}शासन करने से दूसरे कैरेक्टर के ऐक्शन में न तो रुकावट आएगी और न ही उन्हें कोई भी ऐक्शन करने से रोका जाएगा, लेकिन इससे प्रांत के उत्पादन में ज़बरदस्त उछाल आता है.]{p}{p}[{preparing:if}|{i}गवर्नर के रूप में असाइन करने के लिए क्लिक करें{/i}]",[{preparing:if}{owner} sedang bersiap untuk memerintah {target}.|{owner} sedang tidak memerintah kota mana pun.{p}{p}Memerintah tidak akan mengganggu atau melarang tindakan karakter lain dan akan meningkatkan produksi suatu provinsi secara signifikan.]{p}{p}[{preparing:if}|{i}Klik untuk menunjuk sebagai gubernur{/i}]
NotGoverningTooltipHT.caption.text,[Preparing to govern {castle}|Not governing a Province],[Se prépare à gouverner {castle:def}|Ne gouverne pas de ville],"[Bereitet sich darauf vor, {castle} zu regieren|Regiert keine Stadt]",[Preparándose para gobernar {castle}|No está gobernando una ciudad],[Przygotowuje się do zarządzania {castle:N}|Nie jest namiestnikiem żadnego miasta],[Готовится управлять {castle:base_sub_ins}|Не управляет никаким городом],[{castle} 통치 준비 중|통치 중인 도심 없음],[{castle}の統治を準備している|州都の統治をしていない],[准备治理{castle}|未治理城镇],[準備治理{castle}|不治理城鎮],[{castle} yönetimine hazırlanıyor|Kent merkezi yönetmiyor],[{castle} का नियंत्रण लेने की तैयारी कर रहे हैं|किसी शहर को नियंत्रित नहीं कर रहे हैं],[Bersiap untuk memerintah {castle}|Tidak sedang memerintah kota]
NotGoverningTooltipHT.not_governing_descr.text,{governor} is currently not governing a Province.{p}{p}Governing will not interrupt or forbid other character actions and greatly boosts the production of a province.,{governor:def:cap} ne gouverne aucune ville à l'heure actuelle.{p}{p}La gouvernance d'une ville n'interrompra pas les actions du personnage ni ne lui interdira d'en entreprendre de nouvelles. Elle augmentera par contre la production de la province.,{governor} regiert aktuell keine Stadt.{p}{p}Das Regieren unterbricht keine weiteren Charakteraktionen und erhöht die Produktion einer Provinz deutlich.,{governor} no está gobernando actualmente ninguna ciudad.{p}{p}Gobernar no interrumpe ni prohíbe la ejecución de acciones del personaje y aumenta significativamente la producción de una provincia.,"{governor} nie jest obecnie namiestnikiem żadnego miasta.{p}{p}Zarządzanie miastem nie przerwie i nie uniemożliwi innych działań postaci, za to znacznie zwiększy możliwości produkcyjne w prowincji.","{governor} в настоящее время не правит никаким городом.{p}{p}Должность наместника не прерывает и не запрещает других действий персонажа, зато существенно повышает производительность провинции.","{governor}(이)가 통치 중인 도심이 없습니다.{p}{p}통치를 맡기면 다른 인물의 행동을 간섭하거나 금지하지 않으며, 지역의 생산량이 대폭 향상됩니다.",{governor}は現在州都を統治していません。{p}{p}統治は他のアクションを制限せず、州の生産を大きく向上させます,{governor}当前没有治理城镇。{p}{p}治理不会中断或禁止其他角色行动，并且会大幅提高行省的产量。,{governor}目前沒有在治理城鎮。{p}{p}治理不會中斷或禁止其他的角色行動，反而會大量促進行省的生產。,"{governor} şu anda bir kent merkezini yönetmiyor.{p}{p}Yönetim, diğer karakter işlemlerini kesintiye uğratmaz veya yasaklamaz ve bir bölgenin üretimini büyük ölçüde artırır.",फ़िलहाल {governor} किसी भी शहर का प्रशासन नहीं संभाल रहे हैं.{p}{p}प्रशासन का काम संभालने से दूसरे कैरेक्टर एक्शन्स में रुकावट नहीं आएगी और ना ही उनकी मनाही होगी और इससे प्रांत के उत्पादन को बहुत बढ़ावा मिलता है.,{governor} saat ini tidak sedang memerintah kota mana pun.{p}{p}Memerintah tidak akan mengganggu atau melarang tindakan karakter lainnya dan akan meningkatkan produksi suatu provinsi secara signifikan.
CharacterStats.cs_happiness_boost.name,Happiness in governed Province,Bonheur dans la ville gouvernée,Zufriedenheit in regierter Stadt,Felicidad en la ciudad gobernada,Zadowolenie w zarządzanej stolicy,Довольство населения в управляемом городе,통치 도심 만족도,統治する州都の幸福度,被治理的城镇的幸福度,受治理城鎮滿意度,Yönetilen kent merkezindeki mutluluk,शासित शहर में खुशी,Tingkat Kebahagiaan di Kota yang dipimpin
RealmStats.rs_governor_max_food_town.name,{food_icon} storage in governed Province,Stockage de {food_icon} dans la ville gouvernée,{food_icon}-Lager in regierter Stadt,Almacenamiento de {food_icon} en ciudad gobernada,{food_icon} składowana w stolicy z namiestnikiem,Запас {food_icon} в управляемом городе,{food_icon} 보관 - 통치 도심,統治する州都内の{food_icon}貯蔵量,被治理的城镇的{food_icon}储量,治理城鎮的{food_icon}儲備,"{food_icon}, yönetilen Kent Merkezinde depolama",शासित शहर में {food_icon} स्टोरेज,Penyimpanan {food_icon} di Kota yang dipimpin
RealmStats.rs_governor_books_university_or_madrasah.name,{books_icon} in governed Province with University/Madrasah,{books_icon} dans la ville gouvernée avec université/médersa,{books_icon} in regierter Stadt mit Universität/Medresse,{books_icon} en la ciudad gobernada con universidad/madrasa,{books_icon} w zarządzanej stolicy z uniwersytetem/medresą,"{books_icon} в управляемом городе, где есть университет или медресе",{books_icon} - 대학/마드라사가 있는 통치 도심,統治する大学/マドラサのある州都の{books_icon},拥有大学/伊斯兰学院的被治理的城镇的{books_icon},擁有大學/伊斯蘭學校的治理城鎮中的{books_icon},"{books_icon}, Üniversite/Medrese bulunan, yönetilen kent merkezinde",युनिवर्सिटी/मदरसे वाले शासित शहर में {books_icon},{books_icon} di kota yang dipimpin yang memiliki Universitas/Madrasah
RealmStats.rs_governor_books_church_or_masjid.name,{books_icon} in governed Province with Church/Masjid,{books_icon} dans la ville gouvernée avec église/mosquée,{books_icon} in regierter Stadt mit Kirche/Masjid,{books_icon} en la ciudad gobernada con iglesia/mezquita,{books_icon} w zarządzanej stolicy z kościołem/meczetem,"{books_icon} в управляемом городе, где есть церковь или мечеть",{books_icon} - 교회/모스크가 있는 통치 도심,統治する教会/モスクのある州都の{books_icon},拥有教堂/清真寺的被治理的城镇的{books_icon},擁有教堂/清真寺的治理城鎮中的{books_icon},"{books_icon}, Kilise/Mescit bulunan, yönetilen kent merkezinde",चर्च/मस्जिद वाले शासित शहर में {books_icon},{books_icon} di kota yang dipimpin yang memiliki Gereja/Masjid
RealmStats.rs_governor_books_cathedral_or_great_mosque.name,{books_icon} in governed Province with Cathedral/Great Mosque,{books_icon} dans la ville gouvernée avec cathédrale/grande mosquée,{books_icon} in regierter Stadt mit Kathedrale/Großer Moschee,{books_icon} en la ciudad gobernada con catedral/gran mezquita,{books_icon} w zarządzanej stolicy z katedrą / wielkim meczetem,"{books_icon} в управляемом городе, где есть собор или соборная мечеть",{books_icon} - 대성당/대모스크가 있는 통치 도심,統治する大聖堂/グレート・モスクのある州都の{books_icon},拥有大教堂/大清真寺的被治理的城镇的{books_icon},擁有大教堂/大清真寺的治理城鎮中的{books_icon},"{books_icon}, Katedral/Ulu Cami bulunan, yönetilen kent merkezinde",कैथेड्रल/बड़ी मस्जिद वाले शासित शहर में {books_icon},{books_icon} di kota yang dipimpin yang memiliki Katedral/Masjid Agung
RealmStats.rs_governor_books_university_or_madrasah.name,{books_icon} in governed Province with University/Madrasah,{books_icon} dans la ville gouvernée avec université/médersa,{books_icon} in regierter Stadt mit Universität/Medresse,{books_icon} en la ciudad gobernada con universidad/madrasa,{books_icon} w zarządzanej stolicy z uniwersytetem/medresą,"{books_icon} в управляемом городе, где есть университет или медресе",{books_icon} - 대학/마드라사가 있는 통치 도심,統治する大学/マドラサのある州都の{books_icon},拥有大学/伊斯兰学院的被治理的城镇的{books_icon},擁有大學/伊斯蘭學校的治理城鎮中的{books_icon},"{books_icon}, Üniversite/Medrese bulunan, yönetilen kent merkezinde",युनिवर्सिटी/मदरसे वाले शासित शहर में {books_icon},{books_icon} di kota yang dipimpin yang memiliki Universitas/Madrasah
RealmStats.rs_governor_books_church_or_masjid.name,{books_icon} in governed Province with Church/Masjid,{books_icon} dans la ville gouvernée avec église/mosquée,{books_icon} in regierter Stadt mit Kirche/Masjid,{books_icon} en la ciudad gobernada con iglesia/mezquita,{books_icon} w zarządzanej stolicy z kościołem/meczetem,"{books_icon} в управляемом городе, где есть церковь или мечеть",{books_icon} - 교회/모스크가 있는 통치 도심,統治する教会/モスクのある州都の{books_icon},拥有教堂/清真寺的被治理的城镇的{books_icon},擁有教堂/清真寺的治理城鎮中的{books_icon},"{books_icon}, Kilise/Mescit bulunan, yönetilen kent merkezinde",चर्च/मस्जिद वाले शासित शहर में {books_icon},{books_icon} di kota yang dipimpin yang memiliki Gereja/Masjid
RealmStats.rs_governor_books_cathedral_or_great_mosque.name,{books_icon} in governed Province with Cathedral/Great Mosque,{books_icon} dans la ville gouvernée avec cathédrale/grande mosquée,{books_icon} in regierter Stadt mit Kathedrale/Großer Moschee,{books_icon} en la ciudad gobernada con catedral/gran mezquita,{books_icon} w zarządzanej stolicy z katedrą / wielkim meczetem,"{books_icon} в управляемом городе, где есть собор или соборная мечеть",{books_icon} - 대성당/대모스크가 있는 통치 도심,統治する大聖堂/グレート・モスクのある州都の{books_icon},拥有大教堂/大清真寺的被治理的城镇的{books_icon},擁有大教堂/大清真寺的治理城鎮中的{books_icon},"{books_icon}, Katedral/Ulu Cami bulunan, yönetilen kent merkezinde",कैथेड्रल/बड़ी मस्जिद वाले शासित शहर में {books_icon},{books_icon} di kota yang dipimpin yang memiliki Katedral/Masjid Agung
KingdomStats.ks_stability.name,"Kingdom Stability","Stabilité","Stabilität","Estabilidad","Ład","Стабильность","안정도","秩序","稳定度","穩定度","İstikrar","स्थिरता","Stabilitas"
KingdomStats.ks_defeated_rebellion.name,"Kingdom Stability","Stabilité","Stabilität","Estabilidad","Ład","Стабильность","안정도","秩序","稳定度","穩定度","İstikrar","स्थिरता","Stabilitas"
KingdomStats.ks_stability_from_opinions.name,"Kingdom Stability","Stabilité","Stabilität","Estabilidad","Ład","Стабильность","안정도","秩序","稳定度","穩定度","İstikrar","स्थिरता","Stabilitas"
KingdomStats.ks_stability_religion.name,"Kingdom Stability","Stabilité","Stabilität","Estabilidad","Ład","Стабильность","안정도","秩序","稳定度","穩定度","İstikrar","स्थिरता","Stabilitas"
Stats.mod_text,"{value} [{zero_value:if}{clr:gray}]{name}[{stat_def.hide_multiplier:if_not} {clr:gray}(x{multiplier}){/clr}][{mod_def.per_level_value:if}, depends on char. lvl][ {condition_text}][{zero_value:if}{/clr}]","{value} [{zero_value:if}{clr:gray}]{name}[{stat_def.hide_multiplier:if_not} {clr:gray}(×{multiplier}){/clr}][{mod_def.per_level_value:if}, dépend du niveau du personnage][ {condition_text}][{zero_value:if}{/clr}]","{value} [{zero_value:if}{clr:gray}]{name}[{stat_def.hide_multiplier:if_not} {clr:gray}(x{multiplier}){/clr}][{mod_def.per_level_value:if}, abhängig von der Charakterstufe][ {condition_text}][{zero_value:if}{/clr}]",{value} [{zero_value:if}{clr:gray}]{name}[{stat_def.hide_multiplier:if_not} {clr:gray}(x{multiplier}){/clr}][{mod_def.per_level_value:if} depende del nivel de personaje][ {condition_text}][{zero_value:if}{/clr}],"{value}: [{zero_value:if}{clr:gray}]{name}[{stat_def.hide_multiplier:if_not} {clr:gray}(x{multiplier}){/clr}][{mod_def.per_level_value:if}, w zależności od poziomu][ {condition_text}][{zero_value:if}{/clr}]","{value} [{zero_value:if}{clr:gray}]{name}[{stat_def.hide_multiplier:if_not} {clr:gray}(x{multiplier}){/clr}][{mod_def.per_level_value:if}, зависит от уровня персонажа][ {condition_text}][{zero_value:if}{/clr}]",{value} [{zero_value:if}{clr:gray}]{name}[{stat_def.hide_multiplier:if_not} {clr:gray}(x{multiplier}){/clr}][{mod_def.per_level_value:if}(캐릭터 레벨에 따라)][ {condition_text}][{zero_value:if}{/clr}],{value} [{zero_value:if}{clr:gray}]{name}[{stat_def.hide_multiplier:if_not} {clr:gray}(x{multiplier}){/clr}][{mod_def.per_level_value:if}キャラクターレベルによる][ {condition_text}][{zero_value:if}{/clr}],{value}[{zero_value:if}{clr:gray}]{name}[{stat_def.hide_multiplier:if_not}{clr:gray}（x{multiplier}）{/clr}][{mod_def.per_level_value:if}，取决于角色等级][{condition_text}][{zero_value:if}{/clr}],{value}[{zero_value:if}{clr:gray}]{name}[{stat_def.hide_multiplier:if_not}{clr:gray}（x{multiplier}）{/clr}][{mod_def.per_level_value:if}，取決於角色等級][{condition_text}][{zero_value:if}{/clr}],"{value} [{zero_value:if}{clr:gray}]{name}[{stat_def.hide_multiplier:if_not} {clr:gray}(x{multiplier}){/clr}][{mod_def.per_level_value:if}, karakter seviyesine göre değişir][ {condition_text}][{zero_value:if}{/clr}]","{value} [{zero_value:if}{clr:gray}]{name}[{stat_def.hide_multiplier:if_not} {clr:gray}(x{multiplier}){/clr}][{mod_def.per_level_value:if}, कैरेक्टर के लेवल पर निर्भर करता है][{condition_text}][{zero_value:if}{/clr}]","{value} [{zero_value:if}{clr:gray}]{name}[{stat_def.hide_multiplier:if_not} {clr:gray}(x{multiplier}){/clr}][{mod_def.per_level_value:if}, tergantung level karakter][ {condition_text}][{zero_value:if}{/clr}]"
ConvertProvinceReligionAction.name,Mission ([{kingdom.religion:ism}|our religion])[ in {target}],Prêcher [{kingdom.religion:ismdef}|notre religion][ {target:empl}],Mission ([{kingdom.religion:ismakk}|unsere Religion])[ {target:prepin}],Predicar [{kingdom.religion:ism}|nuestra religión][ en {target}],Szerz [{kingdom.religion}|naszą religię][ w {target:Msc}],Проповедовать [{kingdom.religion:ism}|нашу религию][ в {target:base_sub_pre}],[{target}에] [{kingdom.religion:ism}|종교] 전파,[{kingdom.religion:ism}|宗教]を伝道：[{target}],[在{target}]传播[{kingdom.religion:ism}|我们的宗教],傳佈[{kingdom.religion:ism}|我方宗教][於{target}],[{target} Topraklarında ][{kingdom.religion:ism} için|dinimiz için] vaaz ver,[{kingdom.religion}|हमारे धर्म] का प्रचार [{target} में] करें,Sebarkan ajaran [{kingdom.religion:ism}|agama kita][ di {target}]
ConvertVassalReligionAction.name,Mission ([{kingdom.religion:ism}|our religion])[ in {target}],Prêcher [{kingdom.religion:ismdef}|notre religion][ {target:empl}],Mission ([{kingdom.religion:ismakk}|unsere Religion])[ {target:prepin}].,Predicar [{kingdom.religion:ism}|nuestra religión][ en {target}],Szerz [{kingdom.religion:ism}|naszą religię] [w {target:Msc}],Проповедовать [{kingdom.religion:ism}|нашу религию][ в {target:base_sub_pre}],[{target}에] [{kingdom.religion:ism}|종교] 전파,[{kingdom.religion:ism}|宗教]を伝道：[{target}],[在{target}]传播[{kingdom.religion:ism}|我们的宗教],[在{target}]宣揚[{kingdom.religion:ism}|我方宗教],[{target} konumunda ][{kingdom.religion:ism} dinini|dinimizi] vaaz et,[{kingdom.religion:ism}|हमारे धर्म] का प्रचार [{target} में] करें,Sebarkan [{kingdom.religion:ism}|agama kita][ di {target}]
ClericPreachAction.name,Preach,Étude,Predigen,Estudiar,Edukacja,Учиться,연구,知識獲得,研习,學習,Çalışma,पढ़ाई करें,Belajar
ClericPreachAction.tooltip,Have {owner} travel troughout our lands to preach ([{kingdom.religion:ism}|our religion]) and increase the belief of our population. [ ({piety_income}{piety_icon})].,Ordonnez {owner:à} d'étudier dans des royaumes étrangers et d'accroître nos connaissances[ ({income.books:bonus}{books_icon})].,"Entsendet {owner} in fremde Königreiche, um dort zu lernen und unser Wissen zu erweitern[ ({income.books:bonus}{books_icon})].",Enviar a {owner} a aprender en reinos extranjeros y a expandir nuestro conocimiento[ ({income.books:bonus}{books_icon})].,"Wyślij {owner:B}, by pobierał nauki w zagranicznych królestwach i przekazał nam wiedzę[ ({income.books:bonus}{books_icon})].",Отправить {owner} учиться в иноземных королевствах и расширять наши познания[ ({income.books:bonus}{books_icon})].,{owner}(을)를 타국에 보내 공부하고 자국의 지식을 넓히도록 명령합니다[({income.books:bonus}{books_icon})].,{owner}を他国に派遣して学ばせ、我が国の知見を広めます[({income.books:bonus}{books_icon})],派{owner}去其他王国学习，拓展我们的知识[（{income.books:bonus}{books_icon}）]。,派{owner}前往外國王國學習，開拓我們的知識[（{income.books:bonus}{books_icon}）]。,"{owner}, yabancı krallıklara çalışmaya ve bilgilerimizi geliştirmeye gitsin[ ({income.books:bonus}{books_icon})].",{owner} को पढ़ने के लिए विदेशी किंगडम भेजें ताकि वो हमारे ज्ञान का दायरा बढ़ा सके[ ({income.books:bonus}{books_icon})].,Utus {owner} untuk belajar di kerajaan asing dan memperluas wawasannya[ ({income.books:bonus}{books_icon})].
ClericPreachAction.prepare_status_text,{owner} is travelling troughout our lands to preach.,"{owner:def:cap} se rend {target:empl} pour étudier.[{p}Lorsqu'il sera arrivé, son séjour entraînera des frais d'entretien de {OnStudyStatus.upkeep}.]","{owner} reist zum Studium {target:movto}.[{p}Sobald er ankommt, benötigt er einen regelmäßigen Unterhalt von {OnStudyStatus.upkeep}.]","{owner} está viajando a {target} para estudiar.[{p}Cuando llegue, habrá que pagar un mantenimiento de {OnStudyStatus.upkeep}.]","{owner:cap} podróżuje obecnie do {target:D}, aby zdobywać wiedzę.[{p}Kiedy dotrze na miejsce, będziemy pokrywać koszty utrzymania równe {OnStudyStatus.upkeep}.]","{owner} отправляется в {target:base_sub_acc}, чтобы учиться.[{p}Когда он туда доберется, мы будем оплачивать его содержание: {OnStudyStatus.upkeep}.]",{owner}(은)는 공부를 위해 {target}(으)로 가고 있습니다.[{p}도착하면 {OnStudyStatus.upkeep} 만큼의 유지비가 필요합니다.],{owner}は調査のために{target}に移動中です[{p}到着次第、{OnStudyStatus.upkeep}の維持費がかかります],{owner}正在前往{target}考察学习。[{p}当他抵达之后，我们将需要支付{OnStudyStatus.upkeep}的维护费用。],{owner}正前往{target}進行研究。[{p}當他抵達後，他會需要{OnStudyStatus.upkeep}的維持費。],"{owner}, çalışmak için {target} topraklarına gidiyor.[{p}Oraya ulaştığında {OnStudyStatus.upkeep} bakım masrafı olacak.]",{owner} पढ़ने के लिए {target} का सफ़र कर रहा है.[{p}वहां पहुंचने पर उसे {OnStudyStatus.upkeep} के रखरखाव की ज़रूरत पड़ेगी.],"{owner} sedang menuju {target} untuk belajar.[{p}Setelah tiba, dia akan memerlukan biaya operasional {OnStudyStatus.upkeep}.]"
ClericPreachAction.outcomes.success.message.src_kingdom.caption,Cleric's travels finished,{owner.kingdom.cleric_title:def:cap} est arrivé {target:empl},{owner.kingdom.cleric_title} ist in {target} angekommen,Nuestro {owner.kingdom.cleric_title} ha llegado a {target},{owner.kingdom.cleric_title:cap} przybył do {target:D},{owner.kingdom.cleric_title} прибыл в {target:base_sub_acc},{owner.kingdom.cleric_title}의 {target} 도착,{owner.kingdom.cleric_title}が{target}に到着,{owner.kingdom.cleric_title}抵达了{target},{owner.kingdom.cleric_title}抵達了{target},"{owner.kingdom.cleric_title}, {target} topraklarına ulaştı",{owner.kingdom.cleric_title} {target} आ गया,{owner.kingdom.cleric_title} telah tiba di {target}
ClericPreachAction.outcomes.success.message.src_kingdom.text,{owner} finished his travels troughout our lands. He successfully preached to our population to increase our kingdom's piety.,"{owner:def:cap} est arrivé {target:empl}, où il a été logé. Il peut maintenant étudier dans les splendides bibliothèques et acquérir de précieuses connaissances auprès des érudits {target.kingdom:s}.","{owner} hat {target} erreicht, wo man ihn beherbergt. Er kann jetzt in ihren großen Bibliotheken lernen und das kostbare Wissen der Gelehrten {target.kingdom:gen} studieren.","{owner} ha llegado a {target}, donde le dieron alojamiento. Ahora puede estudiar en sus grandes bibliotecas y obtener conocimientos valiosos de los eruditos {target.kingdom:os}.","{owner:cap} dotarł do {target:D}, gdzie może teraz zgłębiać wiedzę, korzystając z zasobów wielkich bibliotek i mądrości uczonych z {target.kingdom:D}.","{owner} добрался до {target:base_sub_gen} и уже обустроился там. Теперь он сможет приобщиться к знаниям, хранящимся в тамошних библиотеках, под наставничеством {target.kingdom:base_adj_pl_gen} ученых.",{owner}(이)가 {target}에 도착해 숙소를 잡았습니다. 이제부터 그들의 거대한 도서관에서 공부하고 {target.kingdom:ian} 학자들의 귀중한 지식을 전수받을 수 있습니다.,{owner}が{target}に到着し、迎え入れられました。{target}の大図書館で学び、{target.kingdom:ian}人学者たちの貴重な知識を得られるようになりました,{owner}抵达了{target}，他要在那边住一阵子。他可以在他们的宏伟图书馆中研究学习，并且从{target.kingdom:ian}的学者那里获取珍贵的知识。,{owner}抵達了{target}，並居住在哪裡。他現在可以在他們壯觀的圖書館中學習，並從{target.kingdom:ian}學者身上學到寶貴的知識。,"{owner}, {target} topraklarına ulaştı ve orada kalacak. Artık bölgedeki büyük kütüphanelerde çalışma yapabilir ve {target.kingdom:ian} alimlerinden önemli bilgiler alabilir.",{owner} {target} पहुंच गया जहां उसे ठहराया गया. अब वो उनकी महान लाइब्रेरी में पढ़ाई कर सकता है और {target.kingdom:ian} विद्वानों से अनमोल ज्ञान हासिल कर सकता है.,{owner} telah sampai di {target} dan diberi penginapan. Kini dia bisa belajar di perpustakaan besar mereka dan menerima pengetahuan dari para ulama {target.kingdom:ian}.
DiplomatTeachAction.name,Spread Knowledge,Étude,Predigen,Estudiar,Edukacja,Учиться,연구,知識獲得,研习,學習,Çalışma,पढ़ाई करें,Belajar
DiplomatTeachAction.tooltip,Have {owner} spread the knowledge he learned from his travels and contacts from other kingdoms. [ ({book_income}{books_icon})].,Ordonnez {owner:à} d'étudier dans des royaumes étrangers et d'accroître nos connaissances[ ({income.books:bonus}{books_icon})].,"Entsendet {owner} in fremde Königreiche, um dort zu lernen und unser Wissen zu erweitern[ ({income.books:bonus}{books_icon})].",Enviar a {owner} a aprender en reinos extranjeros y a expandir nuestro conocimiento[ ({income.books:bonus}{books_icon})].,"Wyślij {owner:B}, by pobierał nauki w zagranicznych królestwach i przekazał nam wiedzę[ ({income.books:bonus}{books_icon})].",Отправить {owner} учиться в иноземных королевствах и расширять наши познания[ ({income.books:bonus}{books_icon})].,{owner}(을)를 타국에 보내 공부하고 자국의 지식을 넓히도록 명령합니다[({income.books:bonus}{books_icon})].,{owner}を他国に派遣して学ばせ、我が国の知見を広めます[({income.books:bonus}{books_icon})],派{owner}去其他王国学习，拓展我们的知识[（{income.books:bonus}{books_icon}）]。,派{owner}前往外國王國學習，開拓我們的知識[（{income.books:bonus}{books_icon}）]。,"{owner}, yabancı krallıklara çalışmaya ve bilgilerimizi geliştirmeye gitsin[ ({income.books:bonus}{books_icon})].",{owner} को पढ़ने के लिए विदेशी किंगडम भेजें ताकि वो हमारे ज्ञान का दायरा बढ़ा सके[ ({income.books:bonus}{books_icon})].,Utus {owner} untuk belajar di kerajaan asing dan memperluas wawasannya[ ({income.books:bonus}{books_icon})].
DiplomatTeachAction.prepare_status_text,{owner} is spreading knowledge in our kingdom.,"{owner:def:cap} se rend {target:empl} pour étudier.[{p}Lorsqu'il sera arrivé, son séjour entraînera des frais d'entretien de {OnStudyStatus.upkeep}.]","{owner} reist zum Studium {target:movto}.[{p}Sobald er ankommt, benötigt er einen regelmäßigen Unterhalt von {OnStudyStatus.upkeep}.]","{owner} está viajando a {target} para estudiar.[{p}Cuando llegue, habrá que pagar un mantenimiento de {OnStudyStatus.upkeep}.]","{owner:cap} podróżuje obecnie do {target:D}, aby zdobywać wiedzę.[{p}Kiedy dotrze na miejsce, będziemy pokrywać koszty utrzymania równe {OnStudyStatus.upkeep}.]","{owner} отправляется в {target:base_sub_acc}, чтобы учиться.[{p}Когда он туда доберется, мы будем оплачивать его содержание: {OnStudyStatus.upkeep}.]",{owner}(은)는 공부를 위해 {target}(으)로 가고 있습니다.[{p}도착하면 {OnStudyStatus.upkeep} 만큼의 유지비가 필요합니다.],{owner}は調査のために{target}に移動中です[{p}到着次第、{OnStudyStatus.upkeep}の維持費がかかります],{owner}正在前往{target}考察学习。[{p}当他抵达之后，我们将需要支付{OnStudyStatus.upkeep}的维护费用。],{owner}正前往{target}進行研究。[{p}當他抵達後，他會需要{OnStudyStatus.upkeep}的維持費。],"{owner}, çalışmak için {target} topraklarına gidiyor.[{p}Oraya ulaştığında {OnStudyStatus.upkeep} bakım masrafı olacak.]",{owner} पढ़ने के लिए {target} का सफ़र कर रहा है.[{p}वहां पहुंचने पर उसे {OnStudyStatus.upkeep} के रखरखाव की ज़रूरत पड़ेगी.],"{owner} sedang menuju {target} untuk belajar.[{p}Setelah tiba, dia akan memerlukan biaya operasional {OnStudyStatus.upkeep}.]"
DiplomatTeachAction.outcomes.success.message.src_kingdom.caption,Diplomats finished spreading knowledge,{owner.kingdom.cleric_title:def:cap} est arrivé {target:empl},{owner.kingdom.cleric_title} ist in {target} angekommen,Nuestro {owner.kingdom.cleric_title} ha llegado a {target},{owner.kingdom.cleric_title:cap} przybył do {target:D},{owner.kingdom.cleric_title} прибыл в {target:base_sub_acc},{owner.kingdom.cleric_title}의 {target} 도착,{owner.kingdom.cleric_title}が{target}に到着,{owner.kingdom.cleric_title}抵达了{target},{owner.kingdom.cleric_title}抵達了{target},"{owner.kingdom.cleric_title}, {target} topraklarına ulaştı",{owner.kingdom.cleric_title} {target} आ गया,{owner.kingdom.cleric_title} telah tiba di {target}
DiplomatTeachAction.outcomes.success.message.src_kingdom.text,"{owner} finished sharing is knowledge, increasing our kingdom's books.","{owner:def:cap} est arrivé {target:empl}, où il a été logé. Il peut maintenant étudier dans les splendides bibliothèques et acquérir de précieuses connaissances auprès des érudits {target.kingdom:s}.","{owner} hat {target} erreicht, wo man ihn beherbergt. Er kann jetzt in ihren großen Bibliotheken lernen und das kostbare Wissen der Gelehrten {target.kingdom:gen} studieren.","{owner} ha llegado a {target}, donde le dieron alojamiento. Ahora puede estudiar en sus grandes bibliotecas y obtener conocimientos valiosos de los eruditos {target.kingdom:os}.","{owner:cap} dotarł do {target:D}, gdzie może teraz zgłębiać wiedzę, korzystając z zasobów wielkich bibliotek i mądrości uczonych z {target.kingdom:D}.","{owner} добрался до {target:base_sub_gen} и уже обустроился там. Теперь он сможет приобщиться к знаниям, хранящимся в тамошних библиотеках, под наставничеством {target.kingdom:base_adj_pl_gen} ученых.",{owner}(이)가 {target}에 도착해 숙소를 잡았습니다. 이제부터 그들의 거대한 도서관에서 공부하고 {target.kingdom:ian} 학자들의 귀중한 지식을 전수받을 수 있습니다.,{owner}が{target}に到着し、迎え入れられました。{target}の大図書館で学び、{target.kingdom:ian}人学者たちの貴重な知識を得られるようになりました,{owner}抵达了{target}，他要在那边住一阵子。他可以在他们的宏伟图书馆中研究学习，并且从{target.kingdom:ian}的学者那里获取珍贵的知识。,{owner}抵達了{target}，並居住在哪裡。他現在可以在他們壯觀的圖書館中學習，並從{target.kingdom:ian}學者身上學到寶貴的知識。,"{owner}, {target} topraklarına ulaştı ve orada kalacak. Artık bölgedeki büyük kütüphanelerde çalışma yapabilir ve {target.kingdom:ian} alimlerinden önemli bilgiler alabilir.",{owner} {target} पहुंच गया जहां उसे ठहराया गया. अब वो उनकी महान लाइब्रेरी में पढ़ाई कर सकता है और {target.kingdom:ian} विद्वानों से अनमोल ज्ञान हासिल कर सकता है.,{owner} telah sampai di {target} dan diberi penginapan. Kini dia bisa belajar di perpustakaan besar mereka dan menerima pengetahuan dari para ulama {target.kingdom:ian}.
SpyHuntCorruptionAction.name,Hunt for Corruption,Étude,Predigen,Estudiar,Edukacja,Учиться,연구,知識獲得,研习,學習,Çalışma,पढ़ाई करें,Belajar
SpyHuntCorruptionAction.tooltip,Instruct {owner} to gather some of the kingdom's levies and compel those within our realm who shirk their dues—be they idle peasants or corrupt officials—to fulfill their obligations [ ({gold_income}{gold_icon})].,Ordonnez {owner:à} d'étudier dans des royaumes étrangers et d'accroître nos connaissances[ ({income.books:bonus}{books_icon})].,"Entsendet {owner} in fremde Königreiche, um dort zu lernen und unser Wissen zu erweitern[ ({income.books:bonus}{books_icon})].",Enviar a {owner} a aprender en reinos extranjeros y a expandir nuestro conocimiento[ ({income.books:bonus}{books_icon})].,"Wyślij {owner:B}, by pobierał nauki w zagranicznych królestwach i przekazał nam wiedzę[ ({income.books:bonus}{books_icon})].",Отправить {owner} учиться в иноземных королевствах и расширять наши познания[ ({income.books:bonus}{books_icon})].,{owner}(을)를 타국에 보내 공부하고 자국의 지식을 넓히도록 명령합니다[({income.books:bonus}{books_icon})].,{owner}を他国に派遣して学ばせ、我が国の知見を広めます[({income.books:bonus}{books_icon})],派{owner}去其他王国学习，拓展我们的知识[（{income.books:bonus}{books_icon}）]。,派{owner}前往外國王國學習，開拓我們的知識[（{income.books:bonus}{books_icon}）]。,"{owner}, yabancı krallıklara çalışmaya ve bilgilerimizi geliştirmeye gitsin[ ({income.books:bonus}{books_icon})].",{owner} को पढ़ने के लिए विदेशी किंगडम भेजें ताकि वो हमारे ज्ञान का दायरा बढ़ा सके[ ({income.books:bonus}{books_icon})].,Utus {owner} untuk belajar di kerajaan asing dan memperluas wawasannya[ ({income.books:bonus}{books_icon})].
SpyHuntCorruptionAction.prepare_status_text,{owner} is hunting corruption in our kingdom.,"{owner:def:cap} se rend {target:empl} pour étudier.[{p}Lorsqu'il sera arrivé, son séjour entraînera des frais d'entretien de {OnStudyStatus.upkeep}.]","{owner} reist zum Studium {target:movto}.[{p}Sobald er ankommt, benötigt er einen regelmäßigen Unterhalt von {OnStudyStatus.upkeep}.]","{owner} está viajando a {target} para estudiar.[{p}Cuando llegue, habrá que pagar un mantenimiento de {OnStudyStatus.upkeep}.]","{owner:cap} podróżuje obecnie do {target:D}, aby zdobywać wiedzę.[{p}Kiedy dotrze na miejsce, będziemy pokrywać koszty utrzymania równe {OnStudyStatus.upkeep}.]","{owner} отправляется в {target:base_sub_acc}, чтобы учиться.[{p}Когда он туда доберется, мы будем оплачивать его содержание: {OnStudyStatus.upkeep}.]",{owner}(은)는 공부를 위해 {target}(으)로 가고 있습니다.[{p}도착하면 {OnStudyStatus.upkeep} 만큼의 유지비가 필요합니다.],{owner}は調査のために{target}に移動中です[{p}到着次第、{OnStudyStatus.upkeep}の維持費がかかります],{owner}正在前往{target}考察学习。[{p}当他抵达之后，我们将需要支付{OnStudyStatus.upkeep}的维护费用。],{owner}正前往{target}進行研究。[{p}當他抵達後，他會需要{OnStudyStatus.upkeep}的維持費。],"{owner}, çalışmak için {target} topraklarına gidiyor.[{p}Oraya ulaştığında {OnStudyStatus.upkeep} bakım masrafı olacak.]",{owner} पढ़ने के लिए {target} का सफ़र कर रहा है.[{p}वहां पहुंचने पर उसे {OnStudyStatus.upkeep} के रखरखाव की ज़रूरत पड़ेगी.],"{owner} sedang menuju {target} untuk belajar.[{p}Setelah tiba, dia akan memerlukan biaya operasional {OnStudyStatus.upkeep}.]"
SpyHuntCorruptionAction.outcomes.success.message.src_kingdom.caption,Spy successfully cleansed corruption,{owner.kingdom.cleric_title:def:cap} est arrivé {target:empl},{owner.kingdom.cleric_title} ist in {target} angekommen,Nuestro {owner.kingdom.cleric_title} ha llegado a {target},{owner.kingdom.cleric_title:cap} przybył do {target:D},{owner.kingdom.cleric_title} прибыл в {target:base_sub_acc},{owner.kingdom.cleric_title}의 {target} 도착,{owner.kingdom.cleric_title}が{target}に到着,{owner.kingdom.cleric_title}抵达了{target},{owner.kingdom.cleric_title}抵達了{target},"{owner.kingdom.cleric_title}, {target} topraklarına ulaştı",{owner.kingdom.cleric_title} {target} आ गया,{owner.kingdom.cleric_title} telah tiba di {target}
SpyHuntCorruptionAction.outcomes.success.message.src_kingdom.text,"{owner} has successfully 'convinced' both peasants and officials to honor their obligations, increasing our kingdom's treasury.","{owner:def:cap} est arrivé {target:empl}, où il a été logé. Il peut maintenant étudier dans les splendides bibliothèques et acquérir de précieuses connaissances auprès des érudits {target.kingdom:s}.","{owner} hat {target} erreicht, wo man ihn beherbergt. Er kann jetzt in ihren großen Bibliotheken lernen und das kostbare Wissen der Gelehrten {target.kingdom:gen} studieren.","{owner} ha llegado a {target}, donde le dieron alojamiento. Ahora puede estudiar en sus grandes bibliotecas y obtener conocimientos valiosos de los eruditos {target.kingdom:os}.","{owner:cap} dotarł do {target:D}, gdzie może teraz zgłębiać wiedzę, korzystając z zasobów wielkich bibliotek i mądrości uczonych z {target.kingdom:D}.","{owner} добрался до {target:base_sub_gen} и уже обустроился там. Теперь он сможет приобщиться к знаниям, хранящимся в тамошних библиотеках, под наставничеством {target.kingdom:base_adj_pl_gen} ученых.",{owner}(이)가 {target}에 도착해 숙소를 잡았습니다. 이제부터 그들의 거대한 도서관에서 공부하고 {target.kingdom:ian} 학자들의 귀중한 지식을 전수받을 수 있습니다.,{owner}が{target}に到着し、迎え入れられました。{target}の大図書館で学び、{target.kingdom:ian}人学者たちの貴重な知識を得られるようになりました,{owner}抵达了{target}，他要在那边住一阵子。他可以在他们的宏伟图书馆中研究学习，并且从{target.kingdom:ian}的学者那里获取珍贵的知识。,{owner}抵達了{target}，並居住在哪裡。他現在可以在他們壯觀的圖書館中學習，並從{target.kingdom:ian}學者身上學到寶貴的知識。,"{owner}, {target} topraklarına ulaştı ve orada kalacak. Artık bölgedeki büyük kütüphanelerde çalışma yapabilir ve {target.kingdom:ian} alimlerinden önemli bilgiler alabilir.",{owner} {target} पहुंच गया जहां उसे ठहराया गया. अब वो उनकी महान लाइब्रेरी में पढ़ाई कर सकता है और {target.kingdom:ian} विद्वानों से अनमोल ज्ञान हासिल कर सकता है.,{owner} telah sampai di {target} dan diberi penginapan. Kini dia bisa belajar di perpustakaan besar mereka dan menerima pengetahuan dari para ulama {target.kingdom:ian}.
Horses.name,"Horse Breeding","Élevage de chevaux","Pferdezucht","Cría de caballos","Hodowla koni","Коневодство","말 사육","馬の育成","马匹繁育","養馬業","At Yetiştiriciliği","घोड़ों का पालन","Peternakan Kuda"
Horses.tooltip,"Horse breeding enables the development of fast cavalry and provides high-quality animals for war, transportation, and prestige. Certain regions are known for horse breeds that are particularly enduring or strong.","L'élevage de chevaux permet de développer une cavalerie rapide et fournit des animaux de haute qualité pour la guerre, le transport et le prestige. Certaines régions sont connues pour des races de chevaux particulièrement endurantes ou fortes.","Die Pferdezucht ermöglicht die Entwicklung schneller Kavallerie und liefert hochwertige Tiere für Krieg, Transport und Prestige. Bestimmte Regionen sind für besonders ausdauernde oder starke Pferderassen bekannt.","La cría de caballos permite desarrollar caballería rápida y proporciona animales de alta calidad para la guerra, el transporte y el prestigio. Ciertas regiones son conocidas por razas de caballos particularmente resistentes o fuertes.","Hodowla koni umożliwia rozwój szybkiej kawalerii i zapewnia wysokiej jakości zwierzęta do wojny, transportu i prestiżu. Niektóre regiony są znane z ras koni szczególnie wytrzymałych lub silnych.","Коневодство позволяет создавать быструю кавалерию и обеспечивает высококачественных животных для войны, транспорта и престижа. Некоторые регионы известны породами лошадей, которые особенно выносливы или сильны.","말 사육은 빠른 기병대 개발을 가능하게 하고 전쟁, 운송 및 위신을 위한 고품질 동물을 제공합니다. 특정 지역은 특히 지구력이 강하거나 힘이 센 말 품종으로 유명합니다.","馬の育成は高速騎兵の開発を可能にし、戦争、輸送、威信のための高品質な動物を提供する。特定の地域は、特に持久力があるか強い馬の品種で知られている","马匹繁育能够发展快速骑兵，并提供用于战争、运输和威望的高品质动物。某些地区以特别耐久或强壮的马种而闻名。","養馬業能夠發展快速騎兵，並提供用於戰爭、運輸和威望的高品質動物。某些地區以特別持久或強壯的馬種而聞名。","At yetiştiriciliği hızlı süvari geliştirilmesini sağlar ve savaş, ulaşım ve prestij için yüksek kaliteli hayvanlar sağlar. Belirli bölgeler, özellikle dayanıklı veya güçlü at ırkları ile tanınır.","घोड़ों का पालन तेज़ घुड़सवार सेना के विकास को सक्षम बनाता है और युद्ध, परिवहन और प्रतिष्ठा के लिए उच्च गुणवत्ता वाले जानवर प्रदान करता है। कुछ क्षेत्र विशेष रूप से सहनशील या मजबूत घोड़ों की नस्लों के लिए जाने जाते हैं।","Peternakan kuda memungkinkan pengembangan kavaleri cepat dan menyediakan hewan berkualitas tinggi untuk perang, transportasi, dan prestise. Wilayah tertentu dikenal dengan ras kuda yang sangat tahan lama atau kuat."
Camels.name,"Camel Breeding","Chameaux","Kamele","Camellos","Wielbłądy","Верблюды","낙타","ラクダ","骆驼","駱駝","Develer","ऊंट","Unta"
Camels.tooltip,"Camels are the backbone of long-distance trade across deserts and arid steppes. They enable caravans to travel long distances and facilitate the economic development of arid regions.","Les chameaux sont des montures inégalées sur les sables chauds du désert. Leurs principales utilisations sont le transport et la création d'une cavalerie de chameaux.","In der sengenden Wüste sind Kamele die besten Reittiere für den Transport. Zudem sind sie für die Kamelkavallerie erforderlich.","Los camellos son monturas sin rival en las ardientes arenas del desierto. Sus usos principales son el transporte y la creación de una caballería de camellos.","W warunkach pustynnych wielbłądy to niezrównane wierzchowce, wykorzystywane do transportu i rekrutacji jeźdźców na wielbłądach.","Верблюды – это непревзойденное средство передвижения в жарких песках. Чаще всего их используют для перевозки грузов и дрессируют для создания верблюжьей кавалерии.","낙타는 뜨거운 사막에서 비교할 상대가 없는 탈것입니다. 주로 수송 및 낙타 기병 양성에 활용됩니다.","ラクダは暑い砂漠で比類のない有用性を持つ。主に輸送用とラクダ騎兵用に使われる","炎热的沙漠中，骆驼的作用无可比拟，其主要用途是运输以及组建骆驼骑兵。","駱駝是炙熱沙漠中無與倫比的坐騎，其主要用途為運輸和建造駱駝騎兵。","Develer, temel kullanım amaçları ulaşım ve develi süvari eğitmek olan, sıcak çöl kumlarında rakipsiz binek hayvanlarıdır.","धधकते रेगिस्तान की गर्म रेत के लिए इनसे बेहतर कोई सवारी नहीं होती. इनका उपयोग मुख्य रूप से परिवहन और ऊंटों पर चलने वाली सेना तैयार करने के लिए किया जाता है.","Unta adalah tunggangan yang tak tertandingi di gurun pasir yang panas dengan kegunaan utama sebagai sarana transportasi dan membuat pasukan kavaleri unta."
Vines.tooltip,"Wine was one of the most important agricultural products of the Middle Ages. It served as an everyday beverage, sacramental wine, and a major commodity, and shaped numerous cultural landscapes in Europe and the Mediterranean region.","La production de vin et de spiritueux accroît le commerce et la viabilité économique d'une province.","Die Herstellung von Wein und anderen alkoholischen Getränken fördert den Handel und die Wirtschaft einer Provinz.","La producción de vino y licores aporta a una provincia una viabilidad económica y comercial añadida.","Produkcja wina i innych trunków przyczynia się do rozwoju handlu i gospodarki prowincji.","Виноделие и винокурение привлекают торговцев и развивают экономику провинции.","포도주 및 다양한 주류 생산은 지역에 추가 무역품을 제공하며 경제적 자립성에 큰 도움을 줍니다.","ワインと蒸留酒の生産によって、州の産品が増え、経済がより活発になる","生产葡萄酒和烈酒可为行省带来额外的贸易发展，并为其注入经济活力。","葡萄酒和烈酒的生產，為行省帶來了額外的貿易和經濟可行性。","Şarap ve alkollü içki üretimi, bölgeye ek ticaret ve ekonomik canlılık getirir.","वाइन और मदिरा का उत्पादन सूबे को व्यापारिक और आर्थिक मोर्चे पर और पुख्ता बनाता है.","Produksi anggur dan minuman beralkohol memberikan perdagangan tambahan dan kelangsungan ekonomi untuk suatu provinsi."
Pirates.name,"Piracy","Pirates","Piraten","Piratas","Piraci","Пираты","해적","海賊","海盗","海盜","Korsanlar","समुद्री लुटेरे","Bajak Laut"
Pirates.tooltip,"Sheltered bays, rugged coastlines, and remote islands offer pirates and buccaneers ideal hideouts. Those who tolerate or support their activities can profit from raids on trade routes and the spoils.","Le fléau des mers, ils pillent et parfois même volent ou détruisent les navires. Ils ont une grande affinité avec le rhum.","Als das Verderben der Meere berauben Piraten andere Schiffe und stehlen oder versenken sie manchmal sogar. Sie haben eine starke Vorliebe für Rum.","La perdición de los mares: asaltan y a veces incluso roban o destruyen barcos. Se pirran por el ron.","Piraci to zakała mórz: rabują, a czasem nawet porywają lub niszczą statki morskie. Wykazują bardzo niską odporność na rum.","Бич мореплавателей! Пираты грабят, а иногда даже угоняют или уничтожают морские суда. Они очень любят ром.","바다의 골칫거리인 해적들은 약탈하고 해상 선박을 훔치거나 파괴하기도 합니다. 럼주를 매우 좋아합니다.","航海中の船を襲っては略奪や破壊に及ぶ、海の厄介者。ラム酒への執着が強い","作为海洋上的噩梦，他们烧杀劫掠，有时甚至会窃取或摧毁航海船只。他们对朗姆酒情有独钟。","海洋的毒瘤，他們不但搶劫，有時甚至還會偷竊或摧毀航海船隻。偏愛朗姆酒。","Denizlerin baş belası olan korsanlar, denizde yolculuk yapan gemileri soyar ve hatta bazen çalar veya yok eder. Roma karşı büyük zaafları vardır.","समुद्री लुटेरे समुद्र का अभिशाप होते हैं, क्योंकि लूट-पाट करने के अलावा कभी-कभी समुद्री व्यापार में लिप्त जहाज़ों को चुरा लेते हैं या नष्ट कर देते हैं. ये रम के दीवाने होते हैं.","Sebagai momok di laut, mereka merampok dan terkadang bahkan mencuri atau menghancurkan kapal yang berlayar di laut. Mereka sangat menyukai rum."
Sulfur.tooltip,"Sulfur is used in medicine, glassmaking, alchemy, and, later, in the production of black powder. Natural sulfur deposits are rare and of great economic value.","Cette roche jaune est utilisée non seulement dans les fumigations et en médecine, mais surtout dans la fabrication de la poudre noire.","Gelbes Gestein, das zur Ausräucherung und zu medizinischen Zwecken dient, vor allem jedoch zur Herstellung von Schwarzpulver.","Esta piedra amarilla se conoce por sus usos en fumigación, medicina y, sobre todo, fabricación de pólvora.","Ta żółtawa skała ma zastosowanie przy odymianiu, w medycynie i, co najważniejsze, w produkcji czarnego prochu.","Этот хрупкий минерал желтого цвета используется в производстве черного пороха, а также для окуривания помещений и в медицине.","이 노란색 암석은 훈증, 의약품, 그리고 무엇보다 흑색 화약 생산에 사용되는 것으로 유명합니다.","この黄色い鉱石は、燻蒸や薬、そして何よりも黒色火薬の材料として広く知られている","这种黄色的硫磺石可以用来熏蒸、制药，以及最重要的——用来制造黑火药。","此黃色岩石以燻蒸消毒、作為藥物聞名，最重要的一點是其為黑火藥製作的原料。","Bu sarı kaya tütsüleme, ilaç ve en önemlisi barut üretimi için kullanılır.","इस पीले पत्थर का इस्तेमाल धुएं के ज़रिए संक्रमण हटाने, दवा बनाने और सबसे ज़रूरी बात, ब्लैक पाउडर बनाने के लिए किया जाता है.","Batu kuning ini dikenal untuk pengasapan, pengobatan, dan yang paling penting untuk pembuatan mesiu."
RareGame.name,"Fur Trade","Gibier rare","Seltenes Wild","Animales raros","Rzadka zwierzyna łowna","Редкая дичь","희귀 사냥감","希少な狩猟動物","稀有猎物","稀有獵物","Nadir Av Hayvanları","दुर्लभ जीव","Hewan Buruan Langka"
RareGame.tooltip,"High-quality furs were among the most sought-after luxury goods of the Middle Ages. Regions with access to vast forests and northern hunting grounds supplied Europe and the Orient through extensive trade networks.","Le gibier rare est chassé pour le divertissement et ses précieuses fourrures.","Seltenes Wild wird zur Unterhaltung gejagt und bringt kostbare Felle ein.","La caza de animales raros aporta entretenimiento y preciadas pieles.","Na rzadkie zwierzęta poluje się dla rozrywki i futer.","На редкую дичь охотятся ради забавы и драгоценного меха зверьков.","희귀 사냥감은 재미를 위해 사냥하는 대상이며 귀중한 모피를 줍니다.","希少な狩猟動物は娯楽や高価な毛皮を取る目的で狩猟の対象となる","猎杀稀有猎物是为了娱乐和获取其珍贵毛皮。","獵捕稀有獵物是為了娛樂和珍貴的毛皮。","Nadir av hayvanları, eğlence amacıyla ve değerli kürkleri için avlanır.","दुर्लभ जीवों का मनोरंजन और उनके कीमती फ़र के लिए शिकार किया जाता है.","Hewan buruan langka diburu sebagai hiburan dan untuk diambil kulitnya yang berharga."
Amber.name,"Amber Deposits","Ambre","Bernstein","Ámbar","Bursztyn","Янтарь","호박석","琥珀","琥珀","琥珀","Kehribar","एम्बर","Ambar"
Amber.tooltip,"Amber is one of the most sought-after luxury goods in Northern Europe. It is crafted into jewelry, religious artworks, and commercial goods, and is transported via the Amber Road as far as the Mediterranean region and the Orient.","Cette belle résine naturelle a été transformée en pierre par le temps et les intempéries. Considérée comme une pierre précieuse.","Wunderschönes Naturharz, das durch Zeit und Witterung hart wie Stein wird. Als Schmuckstein begehrt.","Bella resina natural que el paso del tiempo y el clima han convertido en piedra. Se valora como gema.","Piękna żywica naturalna, zmieniona w kamień przez czas i pogodę. Ceniona jako element biżuterii.","Красивая природная смола, которую время и природное воздействие делают твердой. Ценится как драгоценный камень.","시간과 기후의 세례로 인하여 화석화된 천연수지입니다. 그 아름다움 덕분에 보석으로서의 가치를 지닙니다.","天然樹脂が、時間と風雨によって美しい石になったもの。宝石として珍重される","美丽的天然树脂，经过长时间的风吹雨打后石化。被当作一种宝石。","受時間和氣候催化變為寶石的美麗天然樹脂。有著珠寶般的價值。","Güzel doğal reçine, hava koşullarıyla zaman içinde taşa dönüşür. Değerli taş olarak kullanılır.","यह खूबसूरत कुदरती गोंद, समय और मौसम की मार से पत्थर में तब्दील हो जाता है. यह जवाहरात की तरह कीमती होता है.","Resin alami yang menjadi batu setelah melewati waktu yang lama terpapar udara dan cuaca. Batu permata yang berharga."
IronOre.name,"Iron Deposits","Minerai de fer","Eisenerz","Mena de hierro","Złoża żelaza","Железная руда","철광석","鉄鉱石","铁矿","鐵礦","Demir Cevheri","लौह अयस्क","Bijih Besi"
IronOre.tooltip,"Iron ore is the basis for weapons, tools, and structures. Regions with abundant iron deposits support high-quality forges and a thriving metalworking industry.","Le fer est une ressource inestimable pour la croissance militaire et industrielle.","Für das militärische und industrielle Wachstum ist Eisenerz unverzichtbar.","El hierro es un recurso esencial para el crecimiento de la industria y el ejército.","Żelazo to materiał niezbędny dla rozwoju armii i gospodarki.","Железо – это бесценный ресурс для войны и промышленного роста.","철은 군사 및 산업 성장에 필수 불가결한 귀중한 자원입니다.","鉄は、軍事や産業の発展に不可欠の重要な資源","铁是军事和工业发展中的一种宝贵资源。","鐵是軍事和工業發展的珍貴資源。","Demir, askeri ve sanayi alanında büyüme için paha biçilmez bir kaynaktır.","लोहा सैन्य और औद्योगिक विकास के लिए बेशकीमती संसाधन है.","Besi adalah sumber daya yang tak ternilai untuk pertumbuhan militer dan industri."
SilverOre.name,"Silver Deposits","Minerai d'argent","Silbererz","Mena de plata","Złoża srebra","Серебряная руда","은광석","銀鉱石","银矿","銀礦","Gümüş Cevheri","रजत अयस्क","Bijih Perak"
SilverOre.tooltip,"Silver was one of the most valuable natural resources of the Middle Ages and formed the basis for coinage. Rich silver mines fostered trade and prosperity.","L'argent est utilisé pour la fabrication d'argenterie, la frappe de pièces de monnaie, ainsi que la fabrication de bijoux et de décorations.","Silber wird für Tafelbesteck und Schmuck, zur Dekoration und zur Münzprägung genutzt.","La plata se utiliza en la creación de vajilla y cubertería, acuñación de monedas, joyería y decoración.","Srebro potrzebne jest do produkcji zastawy, monet, biżuterii i ozdób.","Из серебра делают посуду, чеканят монеты и изготавливают украшения и ювелирные изделия.","은은 은 식기, 은화 주조, 보석, 장식 등에 사용됩니다.","銀は、銀食器、貨幣、宝飾品、装飾品などの原料として利用される","白银可用于制造银器、铸币、珠宝和装饰物。","銀用於製作銀器、鑄幣、珠寶和裝飾品。","Gümüş, gümüş eşya yapımında, madeni para basımında, mücevher tasarımında ve dekorasyonda kullanılır.","रजत यानी चांदी का इस्तेमाल चांदी के बर्तन, सिक्के, आभूषण और सजावटी चीज़ें बनाने के लिए किया जाता है.","Perak digunakan dalam pembuatan perabotan perak, pencetakan koin, perhiasan, dan dekorasi."
GoldOre.name,"Gold Deposits","Minerai d'or","Golderz","Mena de oro","Złoża złota","Золотая руда","금광석","金鉱石","金矿","金礦","Altın Cevheri","स्वर्ण अयस्क","Bijih Emas"
GoldOre.tooltip,"Gold is the most precious metal, used mainly in jewelry and coin minting.","L'or est le métal le plus précieux, utilisé principalement dans la fabrication de bijoux et la frappe de pièces de monnaie.","Als das kostbarste Edelmetall wird Gold für Schmuck und in der Münzprägung genutzt.","El oro es el metal más preciado, usado principalmente en joyería y en la acuñación de monedas.","Złoto to najcenniejszy z metali, używany głównie do wytwarzania biżuterii i monet.","Золото – самый драгоценный из металлов, который используют в ювелирном деле и для чеканки монет.","금은 보석 및 금화 주조에 사용되는 가장 귀중한 금속입니다.","金は最も貴重な金属として、主に宝飾品や貨幣の鋳造に使用される","黄金是最贵重的金属，主要用于制作珠宝和铸币。","黃金是最貴重的金屬，主要用於珠寶和鑄幣。","Altın, özellikle mücevher tasarımında ve madeni para basımında kullanılan en değerli metaldir.","सोना यानी गोल्ड एक कीमती धातु होती है, जिसका मुख्य रूप से आभूषण और सिक्के बनाने के लिए इस्तेमाल किया जाता है.","Emas adalah logam yang paling berharga, digunakan untuk perhiasan dan pembuatan koin."
SaltDeposit.name,"Salt deposits","Gisements de sel","Salzvorkommen","Depósitos de sal","Złoża soli","Залежи соли","소금 매장지","岩塩鉱床","盐矿藏","鹽礦床","Tuz yatakları","नमक के भंडार","Deposit garam"
SaltDeposit.tooltip,"Salt is essential for preserving food and was one of the most important commodities of the Middle Ages. Rich salt deposits fostered prosperity and long-distance trade.","Qu'il s'agisse de sel gemme ou de saumure, cette ressource est utilisée comme ingrédient alimentaire, pour la conservation des aliments et même pour la cicatrisation des plaies , il s'agit donc d'un produit commercial rentable.","Ob als Sole oder in fester Form – Salz ist eine wertvolle Handelsware, da es als Nahrungszutat, zur Nahrungskonservierung und sogar zur Wundheilung eingesetzt wird.","Ya sea como rocas de sal o salmuera, este recurso se usa como ingrediente en la comida, para la preservación de alimentos e incluso para sanar heridas. Es, por tanto, un bien de comercio rentable.","Sól występuje w postaci kamiennej oraz jako solanka. To wartościowy zasób, który stosuje się do gotowania, konserwacji żywności, a nawet leczenia ran.","Каменную или морскую соль можно использовать в кулинарии, для засолки продуктов и даже для заживления ран. Все это делает ее ценным товаром.","암염 또는 염수의 형태를 지닌 이 자원은 식재료, 식량 보존, 상처 치료에 사용됩니다. 수익성이 매우 높은 무역 상품이기도 합니다.","岩塩や塩水は、食材や保存食、傷の治療などに利用され、貿易品としても利益の高い品目だ","无论以岩盐还是盐水的形态存在，这种资源都可用作食物配料、食物保鲜剂甚至治疗伤口的药剂，因此它也是一种利润颇丰的贸易商品。","無論是岩鹽還是鹽水，這種資源可用於食品材料、食品保存甚至治療傷口等用途，因此它也是一種賺錢的貿易商品。","Bazen kaya tuzu bazen de tuzlu su şeklinde olan bu kaynak bir yiyecek maddesi olarak, yiyecekleri muhafaza etmek için ve hatta yaraları iyileştirme amacıyla kullanılır. Bu nedenler yüksek kar getiren ticari bir üründür.","नमक चाहे चट्टानों से हासिल हो या खारे पानी से, यह संसाधन खाद्य सामग्री, खाद्य पदार्थों के संरक्षण और यहां तक कि घावों को भरने के लिए इस्तेमाल किया जाता है, इसलिए इसका व्यापार अच्छा और फ़ायदेमंद होता है.","Baik garam batu maupun air garam, sumber daya ini digunakan sebagai bahan makanan, pengawet makanan, dan bahkan penyembuhan luka, menjadikan barang ini sebagai komoditas yang menguntungkan."
MarbleDeposit.name,"Marble deposits","Gisements de marbre","Marmorvorkommen","Depósito de mármol","Złoża marmuru","Залежи мрамора","대리석 매장지","大理石鉱床","大理石矿藏","大理石礦床","Mermer yatağı","संगमरमर के भंडार","Deposit Marmer"
MarbleDeposit.tooltip,"Marble is a high-quality natural stone used in temples, churches, palaces, and sculptures. Its quarrying makes it possible to create impressive structures and intricate stonework.","Le marbre est avant tout une ressource importante sur le plan culturel, utilisée en architecture et en sculpture.","Marmor ist überwiegend von kultureller Bedeutung und findet in der Architektur sowie in der Bildhauerei Anwendung.","El mármol es, ante todo, un recurso de importancia cultural que se usa en arquitectura y escultura.","Jako materiał budowlany i rzeźbiarski marmur jest ważnym zasobem z punktu widzenia kultury.","Мрамор – это в первую очередь культурно значимый ресурс, который используется в архитектуре и скульптуре.","대리석은 건축 및 조각에 주로 사용되는 문화적으로 중요한 자원입니다.","大理石は文化的に重要な資源として主に建築や彫刻に使われる","大理石主要是一种重要的文化资源，可用于建筑与雕塑。","大理石主要是一種重要的文化資源，用於建築和雕塑。","Mermer, ağırlıklı olarak mimaride ve heykellerde kullanılan kültürel açıdan önemli bir kaynaktır.","संगमरमर मुख्यतः सांस्कृतिक रूप से महत्त्वपूर्ण संसाधन है, जिसका इस्तेमाल वास्तु और शिल्पकला में किया जाता है.","Marmer adalah sumber daya yang penting untuk budaya, digunakan dalam arsitektur dan pahatan."
SaltpeterDeposits.name,"Saltpeter deposits","Gisements de salpêtre","Salpetervorkommen","Depósitos de salitre","Złoża saletry","Залежи селитры","초석 매장지","硝石鉱床","硝石矿藏","硝石礦床","Güherçile yatakları","शोरे या पोटेशियम नाइट्रेट के भंडार","Deposit Salpeter"
SaltpeterDeposits.tooltip,"Saltpeter is needed to produce black powder and is also used in medicine, preservation, and fertilizers. Natural deposits are rare, but with advances in technology, saltpeter can now be produced artificially, meaning its production is no longer limited to specific regions.","Ces sédiments présents dans les grottes sont exploités pour en extraire le salpêtre, utilisé dans la fabrication de poudre noire.","Aus Höhlenablagerungen abgebautes Salpeter dient zur Herstellung von Schwarzpulver.","Los sedimentos de las cuevas se minan para la extracción de salitre, utilizado en la producción de pólvora.","Saletrę pozyskuje się z osadów i używa do produkcji czarnego prochu.","Пещеры с отложениями, из которых можно добыть селитру – один из компонентов для производства черного пороха.","동굴 퇴적층을 채굴하여 추출하는 초석은 흑색 화약 생산에 사용됩니다.","硝石は洞窟の中に堆積しており、採掘して黒色火薬の原料として利用される","洞穴沉积物，开采、提炼硝石后可用于生产黑火药。","洞穴沉積物，被開採來提取硝石，用於生產黑火藥。","Mağara çökeltileri kazılarak barut üretimi için kullanılan güherçileler çıkarılır.","गुफाओं में मौजूद परतदार चट्टानों से शोरे की माइनिंग की जाती है और इसका इस्तेमाल ब्लैक पाउडर के उत्पादन के लिए किया जाता है.","Sedimen gua, ditambang untuk ekstraksi salpeter, digunakan untuk produksi bubuk hitam."
Vines.name,"Viticulture","Vignes","Reben","Vides","Winorośl","Виноградники","포도나무","葡萄園","葡萄藤","葡萄藤","Üzümler","बेलें","Tanaman Anggur"
Vines.tooltip,"Wine was one of the most important agricultural products of the Middle Ages. It served as an everyday beverage, sacramental wine, and a major commodity, and shaped numerous cultural landscapes in Europe and the Mediterranean region.","La production de vin et de spiritueux accroît le commerce et la viabilité économique d'une province.","Die Herstellung von Wein und anderen alkoholischen Getränken fördert den Handel und die Wirtschaft einer Provinz.","La producción de vino y licores aporta a una provincia una viabilidad económica y comercial añadida.","Produkcja wina i innych trunków przyczynia się do rozwoju handlu i gospodarki prowincji.","Виноделие и винокурение привлекают торговцев и развивают экономику провинции.","포도주 및 다양한 주류 생산은 지역에 추가 무역품을 제공하며 경제적 자립성에 큰 도움을 줍니다.","ワインと蒸留酒の生産によって、州の産品が増え、経済がより活発になる","生产葡萄酒和烈酒可为行省带来额外的贸易发展，并为其注入经济活力。","葡萄酒和烈酒的生產，為行省帶來了額外的貿易和經濟可行性。","Şarap ve alkollü içki üretimi, bölgeye ek ticaret ve ekonomik canlılık getirir.","वाइन और मदिरा का उत्पादन सूबे को व्यापारिक और आर्थिक मोर्चे पर और पुख्ता बनाता है.","Produksi anggur dan minuman beralkohol memberikan perdagangan tambahan dan kelangsungan ekonomi untuk suatu provinsi."
Zaragoza.description,The taifa of Zaragoza was an independent Arab Muslim state in the east of Al-Andalus with its capital in Saraqusta (Zaragoza) city. It was established in the early 11th century as one of the many Taifa kingdoms that followed the collapse of the Caliphate of Córdoba around this time.,"En 902, Issam al-Khawlani, souverain du grand émirat de Cordoue, conquit les îles Baléares. L'une d'elles était Majorque. La principale ville de l'île, Palma, fut remodelée et agrandie, et fut connue sous le nom de Medina Mayurqa. Les Maures améliorèrent ses capacités agricoles grâce à l'irrigation. Les industries locales se développèrent, la culture s'épanouit et les habitants firent du commerce avec différents nations. Majorque connut une période vraiment prospère, mais en 1015, le califat fut dissous. Pendant un certain temps, l'île passa sous la domination de la Taïfa de Denia, avant de déclarer son indépendance en 1087. Seul le temps nous dira ce que l'avenir lui réserve.","Im Jahre 902 eroberte Issam al-Khawlani, Herrscher des großen Emirats von Córdoba, die Balearen. Eine von ihnen war Mallorca. Die Hauptstadt der Insel, Palma, wurde umgestaltet und expandierte und wurde als Medina Mayurqa bekannt. Die Mauren verbesserten ihre landwirtschaftlichen Möglichkeiten durch Bewässerung. Lokale Industrien wurden angesiedelt. Die Kultur erblühte und die Bewohner handelten mit zahlreichen Nationen. Es war wirklich eine wohlhabende Phase für Mallorca. Aber schon bald, im Jahr 1015, wurde das Kalifat aufgelöst. Eine Zeit lang geriet die Insel unter die Herrschaft der Taifa von Denia, bevor sie im Jahre 1087 ihre Unabhängigkeit erklärte. Es wird sich zeigen, was die Zukunft für sie bereithält.","En el año 902, Isam al-Jaulani, gobernante del gran emirato de Córdoba, conquistó las islas Baleares. Una de ellas era Mallorca. La principal ciudad de la isla, Palma, se reformó y expandió y se dio a conocer como Madina Mayurqa. Los árabes mejoraron sus capacidades agrícolas con la irrigación. Se desarrollaron las industrias locales. La cultura floreció y su pueblo comerció con distintas naciones. Fue un periodo próspero para Mallorca, pero pronto, en el año 1015, se disolvió el califato. Durante un tiempo, la isla estuvo bajo el mandato de la taifa de Denia, pero declaró su independencia en 1087. Solo el tiempo dirá lo que le depara el futuro.","Issam Al-Khawlani, władca wielkiego Emiratu Kordoby, podbił Baleary w 902 r. Największe miasto na Majorce, Palma, zostało wówczas przebudowane i, wchodząc w okres prosperity, szybko się rozrastało. Z czasem przylgnęła do niego nazwa „Medina Mayurqa”. Maurowie znacznie poprawili potencjał rolniczy archipelagu, stosując nowatorskie metody irygacyjne. Na wyspach rozwijały się też lokalny przemysł i kultura. Mieszkańcy Balearów prowadzili ożywioną wymianę handlową z innymi krajami. Dla Majorki nastał niezwykle pomyślny okres rozwoju. Niestety w 1015 r. kalifat został rozwiązany. Na pewien czas wyspa znalazła się pod władzą Taifa Denii, aż do ogłoszenia niepodległości w 1087 r. Przekonamy się, co przyniesie przyszłość…","В 902 году Иссам аль-Хауляни, военачальник из великого Кордовского эмирата, завоевал Балеарские острова. Одним из них была Майорка. Главный город острова, Пальма, перестроили и расширили, и он стал называться Медина Майурка. Ирригация позволила маврам развивать сельское хозяйство, росла местная промышленность. Культура процветала, а жители острова торговали с самыми разными народами. Для Майорки это был настоящий период расцвета. Но вскоре, в 1015 году, халифат развалился. Некоторое время остров находился под властью тайфы Дения, а в 1087 году провозгласил свою независимость. Только время покажет, что ждет его в будущем.","902년, 코르도바 토후국의 통치자 이삼 알 카우라니가 발레아레스 제도를 정복했습니다. 이때 정복된 섬 중에는 마요르카도 있었습니다. 마요르카섬의 주요 도시인 팔마는 모습이 바뀌고 크기가 커져 메디나 마요르카가 되었습니다. 무어인들은 관개 시설을 도입하여 이곳의 농업 능력을 향상했습니다. 지역 산업도 개발되었습니다. 문화가 융성했고 이곳 사람들은 많은 나라와 교류하였습니다. 마요르카에 있어 진실로 풍요로운 시기였습니다. 하지만 얼마 안 있어 1015년에 코르도바 칼리프국이 해체되었습니다. 마요르카섬은 1087년에 독립을 선언하기 전까지 잠시 데니아 타이파의 지배를 받았습니다. 이제 미래에 무슨 일이 펼쳐질지는 시간만이 알 것입니다.",902年、コルドバ首長国の支配者イサーム・ハウラーニーはバレアレス諸島を征服した。その内の一つがマヨルカ島だった。この島の主要な街であるパルマは開発され、拡大され、メディナ・マユルガとして知られるようになった。ムーア人は農業生産性を灌漑によって向上させ、地元の産業を開発し、文化を振興し、さまざまな国々との取引を行った。まさにマヨルカの黄金時代だった。だが、間もなく、1015年にこのカリフ国は崩壊した。しばらくの間、この島はデニア王国の支配下に置かれたが、1087年に独立を果たす。この島の未来がどうなるかは、今後明らかになるだろう,902年，伟大的卡尔多瓦酋长国的领袖伊萨姆阿卡瓦尼征服了巴利阿里群岛。其中包括马略卡岛。该岛的一个主要城镇帕尔马经过重塑和扩张，以梅迪纳-马尤尔卡之名重获新生。摩尔人利用灌溉技术提高了当地的农业生产水平。当地的工业茁壮发展。文化也蓬勃发展，同时它的人民同许多国家保持着贸易往来。这是马略卡岛毫无疑问的兴盛时期。但好景不长，1015年，该哈里发国解散了。不久，该岛就开始被德尼亚的泰加所统治，直到1087年宣布独立。只有时间才知晓它的未来将走向何方。,在902年時，大科爾多瓦酋長國的統治者伊薩卡拉尼征服了巴利阿里群島。其中一島便是馬略卡島。這座島上的主要城鎮帕爾馬，在經過重整與擴張後，成為了梅迪納馬尤爾卡而聞名。在灌溉技術的輔助之下，摩爾人的農耕實力大有進展。地方產業開始發展。文化興盛之下，其國民也與許多不同國家有了貿易往來對馬略卡島而言，這確實是一個興盛的時期。但很快地，在1015年時這個哈里發國驟然解散。這座島嶼在1087年宣布獨立之前，一直處於德尼亞泰法的統治之下。只有時間能證明未來的走向。,"902 yılında büyük Kordoba Emirliği'nin hükümdarı Issam al-Khawlani, Balear Adaları'nı fethetti. Bunlardan biri Mallorca'ydı. Adanın ana kenti Palma yeniden şekillendirildi, sınırları genişletildi ve Medine Mayurqa olarak adlandırıldı. Morolar, tarımsal becerilerini sulama ile geliştirdi. Yerel sanayiler geliştirildi. Kültür gelişti ve insanları çeşitli uluslarla ticaret yaptı. Mallorca için gerçekten bolluk içinde geçen bir dönemdi. Ancak çok geçmeden, 1015 yılında halifelik dağıtıldı. Ada, 1087 yılında bağımsızlığını ilan etmeden önce bir süre Denia Devleti'nin egemenliği altına girdi. Gelecekte nelerle karşılaşacağını ancak zaman gösterecek.","सन 902 में बहुत बड़ी कॉर्डोबा की अमीरात के शासक इस्साम अल-खवलानी ने बेलएरिक द्वीप समूह को जीत लिया. उनमें से एक द्वीप मायोर्का था. द्वीप के मुख्य शहर पामा को दुबारा बनाया और बढ़ाया गया और वह मदीना मायूर्का के नाम से जाना जाने लगा. मूर लोगों ने उसकी खेती की क्षमताओं को सिंचाई से बेहतर कर दिया. स्थानीय उद्योगों का विकास किया गया. संस्कृति फली-फूली और उसके लोगों ने कई देशों के साथ व्यापार भी किया. मायोर्का के लिए यह समय वास्तव में अमीरी का था. लेकिन जल्द ही, 1015 में कैलफ़ेट को भंग कर दिया गया. 1087 में अपनी आज़ादी की घोषणा करने से पहले थोड़े समय के लिए यह द्वीप डेनिया के ताईफ़ा के शासन के तहत आ गया था. यह तो वक्त ही बताएगा कि भविष्य की गोद में इसके लिए क्या है.","Pada tahun 902, Issam al-Khawlani, penguasa Keamiran Kordoba, berhasil menaklukkan Kepulauan Balearic. Salah satu pulaunya adalah Mallorca. Kota utama di pulau tersebut, Palma, dibangun kembali dan diperluas, lalu dikenal sebagai Medina Mayurqa. Bangsa Moor meningkatkan kemampuan pertaniannya dengan irigasi. Industri lokal dikembangkan. Kebudayaannya berkembang dan masyarakatnya berdagang dengan berbagai bangsa. Periode itu benar-benar menjadi era yang makmur bagi Mallorca. Namun, pada 1015, kekhalifahan dibubarkan. Untuk sementara pulau itu berada di bawah kekuasaan Taifa dari Denia, sebelum mendeklarasikan kemerdekaannya pada tahun 1087. Hanya waktu yang akan menentukan masa depan Mallorca."
LorraineLower.description,"Lorraine's history starts with the independent Carolingian kingdom under the rule of King Lothair II - Lotharingia. As Lothair II had died without heirs in 869, his territory was divided between East and West Francia. After frequently switching ownership in the following century, Lotharingia was finally given to Bruno the Great in 953 by his brother, the German king Otto I. Bruno divided the duchy into Upper and Lower Lorraine, Lorraine being the name used for the region in French. Although the division became permanent after his death, Lower Lorraine disintegrated, leaving Upper Lorrain free to take the name Lorraine forever as its own.","L'histoire de la Lorraine commença avec le royaume carolingien indépendant, sous le règne du roi Lothair II : la Lotharingie. Lothair II étant mort sans héritiers en 869, son territoire fut divisé entre la Francie orientale et la Francie occidentale. Après avoir souvent changé de souverain pendant le siècle suivant, la Lotharingie fut finalement cédée à Bruno le Grand en 953 par son frère, le roi allemand Otton Ier. Bruno divisa le duché en Haute et Basse Lorraine, Lorraine étant le nom utilisé pour désigner la région en langue française. Bien que la division soit devenue permanente après sa mort, la Basse-Lorraine s'est désintégrée, laissant la Haute-Lorraine libre de s'approprier définitivement le nom de Lorraine.","Die Geschichte Lothringens beginnt mit dem unabhängigen karolingischen Königreich unter der Herrschaft König Lothars II. – Lotharingien. Als Lothar II. im Jahr 869 ohne Erben verstorben war, wurde sein Territorium zwischen Ost- und Westfranken aufgeteilt. Nachdem der Besitz im folgenden Jahrhundert mehrfach gewechselt hatte, ging Lotharingien schließlich im Jahre 953 an Bruno den Großen über, nachdem sein Bruder – der ostfränkische König Otto I. – das Herzogtum in Ober- und Niederlothringen unterteilt hatte. Der Name, mit dem die Region im Französischen bezeichnet wird, lautet „Lorraine“. Obwohl die Teilung nach seinem Tode dauerhaft wurde, löste sich Niederlothringen auf und ließ so Oberlothringen die Möglichkeit, den Namen „Lothringen“ für immer für sich zu beanspruchen.","La historia de Lorena comienza con el reino carolingio independiente bajo el gobierno del rey Lotario II de Lotaringia. Como Lotario II había muerto sin herederos en el año 869, su territorio se dividió entre el este y el oeste de Francia. Después de cambiar frecuentemente de propiedad en el siglo siguiente, Lotaringia finalmente fue entregada a Bruno el Magno en 953 por su hermano, el rey germano Otón I. Bruno dividió el ducado en Alta y Baja Lorena, siendo Lorraine el nombre usado para la región en francés. Aunque la división se hizo permanente tras su muerte, Baja Lorena se desintegró, dejando a Alta Lorena libre de tomar el nombre de Lorena para siempre como propio.","Historia Lotaryngii sięga niepodległego królestwa karolińskiego, którym władał Lotar II. To właśnie od jego imienia pochodzi nazwa Lotaryngii – „Lothari Regnum”. Kiedy Lothar II zmarł bezpotomnie, królestwo podzielono między dwóch stryjów władających w tym czasie państwem zachodniofrankijskim i wschodniofrankijskim. Przez następne stulecie ziemie Lotaryngii przechodziły z rąk do rąk. W 953 r. Otton I oddał je swojemu bratu, arcybiskupowi Brunonowi (pełniącemu też funkcję kanclerza państwa wschodniofrankijskiego). Ten zaś podzielił księstwo na Górną i Dolną Lotaryngię. Po śmierci Brunona kraina pozostawała podzielona, jednak jej północna część z czasem rozpadła się na mniejsze regiony, dzięki czemu nazwa „Lotaryngia” przypadła dawnej Górnej Lotaryngii.","История Лотарингии начинается с независимого каролингского королевства под управлением короля Лотаря II. Поскольку в 869 году Лотарь II умер, не оставив наследников, его земли разделили Восточная и Западная Франкия. После частой смены владельцев в следующем веке, в 953 году Лотарингия была окончательно передана Бруно Великому его братом, немецким королем Оттоном I. Бруно разделил герцогство на Верхнюю и Нижнюю Лотарингию. Хотя после его смерти разделение стало постоянным, Нижняя Лотарингия распалась, так что для Верхней Лотарингии исчезла нужда уточнять, и она навсегда вернула себе прежнее название: просто Лотарингия.","로렌의 역사는 로타르 2세가 다스리던 카롤루스 왕국의 독립국 로타링기아에서 시작됩니다. 로타르 2세가 869년에 후계자 없이 사망하자, 로타르 2세의 영토는 분할되어 동프랑크와 서프랑크로 병합됩니다. 다음 한 세기 동안 빈번하게 주인이 바뀌던 로타링기아는 953년 독일의 왕 오토 1세가 자기 동생인 브룬 대공에게 주게 됩니다. 브룬 대공은 이 지역을 프랑스명인 로렌을 붙여 상로렌과 하로렌으로 나누었습니다. 브룬 대공 사후 이와 같은 분할은 영구적으로 굳어졌으나, 하로렌이 붕괴하면서 그 뒤로 상로렌이 로렌이라는 이름을 가져가게 되었습니다.",交易ロレーヌの歴史は、カロリング朝の独立国ロタリンギアとして、ロタール2世の支配の下に始まった。ロタール2世が世継ぎを残さずに869年に死去したため、その領土は東西フランクが分割した。その後は頻繁に所有者が変わったロタリンギアだったが、最終的には953年に兄のドイツ王オットー1世からブルーノ大公に寄贈された。ブルーノは公国を上下ロレーヌに分割した。この地のフランス語名がロレーヌだったからだ。分割は彼の死後に定着したが、下ロレーヌは崩壊し、上ロレーヌがロレーヌの名を永遠に自らのものとした,洛林的历史始于洛泰尔二世统治下的一个独立的卡洛林王国——洛塔林吉亚。当洛泰尔二世于869年逝世后，由于没有继承人，他的领土被分割为东法兰克和西法兰克。在接下来的一个世纪里，洛塔林吉亚的所有权几经变迁，最终在953年由布鲁诺大帝的兄弟——德意志国王奥托一世交给了他。布鲁诺大帝将这个公国划分为上洛林和下洛林，从此之后，洛林就成了法兰西一个地区的名称。虽然在布鲁诺死后，这种划分形式仍然保持了下来，但下洛林却解体了，留存下来的上洛林由此就永远独占了洛林这个名字。,洛林的歷史起源，來自洛泰爾二世轄下獨立的卡洛林帝國──洛塔林吉亞。在洛泰爾二世於869年逝世後，其領地被劃分為東、西法蘭克王國。接下來的一世紀裡其所有權頻繁易手，在953年時，最後布魯諾一世的哥哥鄂圖一世將洛塔林吉亞贈與了他。布魯諾將這座公國分為上洛林與下洛林，而洛林則是這個地區的法語名稱。雖然這個二分法在他死後仍永久有效，但下洛林的分崩離析使上洛林得以永遠自稱「洛林」。,"Lorraine'in tarihi, Kral II. Lothair - Lotharingia'nın yönetimi altındaki bağımsız Karolenj krallığı ile başlar. Lothair II, 869 yılında arkasında varis bırakmadan öldüğünden toprakları Doğu ve Batı Francia olmak üzere ikiye bölündü. Sonraki yüzyılda sık sık yönetimi değişen Lotharingia nihayet 953 yılında kardeşi Alman kralı Otto I tarafından Büyük Bruno'ya verildi. Bruno, düklüğü Yukarı ve Aşağı Lorraine olarak ayırdı. Lorraine, bölgenin Fransızca adıydı. Bölünme, ölümünden sonra kalıcı hale gelmesine rağmen Aşağı Lorraine dağıldı ve sonrasında Yukarı Lorraine'i artık yalnızca Lorraine olarak anılmaya başladı.","लोथर II के अधीन, आज़ाद कैरोलिंगियाई राज्य लोथरिंगिया से लॉरेन की हिस्ट्री शुरू होती है. 869 में लॉथेर II की मौत बिना वारिसों के हुई थी, इनका इलाका पूर्वी और पश्चिमी फ़्रांसिया में बंट गया. बाद की सदी में मालिकाना हक बार-बार बदलने से, अंत में लोथरिंगिया 953 में जर्मन राजा ऑटो I द्वारा अपने भाई ब्रूनो द ग्रेट को दे दिया गया. ब्रूनो ने डची को उच्च और निम्न लॉरेन में बांट दिया, लॉरेन इस इलाके के लिए इस्तेमाल होने वाला फ़्रेंच नाम था. हालांकि उसकी मौत के बाद विभाजन पक्का हो गया, निम्न लॉरेन अलग हो गया और हमेशा के लिए लॉरेन नाम को उच्च लॉरेन के लिए उसने छोड़ दिया.","Sejarah Lorraine dimulai dengan merdekanya kerajaan Karoling di bawah kepemimpinan Raja Lothair II - Lotharingia. Karena Lothair II wafat tanpa ahli waris pada tahun 869, wilayahnya dibagi antara Francia Timur dan Barat. Setelah sering berpindah kepemilikan sepanjang abad berikutnya, Lotharingia akhirnya diberikan kepada Bruno yang Agung pada tahun 953 oleh saudaranya, Raja Jerman Otto I. Bruno membagi duchy itu menjadi Lorraine Hulu dan Hilir, Lorraine menjadi nama yang digunakan untuk wilayah di Prancis. Meski pembagian tersebut menjadi permanen setelah kematiannya, Lorraine Hilir terpecah sehingga Lorraine Hulu bisa menggunakan nama Lorraine selamanya."
LorraineUpper.description,"Lorraine's history starts with the independent Carolingian kingdom under the rule of King Lothair II - Lotharingia. As Lothair II had died without heirs in 869, his territory was divided between East and West Francia. After frequently switching ownership in the following century, Lotharingia was finally given to Bruno the Great in 953 by his brother, the German king Otto I. Bruno divided the duchy into Upper and Lower Lorraine, Lorraine being the name used for the region in French. Although the division became permanent after his death, Lower Lorraine disintegrated, leaving Upper Lorrain free to take the name Lorraine forever as its own.","L'histoire de la Lorraine commença avec le royaume carolingien indépendant, sous le règne du roi Lothair II : la Lotharingie. Lothair II étant mort sans héritiers en 869, son territoire fut divisé entre la Francie orientale et la Francie occidentale. Après avoir souvent changé de souverain pendant le siècle suivant, la Lotharingie fut finalement cédée à Bruno le Grand en 953 par son frère, le roi allemand Otton Ier. Bruno divisa le duché en Haute et Basse Lorraine, Lorraine étant le nom utilisé pour désigner la région en langue française. Bien que la division soit devenue permanente après sa mort, la Basse-Lorraine s'est désintégrée, laissant la Haute-Lorraine libre de s'approprier définitivement le nom de Lorraine.","Die Geschichte Lothringens beginnt mit dem unabhängigen karolingischen Königreich unter der Herrschaft König Lothars II. – Lotharingien. Als Lothar II. im Jahr 869 ohne Erben verstorben war, wurde sein Territorium zwischen Ost- und Westfranken aufgeteilt. Nachdem der Besitz im folgenden Jahrhundert mehrfach gewechselt hatte, ging Lotharingien schließlich im Jahre 953 an Bruno den Großen über, nachdem sein Bruder – der ostfränkische König Otto I. – das Herzogtum in Ober- und Niederlothringen unterteilt hatte. Der Name, mit dem die Region im Französischen bezeichnet wird, lautet „Lorraine“. Obwohl die Teilung nach seinem Tode dauerhaft wurde, löste sich Niederlothringen auf und ließ so Oberlothringen die Möglichkeit, den Namen „Lothringen“ für immer für sich zu beanspruchen.","La historia de Lorena comienza con el reino carolingio independiente bajo el gobierno del rey Lotario II de Lotaringia. Como Lotario II había muerto sin herederos en el año 869, su territorio se dividió entre el este y el oeste de Francia. Después de cambiar frecuentemente de propiedad en el siglo siguiente, Lotaringia finalmente fue entregada a Bruno el Magno en 953 por su hermano, el rey germano Otón I. Bruno dividió el ducado en Alta y Baja Lorena, siendo Lorraine el nombre usado para la región en francés. Aunque la división se hizo permanente tras su muerte, Baja Lorena se desintegró, dejando a Alta Lorena libre de tomar el nombre de Lorena para siempre como propio.","Historia Lotaryngii sięga niepodległego królestwa karolińskiego, którym władał Lotar II. To właśnie od jego imienia pochodzi nazwa Lotaryngii – „Lothari Regnum”. Kiedy Lothar II zmarł bezpotomnie, królestwo podzielono między dwóch stryjów władających w tym czasie państwem zachodniofrankijskim i wschodniofrankijskim. Przez następne stulecie ziemie Lotaryngii przechodziły z rąk do rąk. W 953 r. Otton I oddał je swojemu bratu, arcybiskupowi Brunonowi (pełniącemu też funkcję kanclerza państwa wschodniofrankijskiego). Ten zaś podzielił księstwo na Górną i Dolną Lotaryngię. Po śmierci Brunona kraina pozostawała podzielona, jednak jej północna część z czasem rozpadła się na mniejsze regiony, dzięki czemu nazwa „Lotaryngia” przypadła dawnej Górnej Lotaryngii.","История Лотарингии начинается с независимого каролингского королевства под управлением короля Лотаря II. Поскольку в 869 году Лотарь II умер, не оставив наследников, его земли разделили Восточная и Западная Франкия. После частой смены владельцев в следующем веке, в 953 году Лотарингия была окончательно передана Бруно Великому его братом, немецким королем Оттоном I. Бруно разделил герцогство на Верхнюю и Нижнюю Лотарингию. Хотя после его смерти разделение стало постоянным, Нижняя Лотарингия распалась, так что для Верхней Лотарингии исчезла нужда уточнять, и она навсегда вернула себе прежнее название: просто Лотарингия.","로렌의 역사는 로타르 2세가 다스리던 카롤루스 왕국의 독립국 로타링기아에서 시작됩니다. 로타르 2세가 869년에 후계자 없이 사망하자, 로타르 2세의 영토는 분할되어 동프랑크와 서프랑크로 병합됩니다. 다음 한 세기 동안 빈번하게 주인이 바뀌던 로타링기아는 953년 독일의 왕 오토 1세가 자기 동생인 브룬 대공에게 주게 됩니다. 브룬 대공은 이 지역을 프랑스명인 로렌을 붙여 상로렌과 하로렌으로 나누었습니다. 브룬 대공 사후 이와 같은 분할은 영구적으로 굳어졌으나, 하로렌이 붕괴하면서 그 뒤로 상로렌이 로렌이라는 이름을 가져가게 되었습니다.",交易ロレーヌの歴史は、カロリング朝の独立国ロタリンギアとして、ロタール2世の支配の下に始まった。ロタール2世が世継ぎを残さずに869年に死去したため、その領土は東西フランクが分割した。その後は頻繁に所有者が変わったロタリンギアだったが、最終的には953年に兄のドイツ王オットー1世からブルーノ大公に寄贈された。ブルーノは公国を上下ロレーヌに分割した。この地のフランス語名がロレーヌだったからだ。分割は彼の死後に定着したが、下ロレーヌは崩壊し、上ロレーヌがロレーヌの名を永遠に自らのものとした,洛林的历史始于洛泰尔二世统治下的一个独立的卡洛林王国——洛塔林吉亚。当洛泰尔二世于869年逝世后，由于没有继承人，他的领土被分割为东法兰克和西法兰克。在接下来的一个世纪里，洛塔林吉亚的所有权几经变迁，最终在953年由布鲁诺大帝的兄弟——德意志国王奥托一世交给了他。布鲁诺大帝将这个公国划分为上洛林和下洛林，从此之后，洛林就成了法兰西一个地区的名称。虽然在布鲁诺死后，这种划分形式仍然保持了下来，但下洛林却解体了，留存下来的上洛林由此就永远独占了洛林这个名字。,洛林的歷史起源，來自洛泰爾二世轄下獨立的卡洛林帝國──洛塔林吉亞。在洛泰爾二世於869年逝世後，其領地被劃分為東、西法蘭克王國。接下來的一世紀裡其所有權頻繁易手，在953年時，最後布魯諾一世的哥哥鄂圖一世將洛塔林吉亞贈與了他。布魯諾將這座公國分為上洛林與下洛林，而洛林則是這個地區的法語名稱。雖然這個二分法在他死後仍永久有效，但下洛林的分崩離析使上洛林得以永遠自稱「洛林」。,"Lorraine'in tarihi, Kral II. Lothair - Lotharingia'nın yönetimi altındaki bağımsız Karolenj krallığı ile başlar. Lothair II, 869 yılında arkasında varis bırakmadan öldüğünden toprakları Doğu ve Batı Francia olmak üzere ikiye bölündü. Sonraki yüzyılda sık sık yönetimi değişen Lotharingia nihayet 953 yılında kardeşi Alman kralı Otto I tarafından Büyük Bruno'ya verildi. Bruno, düklüğü Yukarı ve Aşağı Lorraine olarak ayırdı. Lorraine, bölgenin Fransızca adıydı. Bölünme, ölümünden sonra kalıcı hale gelmesine rağmen Aşağı Lorraine dağıldı ve sonrasında Yukarı Lorraine'i artık yalnızca Lorraine olarak anılmaya başladı.","लोथर II के अधीन, आज़ाद कैरोलिंगियाई राज्य लोथरिंगिया से लॉरेन की हिस्ट्री शुरू होती है. 869 में लॉथेर II की मौत बिना वारिसों के हुई थी, इनका इलाका पूर्वी और पश्चिमी फ़्रांसिया में बंट गया. बाद की सदी में मालिकाना हक बार-बार बदलने से, अंत में लोथरिंगिया 953 में जर्मन राजा ऑटो I द्वारा अपने भाई ब्रूनो द ग्रेट को दे दिया गया. ब्रूनो ने डची को उच्च और निम्न लॉरेन में बांट दिया, लॉरेन इस इलाके के लिए इस्तेमाल होने वाला फ़्रेंच नाम था. हालांकि उसकी मौत के बाद विभाजन पक्का हो गया, निम्न लॉरेन अलग हो गया और हमेशा के लिए लॉरेन नाम को उच्च लॉरेन के लिए उसने छोड़ दिया.","Sejarah Lorraine dimulai dengan merdekanya kerajaan Karoling di bawah kepemimpinan Raja Lothair II - Lotharingia. Karena Lothair II wafat tanpa ahli waris pada tahun 869, wilayahnya dibagi antara Francia Timur dan Barat. Setelah sering berpindah kepemilikan sepanjang abad berikutnya, Lotharingia akhirnya diberikan kepada Bruno yang Agung pada tahun 953 oleh saudaranya, Raja Jerman Otto I. Bruno membagi duchy itu menjadi Lorraine Hulu dan Hilir, Lorraine menjadi nama yang digunakan untuk wilayah di Prancis. Meski pembagian tersebut menjadi permanen setelah kematiannya, Lorraine Hilir terpecah sehingga Lorraine Hulu bisa menggunakan nama Lorraine selamanya."
Milan.description,"In the early 12th century, Milan was already one of the most powerful communes in northern Italy, with ambitions that brought it into frequent conflict with neighboring cities and imperial authority. During the 11th century, Milan gradually loosened its ties to the Holy Roman Empire as the city’s bishop and aristocratic families accumulated both spiritual and temporal power. The Investiture Controversy, pitting the papacy against the empire, further strengthened Milan’s independence, as the city often aligned with reformist popes against imperial influence. By the decades leading up to 1110, Milan had asserted itself as the dominant force in Lombardy, challenging imperial authority not only through politics but also by expanding its military and economic influence over nearby towns and trade routes.","L'histoire de la Lorraine commença avec le royaume carolingien indépendant, sous le règne du roi Lothair II : la Lotharingie. Lothair II étant mort sans héritiers en 869, son territoire fut divisé entre la Francie orientale et la Francie occidentale. Après avoir souvent changé de souverain pendant le siècle suivant, la Lotharingie fut finalement cédée à Bruno le Grand en 953 par son frère, le roi allemand Otton Ier. Bruno divisa le duché en Haute et Basse Lorraine, Lorraine étant le nom utilisé pour désigner la région en langue française. Bien que la division soit devenue permanente après sa mort, la Basse-Lorraine s'est désintégrée, laissant la Haute-Lorraine libre de s'approprier définitivement le nom de Lorraine.","Die Geschichte Lothringens beginnt mit dem unabhängigen karolingischen Königreich unter der Herrschaft König Lothars II. – Lotharingien. Als Lothar II. im Jahr 869 ohne Erben verstorben war, wurde sein Territorium zwischen Ost- und Westfranken aufgeteilt. Nachdem der Besitz im folgenden Jahrhundert mehrfach gewechselt hatte, ging Lotharingien schließlich im Jahre 953 an Bruno den Großen über, nachdem sein Bruder – der ostfränkische König Otto I. – das Herzogtum in Ober- und Niederlothringen unterteilt hatte. Der Name, mit dem die Region im Französischen bezeichnet wird, lautet „Lorraine“. Obwohl die Teilung nach seinem Tode dauerhaft wurde, löste sich Niederlothringen auf und ließ so Oberlothringen die Möglichkeit, den Namen „Lothringen“ für immer für sich zu beanspruchen.","La historia de Lorena comienza con el reino carolingio independiente bajo el gobierno del rey Lotario II de Lotaringia. Como Lotario II había muerto sin herederos en el año 869, su territorio se dividió entre el este y el oeste de Francia. Después de cambiar frecuentemente de propiedad en el siglo siguiente, Lotaringia finalmente fue entregada a Bruno el Magno en 953 por su hermano, el rey germano Otón I. Bruno dividió el ducado en Alta y Baja Lorena, siendo Lorraine el nombre usado para la región en francés. Aunque la división se hizo permanente tras su muerte, Baja Lorena se desintegró, dejando a Alta Lorena libre de tomar el nombre de Lorena para siempre como propio.","Historia Lotaryngii sięga niepodległego królestwa karolińskiego, którym władał Lotar II. To właśnie od jego imienia pochodzi nazwa Lotaryngii – „Lothari Regnum”. Kiedy Lothar II zmarł bezpotomnie, królestwo podzielono między dwóch stryjów władających w tym czasie państwem zachodniofrankijskim i wschodniofrankijskim. Przez następne stulecie ziemie Lotaryngii przechodziły z rąk do rąk. W 953 r. Otton I oddał je swojemu bratu, arcybiskupowi Brunonowi (pełniącemu też funkcję kanclerza państwa wschodniofrankijskiego). Ten zaś podzielił księstwo na Górną i Dolną Lotaryngię. Po śmierci Brunona kraina pozostawała podzielona, jednak jej północna część z czasem rozpadła się na mniejsze regiony, dzięki czemu nazwa „Lotaryngia” przypadła dawnej Górnej Lotaryngii.","История Лотарингии начинается с независимого каролингского королевства под управлением короля Лотаря II. Поскольку в 869 году Лотарь II умер, не оставив наследников, его земли разделили Восточная и Западная Франкия. После частой смены владельцев в следующем веке, в 953 году Лотарингия была окончательно передана Бруно Великому его братом, немецким королем Оттоном I. Бруно разделил герцогство на Верхнюю и Нижнюю Лотарингию. Хотя после его смерти разделение стало постоянным, Нижняя Лотарингия распалась, так что для Верхней Лотарингии исчезла нужда уточнять, и она навсегда вернула себе прежнее название: просто Лотарингия.","로렌의 역사는 로타르 2세가 다스리던 카롤루스 왕국의 독립국 로타링기아에서 시작됩니다. 로타르 2세가 869년에 후계자 없이 사망하자, 로타르 2세의 영토는 분할되어 동프랑크와 서프랑크로 병합됩니다. 다음 한 세기 동안 빈번하게 주인이 바뀌던 로타링기아는 953년 독일의 왕 오토 1세가 자기 동생인 브룬 대공에게 주게 됩니다. 브룬 대공은 이 지역을 프랑스명인 로렌을 붙여 상로렌과 하로렌으로 나누었습니다. 브룬 대공 사후 이와 같은 분할은 영구적으로 굳어졌으나, 하로렌이 붕괴하면서 그 뒤로 상로렌이 로렌이라는 이름을 가져가게 되었습니다.",交易ロレーヌの歴史は、カロリング朝の独立国ロタリンギアとして、ロタール2世の支配の下に始まった。ロタール2世が世継ぎを残さずに869年に死去したため、その領土は東西フランクが分割した。その後は頻繁に所有者が変わったロタリンギアだったが、最終的には953年に兄のドイツ王オットー1世からブルーノ大公に寄贈された。ブルーノは公国を上下ロレーヌに分割した。この地のフランス語名がロレーヌだったからだ。分割は彼の死後に定着したが、下ロレーヌは崩壊し、上ロレーヌがロレーヌの名を永遠に自らのものとした,洛林的历史始于洛泰尔二世统治下的一个独立的卡洛林王国——洛塔林吉亚。当洛泰尔二世于869年逝世后，由于没有继承人，他的领土被分割为东法兰克和西法兰克。在接下来的一个世纪里，洛塔林吉亚的所有权几经变迁，最终在953年由布鲁诺大帝的兄弟——德意志国王奥托一世交给了他。布鲁诺大帝将这个公国划分为上洛林和下洛林，从此之后，洛林就成了法兰西一个地区的名称。虽然在布鲁诺死后，这种划分形式仍然保持了下来，但下洛林却解体了，留存下来的上洛林由此就永远独占了洛林这个名字。,洛林的歷史起源，來自洛泰爾二世轄下獨立的卡洛林帝國──洛塔林吉亞。在洛泰爾二世於869年逝世後，其領地被劃分為東、西法蘭克王國。接下來的一世紀裡其所有權頻繁易手，在953年時，最後布魯諾一世的哥哥鄂圖一世將洛塔林吉亞贈與了他。布魯諾將這座公國分為上洛林與下洛林，而洛林則是這個地區的法語名稱。雖然這個二分法在他死後仍永久有效，但下洛林的分崩離析使上洛林得以永遠自稱「洛林」。,"Lorraine'in tarihi, Kral II. Lothair - Lotharingia'nın yönetimi altındaki bağımsız Karolenj krallığı ile başlar. Lothair II, 869 yılında arkasında varis bırakmadan öldüğünden toprakları Doğu ve Batı Francia olmak üzere ikiye bölündü. Sonraki yüzyılda sık sık yönetimi değişen Lotharingia nihayet 953 yılında kardeşi Alman kralı Otto I tarafından Büyük Bruno'ya verildi. Bruno, düklüğü Yukarı ve Aşağı Lorraine olarak ayırdı. Lorraine, bölgenin Fransızca adıydı. Bölünme, ölümünden sonra kalıcı hale gelmesine rağmen Aşağı Lorraine dağıldı ve sonrasında Yukarı Lorraine'i artık yalnızca Lorraine olarak anılmaya başladı.","लोथर II के अधीन, आज़ाद कैरोलिंगियाई राज्य लोथरिंगिया से लॉरेन की हिस्ट्री शुरू होती है. 869 में लॉथेर II की मौत बिना वारिसों के हुई थी, इनका इलाका पूर्वी और पश्चिमी फ़्रांसिया में बंट गया. बाद की सदी में मालिकाना हक बार-बार बदलने से, अंत में लोथरिंगिया 953 में जर्मन राजा ऑटो I द्वारा अपने भाई ब्रूनो द ग्रेट को दे दिया गया. ब्रूनो ने डची को उच्च और निम्न लॉरेन में बांट दिया, लॉरेन इस इलाके के लिए इस्तेमाल होने वाला फ़्रेंच नाम था. हालांकि उसकी मौत के बाद विभाजन पक्का हो गया, निम्न लॉरेन अलग हो गया और हमेशा के लिए लॉरेन नाम को उच्च लॉरेन के लिए उसने छोड़ दिया.","Sejarah Lorraine dimulai dengan merdekanya kerajaan Karoling di bawah kepemimpinan Raja Lothair II - Lotharingia. Karena Lothair II wafat tanpa ahli waris pada tahun 869, wilayahnya dibagi antara Francia Timur dan Barat. Setelah sering berpindah kepemilikan sepanjang abad berikutnya, Lotharingia akhirnya diberikan kepada Bruno yang Agung pada tahun 953 oleh saudaranya, Raja Jerman Otto I. Bruno membagi duchy itu menjadi Lorraine Hulu dan Hilir, Lorraine menjadi nama yang digunakan untuk wilayah di Prancis. Meski pembagian tersebut menjadi permanen setelah kematiannya, Lorraine Hilir terpecah sehingga Lorraine Hulu bisa menggunakan nama Lorraine selamanya."
Obotrites.description,"In the early 12th century, Milan was already one of the most powerful communes in northern Italy, with ambitions that brought it into frequent conflict with neighboring cities and imperial authority. During the 11th century, Milan gradually loosened its ties to the Holy Roman Empire as the city’s bishop and aristocratic families accumulated both spiritual and temporal power. The Investiture Controversy, pitting the papacy against the empire, further strengthened Milan’s independence, as the city often aligned with reformist popes against imperial influence. By the decades leading up to 1110, Milan had asserted itself as the dominant force in Lombardy, challenging imperial authority not only through politics but also by expanding its military and economic influence over nearby towns and trade routes.","L'histoire de la Lorraine commença avec le royaume carolingien indépendant, sous le règne du roi Lothair II : la Lotharingie. Lothair II étant mort sans héritiers en 869, son territoire fut divisé entre la Francie orientale et la Francie occidentale. Après avoir souvent changé de souverain pendant le siècle suivant, la Lotharingie fut finalement cédée à Bruno le Grand en 953 par son frère, le roi allemand Otton Ier. Bruno divisa le duché en Haute et Basse Lorraine, Lorraine étant le nom utilisé pour désigner la région en langue française. Bien que la division soit devenue permanente après sa mort, la Basse-Lorraine s'est désintégrée, laissant la Haute-Lorraine libre de s'approprier définitivement le nom de Lorraine.","Die Geschichte Lothringens beginnt mit dem unabhängigen karolingischen Königreich unter der Herrschaft König Lothars II. – Lotharingien. Als Lothar II. im Jahr 869 ohne Erben verstorben war, wurde sein Territorium zwischen Ost- und Westfranken aufgeteilt. Nachdem der Besitz im folgenden Jahrhundert mehrfach gewechselt hatte, ging Lotharingien schließlich im Jahre 953 an Bruno den Großen über, nachdem sein Bruder – der ostfränkische König Otto I. – das Herzogtum in Ober- und Niederlothringen unterteilt hatte. Der Name, mit dem die Region im Französischen bezeichnet wird, lautet „Lorraine“. Obwohl die Teilung nach seinem Tode dauerhaft wurde, löste sich Niederlothringen auf und ließ so Oberlothringen die Möglichkeit, den Namen „Lothringen“ für immer für sich zu beanspruchen.","La historia de Lorena comienza con el reino carolingio independiente bajo el gobierno del rey Lotario II de Lotaringia. Como Lotario II había muerto sin herederos en el año 869, su territorio se dividió entre el este y el oeste de Francia. Después de cambiar frecuentemente de propiedad en el siglo siguiente, Lotaringia finalmente fue entregada a Bruno el Magno en 953 por su hermano, el rey germano Otón I. Bruno dividió el ducado en Alta y Baja Lorena, siendo Lorraine el nombre usado para la región en francés. Aunque la división se hizo permanente tras su muerte, Baja Lorena se desintegró, dejando a Alta Lorena libre de tomar el nombre de Lorena para siempre como propio.","Historia Lotaryngii sięga niepodległego królestwa karolińskiego, którym władał Lotar II. To właśnie od jego imienia pochodzi nazwa Lotaryngii – „Lothari Regnum”. Kiedy Lothar II zmarł bezpotomnie, królestwo podzielono między dwóch stryjów władających w tym czasie państwem zachodniofrankijskim i wschodniofrankijskim. Przez następne stulecie ziemie Lotaryngii przechodziły z rąk do rąk. W 953 r. Otton I oddał je swojemu bratu, arcybiskupowi Brunonowi (pełniącemu też funkcję kanclerza państwa wschodniofrankijskiego). Ten zaś podzielił księstwo na Górną i Dolną Lotaryngię. Po śmierci Brunona kraina pozostawała podzielona, jednak jej północna część z czasem rozpadła się na mniejsze regiony, dzięki czemu nazwa „Lotaryngia” przypadła dawnej Górnej Lotaryngii.","История Лотарингии начинается с независимого каролингского королевства под управлением короля Лотаря II. Поскольку в 869 году Лотарь II умер, не оставив наследников, его земли разделили Восточная и Западная Франкия. После частой смены владельцев в следующем веке, в 953 году Лотарингия была окончательно передана Бруно Великому его братом, немецким королем Оттоном I. Бруно разделил герцогство на Верхнюю и Нижнюю Лотарингию. Хотя после его смерти разделение стало постоянным, Нижняя Лотарингия распалась, так что для Верхней Лотарингии исчезла нужда уточнять, и она навсегда вернула себе прежнее название: просто Лотарингия.","로렌의 역사는 로타르 2세가 다스리던 카롤루스 왕국의 독립국 로타링기아에서 시작됩니다. 로타르 2세가 869년에 후계자 없이 사망하자, 로타르 2세의 영토는 분할되어 동프랑크와 서프랑크로 병합됩니다. 다음 한 세기 동안 빈번하게 주인이 바뀌던 로타링기아는 953년 독일의 왕 오토 1세가 자기 동생인 브룬 대공에게 주게 됩니다. 브룬 대공은 이 지역을 프랑스명인 로렌을 붙여 상로렌과 하로렌으로 나누었습니다. 브룬 대공 사후 이와 같은 분할은 영구적으로 굳어졌으나, 하로렌이 붕괴하면서 그 뒤로 상로렌이 로렌이라는 이름을 가져가게 되었습니다.",交易ロレーヌの歴史は、カロリング朝の独立国ロタリンギアとして、ロタール2世の支配の下に始まった。ロタール2世が世継ぎを残さずに869年に死去したため、その領土は東西フランクが分割した。その後は頻繁に所有者が変わったロタリンギアだったが、最終的には953年に兄のドイツ王オットー1世からブルーノ大公に寄贈された。ブルーノは公国を上下ロレーヌに分割した。この地のフランス語名がロレーヌだったからだ。分割は彼の死後に定着したが、下ロレーヌは崩壊し、上ロレーヌがロレーヌの名を永遠に自らのものとした,洛林的历史始于洛泰尔二世统治下的一个独立的卡洛林王国——洛塔林吉亚。当洛泰尔二世于869年逝世后，由于没有继承人，他的领土被分割为东法兰克和西法兰克。在接下来的一个世纪里，洛塔林吉亚的所有权几经变迁，最终在953年由布鲁诺大帝的兄弟——德意志国王奥托一世交给了他。布鲁诺大帝将这个公国划分为上洛林和下洛林，从此之后，洛林就成了法兰西一个地区的名称。虽然在布鲁诺死后，这种划分形式仍然保持了下来，但下洛林却解体了，留存下来的上洛林由此就永远独占了洛林这个名字。,洛林的歷史起源，來自洛泰爾二世轄下獨立的卡洛林帝國──洛塔林吉亞。在洛泰爾二世於869年逝世後，其領地被劃分為東、西法蘭克王國。接下來的一世紀裡其所有權頻繁易手，在953年時，最後布魯諾一世的哥哥鄂圖一世將洛塔林吉亞贈與了他。布魯諾將這座公國分為上洛林與下洛林，而洛林則是這個地區的法語名稱。雖然這個二分法在他死後仍永久有效，但下洛林的分崩離析使上洛林得以永遠自稱「洛林」。,"Lorraine'in tarihi, Kral II. Lothair - Lotharingia'nın yönetimi altındaki bağımsız Karolenj krallığı ile başlar. Lothair II, 869 yılında arkasında varis bırakmadan öldüğünden toprakları Doğu ve Batı Francia olmak üzere ikiye bölündü. Sonraki yüzyılda sık sık yönetimi değişen Lotharingia nihayet 953 yılında kardeşi Alman kralı Otto I tarafından Büyük Bruno'ya verildi. Bruno, düklüğü Yukarı ve Aşağı Lorraine olarak ayırdı. Lorraine, bölgenin Fransızca adıydı. Bölünme, ölümünden sonra kalıcı hale gelmesine rağmen Aşağı Lorraine dağıldı ve sonrasında Yukarı Lorraine'i artık yalnızca Lorraine olarak anılmaya başladı.","लोथर II के अधीन, आज़ाद कैरोलिंगियाई राज्य लोथरिंगिया से लॉरेन की हिस्ट्री शुरू होती है. 869 में लॉथेर II की मौत बिना वारिसों के हुई थी, इनका इलाका पूर्वी और पश्चिमी फ़्रांसिया में बंट गया. बाद की सदी में मालिकाना हक बार-बार बदलने से, अंत में लोथरिंगिया 953 में जर्मन राजा ऑटो I द्वारा अपने भाई ब्रूनो द ग्रेट को दे दिया गया. ब्रूनो ने डची को उच्च और निम्न लॉरेन में बांट दिया, लॉरेन इस इलाके के लिए इस्तेमाल होने वाला फ़्रेंच नाम था. हालांकि उसकी मौत के बाद विभाजन पक्का हो गया, निम्न लॉरेन अलग हो गया और हमेशा के लिए लॉरेन नाम को उच्च लॉरेन के लिए उसने छोड़ दिया.","Sejarah Lorraine dimulai dengan merdekanya kerajaan Karoling di bawah kepemimpinan Raja Lothair II - Lotharingia. Karena Lothair II wafat tanpa ahli waris pada tahun 869, wilayahnya dibagi antara Francia Timur dan Barat. Setelah sering berpindah kepemilikan sepanjang abad berikutnya, Lotharingia akhirnya diberikan kepada Bruno yang Agung pada tahun 953 oleh saudaranya, Raja Jerman Otto I. Bruno membagi duchy itu menjadi Lorraine Hulu dan Hilir, Lorraine menjadi nama yang digunakan untuk wilayah di Prancis. Meski pembagian tersebut menjadi permanen setelah kematiannya, Lorraine Hilir terpecah sehingga Lorraine Hulu bisa menggunakan nama Lorraine selamanya."
Hammamids.description,"The Hammadid Emirate, founded in 1014 by Hammad ibn Buluggin, emerged as a Berber dynasty in present-day Algeria after breaking away from the Zirid rulers of Ifriqiya. From its capital at Qal‘at Bani Hammad, a formidable mountain stronghold, the emirate grew into a center of trade, culture, and Islamic scholarship. Throughout the 11th century, the Hammadids balanced their independence by alternating alliances and conflicts with both the Zirids and the Fatimids, while also fending off nomadic incursions. By the decades before 1110, the emirate had consolidated control over much of central Maghreb, with its capital flourishing as a political and cultural hub.","L'histoire de la Lorraine commença avec le royaume carolingien indépendant, sous le règne du roi Lothair II : la Lotharingie. Lothair II étant mort sans héritiers en 869, son territoire fut divisé entre la Francie orientale et la Francie occidentale. Après avoir souvent changé de souverain pendant le siècle suivant, la Lotharingie fut finalement cédée à Bruno le Grand en 953 par son frère, le roi allemand Otton Ier. Bruno divisa le duché en Haute et Basse Lorraine, Lorraine étant le nom utilisé pour désigner la région en langue française. Bien que la division soit devenue permanente après sa mort, la Basse-Lorraine s'est désintégrée, laissant la Haute-Lorraine libre de s'approprier définitivement le nom de Lorraine.","Die Geschichte Lothringens beginnt mit dem unabhängigen karolingischen Königreich unter der Herrschaft König Lothars II. – Lotharingien. Als Lothar II. im Jahr 869 ohne Erben verstorben war, wurde sein Territorium zwischen Ost- und Westfranken aufgeteilt. Nachdem der Besitz im folgenden Jahrhundert mehrfach gewechselt hatte, ging Lotharingien schließlich im Jahre 953 an Bruno den Großen über, nachdem sein Bruder – der ostfränkische König Otto I. – das Herzogtum in Ober- und Niederlothringen unterteilt hatte. Der Name, mit dem die Region im Französischen bezeichnet wird, lautet „Lorraine“. Obwohl die Teilung nach seinem Tode dauerhaft wurde, löste sich Niederlothringen auf und ließ so Oberlothringen die Möglichkeit, den Namen „Lothringen“ für immer für sich zu beanspruchen.","La historia de Lorena comienza con el reino carolingio independiente bajo el gobierno del rey Lotario II de Lotaringia. Como Lotario II había muerto sin herederos en el año 869, su territorio se dividió entre el este y el oeste de Francia. Después de cambiar frecuentemente de propiedad en el siglo siguiente, Lotaringia finalmente fue entregada a Bruno el Magno en 953 por su hermano, el rey germano Otón I. Bruno dividió el ducado en Alta y Baja Lorena, siendo Lorraine el nombre usado para la región en francés. Aunque la división se hizo permanente tras su muerte, Baja Lorena se desintegró, dejando a Alta Lorena libre de tomar el nombre de Lorena para siempre como propio.","Historia Lotaryngii sięga niepodległego królestwa karolińskiego, którym władał Lotar II. To właśnie od jego imienia pochodzi nazwa Lotaryngii – „Lothari Regnum”. Kiedy Lothar II zmarł bezpotomnie, królestwo podzielono między dwóch stryjów władających w tym czasie państwem zachodniofrankijskim i wschodniofrankijskim. Przez następne stulecie ziemie Lotaryngii przechodziły z rąk do rąk. W 953 r. Otton I oddał je swojemu bratu, arcybiskupowi Brunonowi (pełniącemu też funkcję kanclerza państwa wschodniofrankijskiego). Ten zaś podzielił księstwo na Górną i Dolną Lotaryngię. Po śmierci Brunona kraina pozostawała podzielona, jednak jej północna część z czasem rozpadła się na mniejsze regiony, dzięki czemu nazwa „Lotaryngia” przypadła dawnej Górnej Lotaryngii.","История Лотарингии начинается с независимого каролингского королевства под управлением короля Лотаря II. Поскольку в 869 году Лотарь II умер, не оставив наследников, его земли разделили Восточная и Западная Франкия. После частой смены владельцев в следующем веке, в 953 году Лотарингия была окончательно передана Бруно Великому его братом, немецким королем Оттоном I. Бруно разделил герцогство на Верхнюю и Нижнюю Лотарингию. Хотя после его смерти разделение стало постоянным, Нижняя Лотарингия распалась, так что для Верхней Лотарингии исчезла нужда уточнять, и она навсегда вернула себе прежнее название: просто Лотарингия.","로렌의 역사는 로타르 2세가 다스리던 카롤루스 왕국의 독립국 로타링기아에서 시작됩니다. 로타르 2세가 869년에 후계자 없이 사망하자, 로타르 2세의 영토는 분할되어 동프랑크와 서프랑크로 병합됩니다. 다음 한 세기 동안 빈번하게 주인이 바뀌던 로타링기아는 953년 독일의 왕 오토 1세가 자기 동생인 브룬 대공에게 주게 됩니다. 브룬 대공은 이 지역을 프랑스명인 로렌을 붙여 상로렌과 하로렌으로 나누었습니다. 브룬 대공 사후 이와 같은 분할은 영구적으로 굳어졌으나, 하로렌이 붕괴하면서 그 뒤로 상로렌이 로렌이라는 이름을 가져가게 되었습니다.",交易ロレーヌの歴史は、カロリング朝の独立国ロタリンギアとして、ロタール2世の支配の下に始まった。ロタール2世が世継ぎを残さずに869年に死去したため、その領土は東西フランクが分割した。その後は頻繁に所有者が変わったロタリンギアだったが、最終的には953年に兄のドイツ王オットー1世からブルーノ大公に寄贈された。ブルーノは公国を上下ロレーヌに分割した。この地のフランス語名がロレーヌだったからだ。分割は彼の死後に定着したが、下ロレーヌは崩壊し、上ロレーヌがロレーヌの名を永遠に自らのものとした,洛林的历史始于洛泰尔二世统治下的一个独立的卡洛林王国——洛塔林吉亚。当洛泰尔二世于869年逝世后，由于没有继承人，他的领土被分割为东法兰克和西法兰克。在接下来的一个世纪里，洛塔林吉亚的所有权几经变迁，最终在953年由布鲁诺大帝的兄弟——德意志国王奥托一世交给了他。布鲁诺大帝将这个公国划分为上洛林和下洛林，从此之后，洛林就成了法兰西一个地区的名称。虽然在布鲁诺死后，这种划分形式仍然保持了下来，但下洛林却解体了，留存下来的上洛林由此就永远独占了洛林这个名字。,洛林的歷史起源，來自洛泰爾二世轄下獨立的卡洛林帝國──洛塔林吉亞。在洛泰爾二世於869年逝世後，其領地被劃分為東、西法蘭克王國。接下來的一世紀裡其所有權頻繁易手，在953年時，最後布魯諾一世的哥哥鄂圖一世將洛塔林吉亞贈與了他。布魯諾將這座公國分為上洛林與下洛林，而洛林則是這個地區的法語名稱。雖然這個二分法在他死後仍永久有效，但下洛林的分崩離析使上洛林得以永遠自稱「洛林」。,"Lorraine'in tarihi, Kral II. Lothair - Lotharingia'nın yönetimi altındaki bağımsız Karolenj krallığı ile başlar. Lothair II, 869 yılında arkasında varis bırakmadan öldüğünden toprakları Doğu ve Batı Francia olmak üzere ikiye bölündü. Sonraki yüzyılda sık sık yönetimi değişen Lotharingia nihayet 953 yılında kardeşi Alman kralı Otto I tarafından Büyük Bruno'ya verildi. Bruno, düklüğü Yukarı ve Aşağı Lorraine olarak ayırdı. Lorraine, bölgenin Fransızca adıydı. Bölünme, ölümünden sonra kalıcı hale gelmesine rağmen Aşağı Lorraine dağıldı ve sonrasında Yukarı Lorraine'i artık yalnızca Lorraine olarak anılmaya başladı.","लोथर II के अधीन, आज़ाद कैरोलिंगियाई राज्य लोथरिंगिया से लॉरेन की हिस्ट्री शुरू होती है. 869 में लॉथेर II की मौत बिना वारिसों के हुई थी, इनका इलाका पूर्वी और पश्चिमी फ़्रांसिया में बंट गया. बाद की सदी में मालिकाना हक बार-बार बदलने से, अंत में लोथरिंगिया 953 में जर्मन राजा ऑटो I द्वारा अपने भाई ब्रूनो द ग्रेट को दे दिया गया. ब्रूनो ने डची को उच्च और निम्न लॉरेन में बांट दिया, लॉरेन इस इलाके के लिए इस्तेमाल होने वाला फ़्रेंच नाम था. हालांकि उसकी मौत के बाद विभाजन पक्का हो गया, निम्न लॉरेन अलग हो गया और हमेशा के लिए लॉरेन नाम को उच्च लॉरेन के लिए उसने छोड़ दिया.","Sejarah Lorraine dimulai dengan merdekanya kerajaan Karoling di bawah kepemimpinan Raja Lothair II - Lotharingia. Karena Lothair II wafat tanpa ahli waris pada tahun 869, wilayahnya dibagi antara Francia Timur dan Barat. Setelah sering berpindah kepemilikan sepanjang abad berikutnya, Lotharingia akhirnya diberikan kepada Bruno yang Agung pada tahun 953 oleh saudaranya, Raja Jerman Otto I. Bruno membagi duchy itu menjadi Lorraine Hulu dan Hilir, Lorraine menjadi nama yang digunakan untuk wilayah di Prancis. Meski pembagian tersebut menjadi permanen setelah kematiannya, Lorraine Hilir terpecah sehingga Lorraine Hulu bisa menggunakan nama Lorraine selamanya."
BanuHilal.description,"The Banū Hilāl were a confederation of Arab Bedouin tribes from the Arabian Peninsula who migrated westward into North Africa in the 11th century. Invited and encouraged by the Fatimids to weaken the Zirid dynasty of Ifriqiya, they crossed into the Maghreb around 1050, bringing with them vast numbers of people and herds. Their arrival marked a turning point in the region’s history: towns and agricultural lands suffered devastation, political structures were destabilized, and nomadic culture gained a stronger foothold in North Africa. By the years before 1110, the Banū Hilāl had permanently altered the demographic, linguistic, and cultural landscape of the Maghreb, laying the groundwork for the Arabization of much of the region.","L'histoire de la Lorraine commença avec le royaume carolingien indépendant, sous le règne du roi Lothair II : la Lotharingie. Lothair II étant mort sans héritiers en 869, son territoire fut divisé entre la Francie orientale et la Francie occidentale. Après avoir souvent changé de souverain pendant le siècle suivant, la Lotharingie fut finalement cédée à Bruno le Grand en 953 par son frère, le roi allemand Otton Ier. Bruno divisa le duché en Haute et Basse Lorraine, Lorraine étant le nom utilisé pour désigner la région en langue française. Bien que la division soit devenue permanente après sa mort, la Basse-Lorraine s'est désintégrée, laissant la Haute-Lorraine libre de s'approprier définitivement le nom de Lorraine.","Die Geschichte Lothringens beginnt mit dem unabhängigen karolingischen Königreich unter der Herrschaft König Lothars II. – Lotharingien. Als Lothar II. im Jahr 869 ohne Erben verstorben war, wurde sein Territorium zwischen Ost- und Westfranken aufgeteilt. Nachdem der Besitz im folgenden Jahrhundert mehrfach gewechselt hatte, ging Lotharingien schließlich im Jahre 953 an Bruno den Großen über, nachdem sein Bruder – der ostfränkische König Otto I. – das Herzogtum in Ober- und Niederlothringen unterteilt hatte. Der Name, mit dem die Region im Französischen bezeichnet wird, lautet „Lorraine“. Obwohl die Teilung nach seinem Tode dauerhaft wurde, löste sich Niederlothringen auf und ließ so Oberlothringen die Möglichkeit, den Namen „Lothringen“ für immer für sich zu beanspruchen.","La historia de Lorena comienza con el reino carolingio independiente bajo el gobierno del rey Lotario II de Lotaringia. Como Lotario II había muerto sin herederos en el año 869, su territorio se dividió entre el este y el oeste de Francia. Después de cambiar frecuentemente de propiedad en el siglo siguiente, Lotaringia finalmente fue entregada a Bruno el Magno en 953 por su hermano, el rey germano Otón I. Bruno dividió el ducado en Alta y Baja Lorena, siendo Lorraine el nombre usado para la región en francés. Aunque la división se hizo permanente tras su muerte, Baja Lorena se desintegró, dejando a Alta Lorena libre de tomar el nombre de Lorena para siempre como propio.","Historia Lotaryngii sięga niepodległego królestwa karolińskiego, którym władał Lotar II. To właśnie od jego imienia pochodzi nazwa Lotaryngii – „Lothari Regnum”. Kiedy Lothar II zmarł bezpotomnie, królestwo podzielono między dwóch stryjów władających w tym czasie państwem zachodniofrankijskim i wschodniofrankijskim. Przez następne stulecie ziemie Lotaryngii przechodziły z rąk do rąk. W 953 r. Otton I oddał je swojemu bratu, arcybiskupowi Brunonowi (pełniącemu też funkcję kanclerza państwa wschodniofrankijskiego). Ten zaś podzielił księstwo na Górną i Dolną Lotaryngię. Po śmierci Brunona kraina pozostawała podzielona, jednak jej północna część z czasem rozpadła się na mniejsze regiony, dzięki czemu nazwa „Lotaryngia” przypadła dawnej Górnej Lotaryngii.","История Лотарингии начинается с независимого каролингского королевства под управлением короля Лотаря II. Поскольку в 869 году Лотарь II умер, не оставив наследников, его земли разделили Восточная и Западная Франкия. После частой смены владельцев в следующем веке, в 953 году Лотарингия была окончательно передана Бруно Великому его братом, немецким королем Оттоном I. Бруно разделил герцогство на Верхнюю и Нижнюю Лотарингию. Хотя после его смерти разделение стало постоянным, Нижняя Лотарингия распалась, так что для Верхней Лотарингии исчезла нужда уточнять, и она навсегда вернула себе прежнее название: просто Лотарингия.","로렌의 역사는 로타르 2세가 다스리던 카롤루스 왕국의 독립국 로타링기아에서 시작됩니다. 로타르 2세가 869년에 후계자 없이 사망하자, 로타르 2세의 영토는 분할되어 동프랑크와 서프랑크로 병합됩니다. 다음 한 세기 동안 빈번하게 주인이 바뀌던 로타링기아는 953년 독일의 왕 오토 1세가 자기 동생인 브룬 대공에게 주게 됩니다. 브룬 대공은 이 지역을 프랑스명인 로렌을 붙여 상로렌과 하로렌으로 나누었습니다. 브룬 대공 사후 이와 같은 분할은 영구적으로 굳어졌으나, 하로렌이 붕괴하면서 그 뒤로 상로렌이 로렌이라는 이름을 가져가게 되었습니다.",交易ロレーヌの歴史は、カロリング朝の独立国ロタリンギアとして、ロタール2世の支配の下に始まった。ロタール2世が世継ぎを残さずに869年に死去したため、その領土は東西フランクが分割した。その後は頻繁に所有者が変わったロタリンギアだったが、最終的には953年に兄のドイツ王オットー1世からブルーノ大公に寄贈された。ブルーノは公国を上下ロレーヌに分割した。この地のフランス語名がロレーヌだったからだ。分割は彼の死後に定着したが、下ロレーヌは崩壊し、上ロレーヌがロレーヌの名を永遠に自らのものとした,洛林的历史始于洛泰尔二世统治下的一个独立的卡洛林王国——洛塔林吉亚。当洛泰尔二世于869年逝世后，由于没有继承人，他的领土被分割为东法兰克和西法兰克。在接下来的一个世纪里，洛塔林吉亚的所有权几经变迁，最终在953年由布鲁诺大帝的兄弟——德意志国王奥托一世交给了他。布鲁诺大帝将这个公国划分为上洛林和下洛林，从此之后，洛林就成了法兰西一个地区的名称。虽然在布鲁诺死后，这种划分形式仍然保持了下来，但下洛林却解体了，留存下来的上洛林由此就永远独占了洛林这个名字。,洛林的歷史起源，來自洛泰爾二世轄下獨立的卡洛林帝國──洛塔林吉亞。在洛泰爾二世於869年逝世後，其領地被劃分為東、西法蘭克王國。接下來的一世紀裡其所有權頻繁易手，在953年時，最後布魯諾一世的哥哥鄂圖一世將洛塔林吉亞贈與了他。布魯諾將這座公國分為上洛林與下洛林，而洛林則是這個地區的法語名稱。雖然這個二分法在他死後仍永久有效，但下洛林的分崩離析使上洛林得以永遠自稱「洛林」。,"Lorraine'in tarihi, Kral II. Lothair - Lotharingia'nın yönetimi altındaki bağımsız Karolenj krallığı ile başlar. Lothair II, 869 yılında arkasında varis bırakmadan öldüğünden toprakları Doğu ve Batı Francia olmak üzere ikiye bölündü. Sonraki yüzyılda sık sık yönetimi değişen Lotharingia nihayet 953 yılında kardeşi Alman kralı Otto I tarafından Büyük Bruno'ya verildi. Bruno, düklüğü Yukarı ve Aşağı Lorraine olarak ayırdı. Lorraine, bölgenin Fransızca adıydı. Bölünme, ölümünden sonra kalıcı hale gelmesine rağmen Aşağı Lorraine dağıldı ve sonrasında Yukarı Lorraine'i artık yalnızca Lorraine olarak anılmaya başladı.","लोथर II के अधीन, आज़ाद कैरोलिंगियाई राज्य लोथरिंगिया से लॉरेन की हिस्ट्री शुरू होती है. 869 में लॉथेर II की मौत बिना वारिसों के हुई थी, इनका इलाका पूर्वी और पश्चिमी फ़्रांसिया में बंट गया. बाद की सदी में मालिकाना हक बार-बार बदलने से, अंत में लोथरिंगिया 953 में जर्मन राजा ऑटो I द्वारा अपने भाई ब्रूनो द ग्रेट को दे दिया गया. ब्रूनो ने डची को उच्च और निम्न लॉरेन में बांट दिया, लॉरेन इस इलाके के लिए इस्तेमाल होने वाला फ़्रेंच नाम था. हालांकि उसकी मौत के बाद विभाजन पक्का हो गया, निम्न लॉरेन अलग हो गया और हमेशा के लिए लॉरेन नाम को उच्च लॉरेन के लिए उसने छोड़ दिया.","Sejarah Lorraine dimulai dengan merdekanya kerajaan Karoling di bawah kepemimpinan Raja Lothair II - Lotharingia. Karena Lothair II wafat tanpa ahli waris pada tahun 869, wilayahnya dibagi antara Francia Timur dan Barat. Setelah sering berpindah kepemilikan sepanjang abad berikutnya, Lotharingia akhirnya diberikan kepada Bruno yang Agung pada tahun 953 oleh saudaranya, Raja Jerman Otto I. Bruno membagi duchy itu menjadi Lorraine Hulu dan Hilir, Lorraine menjadi nama yang digunakan untuk wilayah di Prancis. Meski pembagian tersebut menjadi permanen setelah kematiannya, Lorraine Hilir terpecah sehingga Lorraine Hulu bisa menggunakan nama Lorraine selamanya."
BanuSulaym.description,"The Banū Sulaym were an Arab tribal confederation originating from the Arabian Peninsula, closely linked to the Banū Hilāl. In the mid-11th century, they too were encouraged by the Fatimids to migrate westward into North Africa, joining the Hilālī movement against the Zirids of Ifriqiya. Their arrival, marked by waves of nomadic settlement and conflict, compounded the disruption of urban life and agriculture in the Maghreb. By the decades before 1110, the Banū Sulaym had become firmly established in Libya and parts of Tunisia, contributing to the long-term Arabization and nomadization of the central Maghreb.","L'histoire de la Lorraine commença avec le royaume carolingien indépendant, sous le règne du roi Lothair II : la Lotharingie. Lothair II étant mort sans héritiers en 869, son territoire fut divisé entre la Francie orientale et la Francie occidentale. Après avoir souvent changé de souverain pendant le siècle suivant, la Lotharingie fut finalement cédée à Bruno le Grand en 953 par son frère, le roi allemand Otton Ier. Bruno divisa le duché en Haute et Basse Lorraine, Lorraine étant le nom utilisé pour désigner la région en langue française. Bien que la division soit devenue permanente après sa mort, la Basse-Lorraine s'est désintégrée, laissant la Haute-Lorraine libre de s'approprier définitivement le nom de Lorraine.","Die Geschichte Lothringens beginnt mit dem unabhängigen karolingischen Königreich unter der Herrschaft König Lothars II. – Lotharingien. Als Lothar II. im Jahr 869 ohne Erben verstorben war, wurde sein Territorium zwischen Ost- und Westfranken aufgeteilt. Nachdem der Besitz im folgenden Jahrhundert mehrfach gewechselt hatte, ging Lotharingien schließlich im Jahre 953 an Bruno den Großen über, nachdem sein Bruder – der ostfränkische König Otto I. – das Herzogtum in Ober- und Niederlothringen unterteilt hatte. Der Name, mit dem die Region im Französischen bezeichnet wird, lautet „Lorraine“. Obwohl die Teilung nach seinem Tode dauerhaft wurde, löste sich Niederlothringen auf und ließ so Oberlothringen die Möglichkeit, den Namen „Lothringen“ für immer für sich zu beanspruchen.","La historia de Lorena comienza con el reino carolingio independiente bajo el gobierno del rey Lotario II de Lotaringia. Como Lotario II había muerto sin herederos en el año 869, su territorio se dividió entre el este y el oeste de Francia. Después de cambiar frecuentemente de propiedad en el siglo siguiente, Lotaringia finalmente fue entregada a Bruno el Magno en 953 por su hermano, el rey germano Otón I. Bruno dividió el ducado en Alta y Baja Lorena, siendo Lorraine el nombre usado para la región en francés. Aunque la división se hizo permanente tras su muerte, Baja Lorena se desintegró, dejando a Alta Lorena libre de tomar el nombre de Lorena para siempre como propio.","Historia Lotaryngii sięga niepodległego królestwa karolińskiego, którym władał Lotar II. To właśnie od jego imienia pochodzi nazwa Lotaryngii – „Lothari Regnum”. Kiedy Lothar II zmarł bezpotomnie, królestwo podzielono między dwóch stryjów władających w tym czasie państwem zachodniofrankijskim i wschodniofrankijskim. Przez następne stulecie ziemie Lotaryngii przechodziły z rąk do rąk. W 953 r. Otton I oddał je swojemu bratu, arcybiskupowi Brunonowi (pełniącemu też funkcję kanclerza państwa wschodniofrankijskiego). Ten zaś podzielił księstwo na Górną i Dolną Lotaryngię. Po śmierci Brunona kraina pozostawała podzielona, jednak jej północna część z czasem rozpadła się na mniejsze regiony, dzięki czemu nazwa „Lotaryngia” przypadła dawnej Górnej Lotaryngii.","История Лотарингии начинается с независимого каролингского королевства под управлением короля Лотаря II. Поскольку в 869 году Лотарь II умер, не оставив наследников, его земли разделили Восточная и Западная Франкия. После частой смены владельцев в следующем веке, в 953 году Лотарингия была окончательно передана Бруно Великому его братом, немецким королем Оттоном I. Бруно разделил герцогство на Верхнюю и Нижнюю Лотарингию. Хотя после его смерти разделение стало постоянным, Нижняя Лотарингия распалась, так что для Верхней Лотарингии исчезла нужда уточнять, и она навсегда вернула себе прежнее название: просто Лотарингия.","로렌의 역사는 로타르 2세가 다스리던 카롤루스 왕국의 독립국 로타링기아에서 시작됩니다. 로타르 2세가 869년에 후계자 없이 사망하자, 로타르 2세의 영토는 분할되어 동프랑크와 서프랑크로 병합됩니다. 다음 한 세기 동안 빈번하게 주인이 바뀌던 로타링기아는 953년 독일의 왕 오토 1세가 자기 동생인 브룬 대공에게 주게 됩니다. 브룬 대공은 이 지역을 프랑스명인 로렌을 붙여 상로렌과 하로렌으로 나누었습니다. 브룬 대공 사후 이와 같은 분할은 영구적으로 굳어졌으나, 하로렌이 붕괴하면서 그 뒤로 상로렌이 로렌이라는 이름을 가져가게 되었습니다.",交易ロレーヌの歴史は、カロリング朝の独立国ロタリンギアとして、ロタール2世の支配の下に始まった。ロタール2世が世継ぎを残さずに869年に死去したため、その領土は東西フランクが分割した。その後は頻繁に所有者が変わったロタリンギアだったが、最終的には953年に兄のドイツ王オットー1世からブルーノ大公に寄贈された。ブルーノは公国を上下ロレーヌに分割した。この地のフランス語名がロレーヌだったからだ。分割は彼の死後に定着したが、下ロレーヌは崩壊し、上ロレーヌがロレーヌの名を永遠に自らのものとした,洛林的历史始于洛泰尔二世统治下的一个独立的卡洛林王国——洛塔林吉亚。当洛泰尔二世于869年逝世后，由于没有继承人，他的领土被分割为东法兰克和西法兰克。在接下来的一个世纪里，洛塔林吉亚的所有权几经变迁，最终在953年由布鲁诺大帝的兄弟——德意志国王奥托一世交给了他。布鲁诺大帝将这个公国划分为上洛林和下洛林，从此之后，洛林就成了法兰西一个地区的名称。虽然在布鲁诺死后，这种划分形式仍然保持了下来，但下洛林却解体了，留存下来的上洛林由此就永远独占了洛林这个名字。,洛林的歷史起源，來自洛泰爾二世轄下獨立的卡洛林帝國──洛塔林吉亞。在洛泰爾二世於869年逝世後，其領地被劃分為東、西法蘭克王國。接下來的一世紀裡其所有權頻繁易手，在953年時，最後布魯諾一世的哥哥鄂圖一世將洛塔林吉亞贈與了他。布魯諾將這座公國分為上洛林與下洛林，而洛林則是這個地區的法語名稱。雖然這個二分法在他死後仍永久有效，但下洛林的分崩離析使上洛林得以永遠自稱「洛林」。,"Lorraine'in tarihi, Kral II. Lothair - Lotharingia'nın yönetimi altındaki bağımsız Karolenj krallığı ile başlar. Lothair II, 869 yılında arkasında varis bırakmadan öldüğünden toprakları Doğu ve Batı Francia olmak üzere ikiye bölündü. Sonraki yüzyılda sık sık yönetimi değişen Lotharingia nihayet 953 yılında kardeşi Alman kralı Otto I tarafından Büyük Bruno'ya verildi. Bruno, düklüğü Yukarı ve Aşağı Lorraine olarak ayırdı. Lorraine, bölgenin Fransızca adıydı. Bölünme, ölümünden sonra kalıcı hale gelmesine rağmen Aşağı Lorraine dağıldı ve sonrasında Yukarı Lorraine'i artık yalnızca Lorraine olarak anılmaya başladı.","लोथर II के अधीन, आज़ाद कैरोलिंगियाई राज्य लोथरिंगिया से लॉरेन की हिस्ट्री शुरू होती है. 869 में लॉथेर II की मौत बिना वारिसों के हुई थी, इनका इलाका पूर्वी और पश्चिमी फ़्रांसिया में बंट गया. बाद की सदी में मालिकाना हक बार-बार बदलने से, अंत में लोथरिंगिया 953 में जर्मन राजा ऑटो I द्वारा अपने भाई ब्रूनो द ग्रेट को दे दिया गया. ब्रूनो ने डची को उच्च और निम्न लॉरेन में बांट दिया, लॉरेन इस इलाके के लिए इस्तेमाल होने वाला फ़्रेंच नाम था. हालांकि उसकी मौत के बाद विभाजन पक्का हो गया, निम्न लॉरेन अलग हो गया और हमेशा के लिए लॉरेन नाम को उच्च लॉरेन के लिए उसने छोड़ दिया.","Sejarah Lorraine dimulai dengan merdekanya kerajaan Karoling di bawah kepemimpinan Raja Lothair II - Lotharingia. Karena Lothair II wafat tanpa ahli waris pada tahun 869, wilayahnya dibagi antara Francia Timur dan Barat. Setelah sering berpindah kepemilikan sepanjang abad berikutnya, Lotharingia akhirnya diberikan kepada Bruno yang Agung pada tahun 953 oleh saudaranya, Raja Jerman Otto I. Bruno membagi duchy itu menjadi Lorraine Hulu dan Hilir, Lorraine menjadi nama yang digunakan untuk wilayah di Prancis. Meski pembagian tersebut menjadi permanen setelah kematiannya, Lorraine Hilir terpecah sehingga Lorraine Hulu bisa menggunakan nama Lorraine selamanya."
BanuKhazrun.description,"The Banū Khazrūn were a Berber dynasty of the Maghrawa tribe who established control over Tripoli at the turn of the 11th century. Taking advantage of the weakening of Zirid authority in Ifriqiya, they carved out a semi-independent emirate along the Libyan coast. Though often pressured by both Zirids and Fatimids, the Khazrūn managed to hold Tripoli for much of the century, relying on local support and the city’s role as a maritime and trading hub. By the years before 1110, their rule represented a period of relative autonomy for Tripoli, set within the larger struggle between Berber dynasties, Arab tribal migrations, and shifting imperial ambitions in North Africa.","L'histoire de la Lorraine commença avec le royaume carolingien indépendant, sous le règne du roi Lothair II : la Lotharingie. Lothair II étant mort sans héritiers en 869, son territoire fut divisé entre la Francie orientale et la Francie occidentale. Après avoir souvent changé de souverain pendant le siècle suivant, la Lotharingie fut finalement cédée à Bruno le Grand en 953 par son frère, le roi allemand Otton Ier. Bruno divisa le duché en Haute et Basse Lorraine, Lorraine étant le nom utilisé pour désigner la région en langue française. Bien que la division soit devenue permanente après sa mort, la Basse-Lorraine s'est désintégrée, laissant la Haute-Lorraine libre de s'approprier définitivement le nom de Lorraine.","Die Geschichte Lothringens beginnt mit dem unabhängigen karolingischen Königreich unter der Herrschaft König Lothars II. – Lotharingien. Als Lothar II. im Jahr 869 ohne Erben verstorben war, wurde sein Territorium zwischen Ost- und Westfranken aufgeteilt. Nachdem der Besitz im folgenden Jahrhundert mehrfach gewechselt hatte, ging Lotharingien schließlich im Jahre 953 an Bruno den Großen über, nachdem sein Bruder – der ostfränkische König Otto I. – das Herzogtum in Ober- und Niederlothringen unterteilt hatte. Der Name, mit dem die Region im Französischen bezeichnet wird, lautet „Lorraine“. Obwohl die Teilung nach seinem Tode dauerhaft wurde, löste sich Niederlothringen auf und ließ so Oberlothringen die Möglichkeit, den Namen „Lothringen“ für immer für sich zu beanspruchen.","La historia de Lorena comienza con el reino carolingio independiente bajo el gobierno del rey Lotario II de Lotaringia. Como Lotario II había muerto sin herederos en el año 869, su territorio se dividió entre el este y el oeste de Francia. Después de cambiar frecuentemente de propiedad en el siglo siguiente, Lotaringia finalmente fue entregada a Bruno el Magno en 953 por su hermano, el rey germano Otón I. Bruno dividió el ducado en Alta y Baja Lorena, siendo Lorraine el nombre usado para la región en francés. Aunque la división se hizo permanente tras su muerte, Baja Lorena se desintegró, dejando a Alta Lorena libre de tomar el nombre de Lorena para siempre como propio.","Historia Lotaryngii sięga niepodległego królestwa karolińskiego, którym władał Lotar II. To właśnie od jego imienia pochodzi nazwa Lotaryngii – „Lothari Regnum”. Kiedy Lothar II zmarł bezpotomnie, królestwo podzielono między dwóch stryjów władających w tym czasie państwem zachodniofrankijskim i wschodniofrankijskim. Przez następne stulecie ziemie Lotaryngii przechodziły z rąk do rąk. W 953 r. Otton I oddał je swojemu bratu, arcybiskupowi Brunonowi (pełniącemu też funkcję kanclerza państwa wschodniofrankijskiego). Ten zaś podzielił księstwo na Górną i Dolną Lotaryngię. Po śmierci Brunona kraina pozostawała podzielona, jednak jej północna część z czasem rozpadła się na mniejsze regiony, dzięki czemu nazwa „Lotaryngia” przypadła dawnej Górnej Lotaryngii.","История Лотарингии начинается с независимого каролингского королевства под управлением короля Лотаря II. Поскольку в 869 году Лотарь II умер, не оставив наследников, его земли разделили Восточная и Западная Франкия. После частой смены владельцев в следующем веке, в 953 году Лотарингия была окончательно передана Бруно Великому его братом, немецким королем Оттоном I. Бруно разделил герцогство на Верхнюю и Нижнюю Лотарингию. Хотя после его смерти разделение стало постоянным, Нижняя Лотарингия распалась, так что для Верхней Лотарингии исчезла нужда уточнять, и она навсегда вернула себе прежнее название: просто Лотарингия.","로렌의 역사는 로타르 2세가 다스리던 카롤루스 왕국의 독립국 로타링기아에서 시작됩니다. 로타르 2세가 869년에 후계자 없이 사망하자, 로타르 2세의 영토는 분할되어 동프랑크와 서프랑크로 병합됩니다. 다음 한 세기 동안 빈번하게 주인이 바뀌던 로타링기아는 953년 독일의 왕 오토 1세가 자기 동생인 브룬 대공에게 주게 됩니다. 브룬 대공은 이 지역을 프랑스명인 로렌을 붙여 상로렌과 하로렌으로 나누었습니다. 브룬 대공 사후 이와 같은 분할은 영구적으로 굳어졌으나, 하로렌이 붕괴하면서 그 뒤로 상로렌이 로렌이라는 이름을 가져가게 되었습니다.",交易ロレーヌの歴史は、カロリング朝の独立国ロタリンギアとして、ロタール2世の支配の下に始まった。ロタール2世が世継ぎを残さずに869年に死去したため、その領土は東西フランクが分割した。その後は頻繁に所有者が変わったロタリンギアだったが、最終的には953年に兄のドイツ王オットー1世からブルーノ大公に寄贈された。ブルーノは公国を上下ロレーヌに分割した。この地のフランス語名がロレーヌだったからだ。分割は彼の死後に定着したが、下ロレーヌは崩壊し、上ロレーヌがロレーヌの名を永遠に自らのものとした,洛林的历史始于洛泰尔二世统治下的一个独立的卡洛林王国——洛塔林吉亚。当洛泰尔二世于869年逝世后，由于没有继承人，他的领土被分割为东法兰克和西法兰克。在接下来的一个世纪里，洛塔林吉亚的所有权几经变迁，最终在953年由布鲁诺大帝的兄弟——德意志国王奥托一世交给了他。布鲁诺大帝将这个公国划分为上洛林和下洛林，从此之后，洛林就成了法兰西一个地区的名称。虽然在布鲁诺死后，这种划分形式仍然保持了下来，但下洛林却解体了，留存下来的上洛林由此就永远独占了洛林这个名字。,洛林的歷史起源，來自洛泰爾二世轄下獨立的卡洛林帝國──洛塔林吉亞。在洛泰爾二世於869年逝世後，其領地被劃分為東、西法蘭克王國。接下來的一世紀裡其所有權頻繁易手，在953年時，最後布魯諾一世的哥哥鄂圖一世將洛塔林吉亞贈與了他。布魯諾將這座公國分為上洛林與下洛林，而洛林則是這個地區的法語名稱。雖然這個二分法在他死後仍永久有效，但下洛林的分崩離析使上洛林得以永遠自稱「洛林」。,"Lorraine'in tarihi, Kral II. Lothair - Lotharingia'nın yönetimi altındaki bağımsız Karolenj krallığı ile başlar. Lothair II, 869 yılında arkasında varis bırakmadan öldüğünden toprakları Doğu ve Batı Francia olmak üzere ikiye bölündü. Sonraki yüzyılda sık sık yönetimi değişen Lotharingia nihayet 953 yılında kardeşi Alman kralı Otto I tarafından Büyük Bruno'ya verildi. Bruno, düklüğü Yukarı ve Aşağı Lorraine olarak ayırdı. Lorraine, bölgenin Fransızca adıydı. Bölünme, ölümünden sonra kalıcı hale gelmesine rağmen Aşağı Lorraine dağıldı ve sonrasında Yukarı Lorraine'i artık yalnızca Lorraine olarak anılmaya başladı.","लोथर II के अधीन, आज़ाद कैरोलिंगियाई राज्य लोथरिंगिया से लॉरेन की हिस्ट्री शुरू होती है. 869 में लॉथेर II की मौत बिना वारिसों के हुई थी, इनका इलाका पूर्वी और पश्चिमी फ़्रांसिया में बंट गया. बाद की सदी में मालिकाना हक बार-बार बदलने से, अंत में लोथरिंगिया 953 में जर्मन राजा ऑटो I द्वारा अपने भाई ब्रूनो द ग्रेट को दे दिया गया. ब्रूनो ने डची को उच्च और निम्न लॉरेन में बांट दिया, लॉरेन इस इलाके के लिए इस्तेमाल होने वाला फ़्रेंच नाम था. हालांकि उसकी मौत के बाद विभाजन पक्का हो गया, निम्न लॉरेन अलग हो गया और हमेशा के लिए लॉरेन नाम को उच्च लॉरेन के लिए उसने छोड़ दिया.","Sejarah Lorraine dimulai dengan merdekanya kerajaan Karoling di bawah kepemimpinan Raja Lothair II - Lotharingia. Karena Lothair II wafat tanpa ahli waris pada tahun 869, wilayahnya dibagi antara Francia Timur dan Barat. Setelah sering berpindah kepemilikan sepanjang abad berikutnya, Lotharingia akhirnya diberikan kepada Bruno yang Agung pada tahun 953 oleh saudaranya, Raja Jerman Otto I. Bruno membagi duchy itu menjadi Lorraine Hulu dan Hilir, Lorraine menjadi nama yang digunakan untuk wilayah di Prancis. Meski pembagian tersebut menjadi permanen setelah kematiannya, Lorraine Hilir terpecah sehingga Lorraine Hulu bisa menggunakan nama Lorraine selamanya."
SicilyNorman.description,"In the 11th century Sicily was under Muslim control. The Lombard and Byzantine powers on the mainland started hiring Norman mercenaries, descendants of French and Vikings, to take care of the problem. And take care they did. Under Roger I, the Normans attacked the Saracen armies on the island. After taking Apulia and Calabria, Roger occupied Messina with an army of 700 knights. In 1068 Roger and his men defeated the Muslims at Musulmeri, but the decisive victory was yet to come. In 1091, after a long siege, Palermo fell into Norman Hands. The Saracen were thrown off the island and the Norman Kingdom of Sicily was born.","Au XIe siècle, la Sicile était sous contrôle musulman. Les pouvoirs lombard et byzantin sur le continent commencèrent à recruter des mercenaires normands, descendants de Français et de Vikings, pour régler le problème. Et ils le réglèrent. Sous la direction de Roger Ier, les Normands attaquèrent les armées sarrasines de l'île. Après avoir pris les Pouilles et la Calabre, Roger occupa Messine avec une armée de 700 chevaliers. En 1068, Roger et ses hommes vainquirent les musulmans à Musulmeri, mais la victoire décisive restait encore à venir. En 1091, après un long siège, Palerme tomba aux mains des Normands. Les Sarrasins furent chassés de l'île, et le royaume normand de Sicile naquit.","Im 11. Jahrhundert befand sich Sizilien unter muslimischer Kontrolle. Die Armeen der Langobarden und Byzantiner auf dem Festland begannen, normannische Söldner anzuheuern, Nachkommen der Franzosen und Wikinger, um sich des Problems anzunehmen. Und das taten sie äußerst gründlich. Unter Roger I. griffen die Normannen die Armeen der Sarazenen auf der Insel an. Nachdem er Apulien und Kalabrien eingenommen hatte, besetzte Roger mit einer Armee von 700 Rittern Messina. Im Jahre 1068 schlugen Roger und seine Männer die Muslime bei Misilmeri in die Flucht, doch der entscheidende Sieg sollte noch folgen. Im Jahre 1091 fiel Palermo nach langer Belagerung in die Hand der Normannen. Die Sarazenen wurden von der Insel vertrieben, und das normannische Königreich Sizilien war geboren.","En el siglo XI, Sicilia estaba bajo control musulmán. Las potencias lombarda y bizantina del continente comenzaron a contratar a mercenarios normandos, descendientes de franceses y vikingos, para que se hicieran cargo del problema. Y eso hicieron: los normandos, bajo las órdenes de Roger I, atacaron a los ejércitos sarracenos en la isla. Después de tomar Apulia y Calabria, Roger ocupó Mesina con un ejército de 700 caballeros. En 1068, Roger y sus hombres derrotaron a los musulmanes en Musulmeri, pero la victoria decisiva aún estaba por llegar: en el año 1091, tras un largo asedio, Palermo cayó en manos normandas. Los sarracenos fueron expulsados de la isla y nació el reino normando de Sicilia.","W XI w. Sycylią rządzili muzułmanie. Kontynentalne ośrodki władzy, Lombardia oraz Bizancjum, aby pozbyć się kłopotu, postanowiły posłużyć się normańskimi najemnikami, potomkami Francuzów i wikingów. Plan się powiódł. Pod dowództwem Rogera I Normanowie uderzyli na armie Saracenów stacjonujące na wyspie. Po zajęciu Apulii i Kalabrii wojska Rogera w sile siedmiuset rycerzy rozpoczęły okupację Mesyny. W 1068 r. Roger i jego ludzie pokonali muzułmanów pod Misilmeri, lecz ostateczne zwycięstwo miało dopiero nadejść. W 1091 r., po długim oblężeniu, Palermo wpadło w ręce Normanów. Saracenów wyparto z wyspy i tak narodziło się Królestwo Sycylii.","В XI веке Сицилия находилась под контролем мусульман. Ломбардская и византийская державы на материке начали нанимать норманнских наемников, потомков французов и викингов, чтобы решить эту проблему. И проблема была решена. Под предводительством Рожера I норманны напали на сарацинские армии на острове. Захватив Апулию и Калабрию, Рожер занял Мессину с армией из 700 рыцарей. В 1068 году Рожер и его люди разбили мусульман при Мизильмери, но решающая победа была еще впереди. В 1091 году после долгой осады Палермо перешел в руки норманнов. Сарацины были изгнаны с острова, и родилось Норманнское королевство Сицилия.","11세기 시칠리아는 무슬림의 지배하에 있었습니다. 본토의 랑고바르드족과 동로마는 프랑스인과 바이킹의 후손인 노르만인 용병들을 고용하여 이 문제를 해결하기 시작했습니다. 용병들은 문제 해결 능력이 뛰어났습니다. 루제루 1세 시절 노르만인들은 섬 내의 사라센 군대를 공격했습니다. 풀리아와 칼라브리아를 차지한 루제루 1세는 700명의 기사 부대로 메시나를 점령했습니다. 1068년 루제루 1세와 휘하 군대는 미실메리에서 무슬림들을 격퇴했으나 결정적인 승리를 거두지는 못했습니다. 1091년, 길고 긴 공성전 끝에 팔레르모가 노르만인에게 넘어갔습니다. 사라센인은 섬에서 쫓겨났고, 노르만인의 시칠리아 왕국이 탄생했습니다.",11世紀、シチリアはムスリムの支配下にあった。本土のランゴバルドとビザンツ勢はこの問題の対処にフランスとヴァイキングの末裔ノルマン傭兵を起用した。彼らは確かに問題に対処してみせた。ルッジェーロ1世の指揮下、ノルマン傭兵はこの島のサラセン軍を攻撃した。アプリアとカラブリアを奪うとルッジェーロはメッシーナを700名の騎士で占領した。1068年、ルッジェーロとその部下はミジルメーリのムスリムを撃退した。だが決定的勝利はまだ訪れていなかった。1091年、長い包囲戦の後、パレルモはノルマン勢の手に落ちた。サラセンは島から追い出され、ノルマン朝シチリア王国が誕生したのだ,在公元11世纪，西西里岛还处于穆斯林的控制之下。与此同时，内陆的伦巴第和拜占庭势力开始招募诺曼雇佣兵，也就是法兰西人和维京人的后裔，来准备处理西西里岛问题。他们确实解决了问题。在罗杰一世的领导下，诺曼人袭击了岛上的撒拉森军队。拿下阿普利亚和卡拉布里亚后，罗杰一世用700名骑兵占领了墨西拿。在1068年，罗杰一世和他的军队于穆苏梅里打败穆斯林，不过这还不是决定性的胜利。直到1091年，在长期的围攻之后，巴勒莫落入诺曼人之手，这时最终的胜利才到来。撒拉森人被赶出了西西里岛，西西里的诺曼王国就此诞生。,十一世紀，西西里島處於穆斯林的控制。大陸上的倫巴底和拜占庭勢力開始僱傭諾曼僱傭兵，即法國人和維京人的後裔，來解決這個問題。而他們也確實解決了。在魯傑羅一世的帶領下，諾曼人攻擊了島上的撒拉森人軍隊。奪取普利亞和卡拉布里亞後，魯傑羅率領700名騎士大軍佔領了美西納。1068年，魯傑羅和他的手下擊敗了義大利的穆斯林，但決定性的勝利尚未到來。1091年，經過長時間的圍攻，巴勒摩落入諾曼人之手。撒拉森人被趕出島，西西里島的諾曼王國因此誕生。,"Sicilya, 11. yüzyılda Müslümanların kontrolü altındaydı. Anakaradaki Lombard ve Bizans güçleri bu sorunu çözmek için Fransız ve Vikinglerin soyundan gelen Norman paralı askerlerini toplamaya başladı. Sorunu çözme konusunda başarılı da oldular. Normanlar, Roger I himayesinde adadaki Sarazen ordularına saldırdı. Roger, Apulia ve Calabria'yı aldıktan sonra Messina'yı 700 şövalyeden oluşan bir orduyla işgal etti. Roger ve adamları 1068 yılında Musulmeri'de Müslümanları yendi ancak kesin zafer burada gelmedi. 1091 yılında uzun bir kuşatmadan sonra Palermo, Norman kontrolüne geçti. Sarazenler adadan atıldı ve Sicilya Norman Krallığı kuruldu.","11वीं सदी में सिसली मुस्लिम नियंत्रण में था. समस्या के समाधान के लिए मेनलैंड पर लॉम्बार्ड और बाइज़ैंटाइन शक्तियों ने नॉर्मन भाड़े के सैनिकों, फ़्रांसीसी और वाइकिंग्स के वंशजों को खरीदना शुरू कर दिया. और उन्होंने समस्या का अच्छा समाधान भी किया. द्वीप पर रॉजर I के अधीन नॉर्मन्स ने सारासेन की सेनाओं पर हमला किया. अपुलिया और कैलब्रिया जीतने के बाद रॉजर ने 700 नाइट्स की सेना के साथ मेसीना पर कब्ज़ा किया. 1068 में रॉजर और उसके आदमियों ने मुसुल्मेरी के मुसलमानों को हरा दिया, लेकिन निर्णायक जीत आने में अभी समय था. 1091 में लम्बी घेरेबंदी के बाद पलेर्मो नॉर्मन के कब्ज़े में आ गया. सरसेन को द्वीप से बाहर फेंक दिया गया और सिसली के नॉर्मन किंगडम का जन्म हुआ.","Pada abad ke-11, Sisilia berada di bawah kendali Muslim. Pihak berwenang Lombardia dan Bizantium di dataran utama mulai merekrut tentara bayaran Normandia, keturunan Prancis, dan Viking, untuk mengatasi masalah itu. Kemudian, mereka berhasil mengatasinya. Di bawah pimpinan Roger I, bangsa Normandia menyerang tentara Saracen di pulau itu. Setelah menaklukkan Apulia dan Calabria, Roger menduduki Messina dengan tentara yang terdiri atas 700 kesatria. Pada tahun 1068, Roger dan orang-orangnya mengalahkan para Muslim di Misilmeri, tetapi kemenangan mutlak belum dicapai. Pada tahun 1091, setelah pengepungan yang panjang, Palermo jatuh ke tangan bangsa Normandia. Saracen diusir dari pulau, kemudian lahirlah Kerajaan Normandia Sisilia."
Lamtuna.description,"The Lamtūna were a powerful Sanhaja Berber tribe based in the western Sahara, controlling important trans-Saharan trade routes between the Maghreb and West Africa. In the early 11th century, they played a leading role in the religious and political reform movement that gave rise to the Almoravid dynasty. Guided by the scholar Ibn Yāsīn, the Lamtūna and their allies united under a strict interpretation of Islam, combining tribal strength with religious zeal. By the decades before 1110, they had transformed from a desert-based confederation into the backbone of an empire stretching from the Sahara to al-Andalus, shaping the political and religious landscape of the western Islamic world.","Au XIe siècle, la Sicile était sous contrôle musulman. Les pouvoirs lombard et byzantin sur le continent commencèrent à recruter des mercenaires normands, descendants de Français et de Vikings, pour régler le problème. Et ils le réglèrent. Sous la direction de Roger Ier, les Normands attaquèrent les armées sarrasines de l'île. Après avoir pris les Pouilles et la Calabre, Roger occupa Messine avec une armée de 700 chevaliers. En 1068, Roger et ses hommes vainquirent les musulmans à Musulmeri, mais la victoire décisive restait encore à venir. En 1091, après un long siège, Palerme tomba aux mains des Normands. Les Sarrasins furent chassés de l'île, et le royaume normand de Sicile naquit.","Im 11. Jahrhundert befand sich Sizilien unter muslimischer Kontrolle. Die Armeen der Langobarden und Byzantiner auf dem Festland begannen, normannische Söldner anzuheuern, Nachkommen der Franzosen und Wikinger, um sich des Problems anzunehmen. Und das taten sie äußerst gründlich. Unter Roger I. griffen die Normannen die Armeen der Sarazenen auf der Insel an. Nachdem er Apulien und Kalabrien eingenommen hatte, besetzte Roger mit einer Armee von 700 Rittern Messina. Im Jahre 1068 schlugen Roger und seine Männer die Muslime bei Misilmeri in die Flucht, doch der entscheidende Sieg sollte noch folgen. Im Jahre 1091 fiel Palermo nach langer Belagerung in die Hand der Normannen. Die Sarazenen wurden von der Insel vertrieben, und das normannische Königreich Sizilien war geboren.","En el siglo XI, Sicilia estaba bajo control musulmán. Las potencias lombarda y bizantina del continente comenzaron a contratar a mercenarios normandos, descendientes de franceses y vikingos, para que se hicieran cargo del problema. Y eso hicieron: los normandos, bajo las órdenes de Roger I, atacaron a los ejércitos sarracenos en la isla. Después de tomar Apulia y Calabria, Roger ocupó Mesina con un ejército de 700 caballeros. En 1068, Roger y sus hombres derrotaron a los musulmanes en Musulmeri, pero la victoria decisiva aún estaba por llegar: en el año 1091, tras un largo asedio, Palermo cayó en manos normandas. Los sarracenos fueron expulsados de la isla y nació el reino normando de Sicilia.","W XI w. Sycylią rządzili muzułmanie. Kontynentalne ośrodki władzy, Lombardia oraz Bizancjum, aby pozbyć się kłopotu, postanowiły posłużyć się normańskimi najemnikami, potomkami Francuzów i wikingów. Plan się powiódł. Pod dowództwem Rogera I Normanowie uderzyli na armie Saracenów stacjonujące na wyspie. Po zajęciu Apulii i Kalabrii wojska Rogera w sile siedmiuset rycerzy rozpoczęły okupację Mesyny. W 1068 r. Roger i jego ludzie pokonali muzułmanów pod Misilmeri, lecz ostateczne zwycięstwo miało dopiero nadejść. W 1091 r., po długim oblężeniu, Palermo wpadło w ręce Normanów. Saracenów wyparto z wyspy i tak narodziło się Królestwo Sycylii.","В XI веке Сицилия находилась под контролем мусульман. Ломбардская и византийская державы на материке начали нанимать норманнских наемников, потомков французов и викингов, чтобы решить эту проблему. И проблема была решена. Под предводительством Рожера I норманны напали на сарацинские армии на острове. Захватив Апулию и Калабрию, Рожер занял Мессину с армией из 700 рыцарей. В 1068 году Рожер и его люди разбили мусульман при Мизильмери, но решающая победа была еще впереди. В 1091 году после долгой осады Палермо перешел в руки норманнов. Сарацины были изгнаны с острова, и родилось Норманнское королевство Сицилия.","11세기 시칠리아는 무슬림의 지배하에 있었습니다. 본토의 랑고바르드족과 동로마는 프랑스인과 바이킹의 후손인 노르만인 용병들을 고용하여 이 문제를 해결하기 시작했습니다. 용병들은 문제 해결 능력이 뛰어났습니다. 루제루 1세 시절 노르만인들은 섬 내의 사라센 군대를 공격했습니다. 풀리아와 칼라브리아를 차지한 루제루 1세는 700명의 기사 부대로 메시나를 점령했습니다. 1068년 루제루 1세와 휘하 군대는 미실메리에서 무슬림들을 격퇴했으나 결정적인 승리를 거두지는 못했습니다. 1091년, 길고 긴 공성전 끝에 팔레르모가 노르만인에게 넘어갔습니다. 사라센인은 섬에서 쫓겨났고, 노르만인의 시칠리아 왕국이 탄생했습니다.",11世紀、シチリアはムスリムの支配下にあった。本土のランゴバルドとビザンツ勢はこの問題の対処にフランスとヴァイキングの末裔ノルマン傭兵を起用した。彼らは確かに問題に対処してみせた。ルッジェーロ1世の指揮下、ノルマン傭兵はこの島のサラセン軍を攻撃した。アプリアとカラブリアを奪うとルッジェーロはメッシーナを700名の騎士で占領した。1068年、ルッジェーロとその部下はミジルメーリのムスリムを撃退した。だが決定的勝利はまだ訪れていなかった。1091年、長い包囲戦の後、パレルモはノルマン勢の手に落ちた。サラセンは島から追い出され、ノルマン朝シチリア王国が誕生したのだ,在公元11世纪，西西里岛还处于穆斯林的控制之下。与此同时，内陆的伦巴第和拜占庭势力开始招募诺曼雇佣兵，也就是法兰西人和维京人的后裔，来准备处理西西里岛问题。他们确实解决了问题。在罗杰一世的领导下，诺曼人袭击了岛上的撒拉森军队。拿下阿普利亚和卡拉布里亚后，罗杰一世用700名骑兵占领了墨西拿。在1068年，罗杰一世和他的军队于穆苏梅里打败穆斯林，不过这还不是决定性的胜利。直到1091年，在长期的围攻之后，巴勒莫落入诺曼人之手，这时最终的胜利才到来。撒拉森人被赶出了西西里岛，西西里的诺曼王国就此诞生。,十一世紀，西西里島處於穆斯林的控制。大陸上的倫巴底和拜占庭勢力開始僱傭諾曼僱傭兵，即法國人和維京人的後裔，來解決這個問題。而他們也確實解決了。在魯傑羅一世的帶領下，諾曼人攻擊了島上的撒拉森人軍隊。奪取普利亞和卡拉布里亞後，魯傑羅率領700名騎士大軍佔領了美西納。1068年，魯傑羅和他的手下擊敗了義大利的穆斯林，但決定性的勝利尚未到來。1091年，經過長時間的圍攻，巴勒摩落入諾曼人之手。撒拉森人被趕出島，西西里島的諾曼王國因此誕生。,"Sicilya, 11. yüzyılda Müslümanların kontrolü altındaydı. Anakaradaki Lombard ve Bizans güçleri bu sorunu çözmek için Fransız ve Vikinglerin soyundan gelen Norman paralı askerlerini toplamaya başladı. Sorunu çözme konusunda başarılı da oldular. Normanlar, Roger I himayesinde adadaki Sarazen ordularına saldırdı. Roger, Apulia ve Calabria'yı aldıktan sonra Messina'yı 700 şövalyeden oluşan bir orduyla işgal etti. Roger ve adamları 1068 yılında Musulmeri'de Müslümanları yendi ancak kesin zafer burada gelmedi. 1091 yılında uzun bir kuşatmadan sonra Palermo, Norman kontrolüne geçti. Sarazenler adadan atıldı ve Sicilya Norman Krallığı kuruldu.","11वीं सदी में सिसली मुस्लिम नियंत्रण में था. समस्या के समाधान के लिए मेनलैंड पर लॉम्बार्ड और बाइज़ैंटाइन शक्तियों ने नॉर्मन भाड़े के सैनिकों, फ़्रांसीसी और वाइकिंग्स के वंशजों को खरीदना शुरू कर दिया. और उन्होंने समस्या का अच्छा समाधान भी किया. द्वीप पर रॉजर I के अधीन नॉर्मन्स ने सारासेन की सेनाओं पर हमला किया. अपुलिया और कैलब्रिया जीतने के बाद रॉजर ने 700 नाइट्स की सेना के साथ मेसीना पर कब्ज़ा किया. 1068 में रॉजर और उसके आदमियों ने मुसुल्मेरी के मुसलमानों को हरा दिया, लेकिन निर्णायक जीत आने में अभी समय था. 1091 में लम्बी घेरेबंदी के बाद पलेर्मो नॉर्मन के कब्ज़े में आ गया. सरसेन को द्वीप से बाहर फेंक दिया गया और सिसली के नॉर्मन किंगडम का जन्म हुआ.","Pada abad ke-11, Sisilia berada di bawah kendali Muslim. Pihak berwenang Lombardia dan Bizantium di dataran utama mulai merekrut tentara bayaran Normandia, keturunan Prancis, dan Viking, untuk mengatasi masalah itu. Kemudian, mereka berhasil mengatasinya. Di bawah pimpinan Roger I, bangsa Normandia menyerang tentara Saracen di pulau itu. Setelah menaklukkan Apulia dan Calabria, Roger menduduki Messina dengan tentara yang terdiri atas 700 kesatria. Pada tahun 1068, Roger dan orang-orangnya mengalahkan para Muslim di Misilmeri, tetapi kemenangan mutlak belum dicapai. Pada tahun 1091, setelah pengepungan yang panjang, Palermo jatuh ke tangan bangsa Normandia. Saracen diusir dari pulau, kemudian lahirlah Kerajaan Normandia Sisilia."
Massufa.description,"The Massūfa were a Sanhaja Berber tribe of the western Sahara, closely linked to the Lamtūna and other desert confederations. Traditionally controlling stretches of caravan routes across the desert, they played a vital role in safeguarding commerce between North Africa and the Sudanic kingdoms. Alongside the Lamtūna, the Massūfa were drawn into the Almoravid movement in the early 11th century, combining tribal networks with the reformist call of Ibn Yāsīn. By the decades before 1110, the Massūfa had contributed to the expansion of Almoravid power, helping to secure the trans-Saharan lifelines that underpinned the empire’s rise.","Au XIe siècle, la Sicile était sous contrôle musulman. Les pouvoirs lombard et byzantin sur le continent commencèrent à recruter des mercenaires normands, descendants de Français et de Vikings, pour régler le problème. Et ils le réglèrent. Sous la direction de Roger Ier, les Normands attaquèrent les armées sarrasines de l'île. Après avoir pris les Pouilles et la Calabre, Roger occupa Messine avec une armée de 700 chevaliers. En 1068, Roger et ses hommes vainquirent les musulmans à Musulmeri, mais la victoire décisive restait encore à venir. En 1091, après un long siège, Palerme tomba aux mains des Normands. Les Sarrasins furent chassés de l'île, et le royaume normand de Sicile naquit.","Im 11. Jahrhundert befand sich Sizilien unter muslimischer Kontrolle. Die Armeen der Langobarden und Byzantiner auf dem Festland begannen, normannische Söldner anzuheuern, Nachkommen der Franzosen und Wikinger, um sich des Problems anzunehmen. Und das taten sie äußerst gründlich. Unter Roger I. griffen die Normannen die Armeen der Sarazenen auf der Insel an. Nachdem er Apulien und Kalabrien eingenommen hatte, besetzte Roger mit einer Armee von 700 Rittern Messina. Im Jahre 1068 schlugen Roger und seine Männer die Muslime bei Misilmeri in die Flucht, doch der entscheidende Sieg sollte noch folgen. Im Jahre 1091 fiel Palermo nach langer Belagerung in die Hand der Normannen. Die Sarazenen wurden von der Insel vertrieben, und das normannische Königreich Sizilien war geboren.","En el siglo XI, Sicilia estaba bajo control musulmán. Las potencias lombarda y bizantina del continente comenzaron a contratar a mercenarios normandos, descendientes de franceses y vikingos, para que se hicieran cargo del problema. Y eso hicieron: los normandos, bajo las órdenes de Roger I, atacaron a los ejércitos sarracenos en la isla. Después de tomar Apulia y Calabria, Roger ocupó Mesina con un ejército de 700 caballeros. En 1068, Roger y sus hombres derrotaron a los musulmanes en Musulmeri, pero la victoria decisiva aún estaba por llegar: en el año 1091, tras un largo asedio, Palermo cayó en manos normandas. Los sarracenos fueron expulsados de la isla y nació el reino normando de Sicilia.","W XI w. Sycylią rządzili muzułmanie. Kontynentalne ośrodki władzy, Lombardia oraz Bizancjum, aby pozbyć się kłopotu, postanowiły posłużyć się normańskimi najemnikami, potomkami Francuzów i wikingów. Plan się powiódł. Pod dowództwem Rogera I Normanowie uderzyli na armie Saracenów stacjonujące na wyspie. Po zajęciu Apulii i Kalabrii wojska Rogera w sile siedmiuset rycerzy rozpoczęły okupację Mesyny. W 1068 r. Roger i jego ludzie pokonali muzułmanów pod Misilmeri, lecz ostateczne zwycięstwo miało dopiero nadejść. W 1091 r., po długim oblężeniu, Palermo wpadło w ręce Normanów. Saracenów wyparto z wyspy i tak narodziło się Królestwo Sycylii.","В XI веке Сицилия находилась под контролем мусульман. Ломбардская и византийская державы на материке начали нанимать норманнских наемников, потомков французов и викингов, чтобы решить эту проблему. И проблема была решена. Под предводительством Рожера I норманны напали на сарацинские армии на острове. Захватив Апулию и Калабрию, Рожер занял Мессину с армией из 700 рыцарей. В 1068 году Рожер и его люди разбили мусульман при Мизильмери, но решающая победа была еще впереди. В 1091 году после долгой осады Палермо перешел в руки норманнов. Сарацины были изгнаны с острова, и родилось Норманнское королевство Сицилия.","11세기 시칠리아는 무슬림의 지배하에 있었습니다. 본토의 랑고바르드족과 동로마는 프랑스인과 바이킹의 후손인 노르만인 용병들을 고용하여 이 문제를 해결하기 시작했습니다. 용병들은 문제 해결 능력이 뛰어났습니다. 루제루 1세 시절 노르만인들은 섬 내의 사라센 군대를 공격했습니다. 풀리아와 칼라브리아를 차지한 루제루 1세는 700명의 기사 부대로 메시나를 점령했습니다. 1068년 루제루 1세와 휘하 군대는 미실메리에서 무슬림들을 격퇴했으나 결정적인 승리를 거두지는 못했습니다. 1091년, 길고 긴 공성전 끝에 팔레르모가 노르만인에게 넘어갔습니다. 사라센인은 섬에서 쫓겨났고, 노르만인의 시칠리아 왕국이 탄생했습니다.",11世紀、シチリアはムスリムの支配下にあった。本土のランゴバルドとビザンツ勢はこの問題の対処にフランスとヴァイキングの末裔ノルマン傭兵を起用した。彼らは確かに問題に対処してみせた。ルッジェーロ1世の指揮下、ノルマン傭兵はこの島のサラセン軍を攻撃した。アプリアとカラブリアを奪うとルッジェーロはメッシーナを700名の騎士で占領した。1068年、ルッジェーロとその部下はミジルメーリのムスリムを撃退した。だが決定的勝利はまだ訪れていなかった。1091年、長い包囲戦の後、パレルモはノルマン勢の手に落ちた。サラセンは島から追い出され、ノルマン朝シチリア王国が誕生したのだ,在公元11世纪，西西里岛还处于穆斯林的控制之下。与此同时，内陆的伦巴第和拜占庭势力开始招募诺曼雇佣兵，也就是法兰西人和维京人的后裔，来准备处理西西里岛问题。他们确实解决了问题。在罗杰一世的领导下，诺曼人袭击了岛上的撒拉森军队。拿下阿普利亚和卡拉布里亚后，罗杰一世用700名骑兵占领了墨西拿。在1068年，罗杰一世和他的军队于穆苏梅里打败穆斯林，不过这还不是决定性的胜利。直到1091年，在长期的围攻之后，巴勒莫落入诺曼人之手，这时最终的胜利才到来。撒拉森人被赶出了西西里岛，西西里的诺曼王国就此诞生。,十一世紀，西西里島處於穆斯林的控制。大陸上的倫巴底和拜占庭勢力開始僱傭諾曼僱傭兵，即法國人和維京人的後裔，來解決這個問題。而他們也確實解決了。在魯傑羅一世的帶領下，諾曼人攻擊了島上的撒拉森人軍隊。奪取普利亞和卡拉布里亞後，魯傑羅率領700名騎士大軍佔領了美西納。1068年，魯傑羅和他的手下擊敗了義大利的穆斯林，但決定性的勝利尚未到來。1091年，經過長時間的圍攻，巴勒摩落入諾曼人之手。撒拉森人被趕出島，西西里島的諾曼王國因此誕生。,"Sicilya, 11. yüzyılda Müslümanların kontrolü altındaydı. Anakaradaki Lombard ve Bizans güçleri bu sorunu çözmek için Fransız ve Vikinglerin soyundan gelen Norman paralı askerlerini toplamaya başladı. Sorunu çözme konusunda başarılı da oldular. Normanlar, Roger I himayesinde adadaki Sarazen ordularına saldırdı. Roger, Apulia ve Calabria'yı aldıktan sonra Messina'yı 700 şövalyeden oluşan bir orduyla işgal etti. Roger ve adamları 1068 yılında Musulmeri'de Müslümanları yendi ancak kesin zafer burada gelmedi. 1091 yılında uzun bir kuşatmadan sonra Palermo, Norman kontrolüne geçti. Sarazenler adadan atıldı ve Sicilya Norman Krallığı kuruldu.","11वीं सदी में सिसली मुस्लिम नियंत्रण में था. समस्या के समाधान के लिए मेनलैंड पर लॉम्बार्ड और बाइज़ैंटाइन शक्तियों ने नॉर्मन भाड़े के सैनिकों, फ़्रांसीसी और वाइकिंग्स के वंशजों को खरीदना शुरू कर दिया. और उन्होंने समस्या का अच्छा समाधान भी किया. द्वीप पर रॉजर I के अधीन नॉर्मन्स ने सारासेन की सेनाओं पर हमला किया. अपुलिया और कैलब्रिया जीतने के बाद रॉजर ने 700 नाइट्स की सेना के साथ मेसीना पर कब्ज़ा किया. 1068 में रॉजर और उसके आदमियों ने मुसुल्मेरी के मुसलमानों को हरा दिया, लेकिन निर्णायक जीत आने में अभी समय था. 1091 में लम्बी घेरेबंदी के बाद पलेर्मो नॉर्मन के कब्ज़े में आ गया. सरसेन को द्वीप से बाहर फेंक दिया गया और सिसली के नॉर्मन किंगडम का जन्म हुआ.","Pada abad ke-11, Sisilia berada di bawah kendali Muslim. Pihak berwenang Lombardia dan Bizantium di dataran utama mulai merekrut tentara bayaran Normandia, keturunan Prancis, dan Viking, untuk mengatasi masalah itu. Kemudian, mereka berhasil mengatasinya. Di bawah pimpinan Roger I, bangsa Normandia menyerang tentara Saracen di pulau itu. Setelah menaklukkan Apulia dan Calabria, Roger menduduki Messina dengan tentara yang terdiri atas 700 kesatria. Pada tahun 1068, Roger dan orang-orangnya mengalahkan para Muslim di Misilmeri, tetapi kemenangan mutlak belum dicapai. Pada tahun 1091, setelah pengepungan yang panjang, Palermo jatuh ke tangan bangsa Normandia. Saracen diusir dari pulau, kemudian lahirlah Kerajaan Normandia Sisilia."
Hawwara.description,"The Hawwara are an expansive and fiercely independent warrior confederation whose influence stretches from the Nile to the Mediterranean coast. Celebrated as master horsemen and ingenious engineers of water, they are as skilled at reshaping the landscape as they are at conquering it.","Au XIe siècle, la Sicile était sous contrôle musulman. Les pouvoirs lombard et byzantin sur le continent commencèrent à recruter des mercenaires normands, descendants de Français et de Vikings, pour régler le problème. Et ils le réglèrent. Sous la direction de Roger Ier, les Normands attaquèrent les armées sarrasines de l'île. Après avoir pris les Pouilles et la Calabre, Roger occupa Messine avec une armée de 700 chevaliers. En 1068, Roger et ses hommes vainquirent les musulmans à Musulmeri, mais la victoire décisive restait encore à venir. En 1091, après un long siège, Palerme tomba aux mains des Normands. Les Sarrasins furent chassés de l'île, et le royaume normand de Sicile naquit.","Im 11. Jahrhundert befand sich Sizilien unter muslimischer Kontrolle. Die Armeen der Langobarden und Byzantiner auf dem Festland begannen, normannische Söldner anzuheuern, Nachkommen der Franzosen und Wikinger, um sich des Problems anzunehmen. Und das taten sie äußerst gründlich. Unter Roger I. griffen die Normannen die Armeen der Sarazenen auf der Insel an. Nachdem er Apulien und Kalabrien eingenommen hatte, besetzte Roger mit einer Armee von 700 Rittern Messina. Im Jahre 1068 schlugen Roger und seine Männer die Muslime bei Misilmeri in die Flucht, doch der entscheidende Sieg sollte noch folgen. Im Jahre 1091 fiel Palermo nach langer Belagerung in die Hand der Normannen. Die Sarazenen wurden von der Insel vertrieben, und das normannische Königreich Sizilien war geboren.","En el siglo XI, Sicilia estaba bajo control musulmán. Las potencias lombarda y bizantina del continente comenzaron a contratar a mercenarios normandos, descendientes de franceses y vikingos, para que se hicieran cargo del problema. Y eso hicieron: los normandos, bajo las órdenes de Roger I, atacaron a los ejércitos sarracenos en la isla. Después de tomar Apulia y Calabria, Roger ocupó Mesina con un ejército de 700 caballeros. En 1068, Roger y sus hombres derrotaron a los musulmanes en Musulmeri, pero la victoria decisiva aún estaba por llegar: en el año 1091, tras un largo asedio, Palermo cayó en manos normandas. Los sarracenos fueron expulsados de la isla y nació el reino normando de Sicilia.","W XI w. Sycylią rządzili muzułmanie. Kontynentalne ośrodki władzy, Lombardia oraz Bizancjum, aby pozbyć się kłopotu, postanowiły posłużyć się normańskimi najemnikami, potomkami Francuzów i wikingów. Plan się powiódł. Pod dowództwem Rogera I Normanowie uderzyli na armie Saracenów stacjonujące na wyspie. Po zajęciu Apulii i Kalabrii wojska Rogera w sile siedmiuset rycerzy rozpoczęły okupację Mesyny. W 1068 r. Roger i jego ludzie pokonali muzułmanów pod Misilmeri, lecz ostateczne zwycięstwo miało dopiero nadejść. W 1091 r., po długim oblężeniu, Palermo wpadło w ręce Normanów. Saracenów wyparto z wyspy i tak narodziło się Królestwo Sycylii.","В XI веке Сицилия находилась под контролем мусульман. Ломбардская и византийская державы на материке начали нанимать норманнских наемников, потомков французов и викингов, чтобы решить эту проблему. И проблема была решена. Под предводительством Рожера I норманны напали на сарацинские армии на острове. Захватив Апулию и Калабрию, Рожер занял Мессину с армией из 700 рыцарей. В 1068 году Рожер и его люди разбили мусульман при Мизильмери, но решающая победа была еще впереди. В 1091 году после долгой осады Палермо перешел в руки норманнов. Сарацины были изгнаны с острова, и родилось Норманнское королевство Сицилия.","11세기 시칠리아는 무슬림의 지배하에 있었습니다. 본토의 랑고바르드족과 동로마는 프랑스인과 바이킹의 후손인 노르만인 용병들을 고용하여 이 문제를 해결하기 시작했습니다. 용병들은 문제 해결 능력이 뛰어났습니다. 루제루 1세 시절 노르만인들은 섬 내의 사라센 군대를 공격했습니다. 풀리아와 칼라브리아를 차지한 루제루 1세는 700명의 기사 부대로 메시나를 점령했습니다. 1068년 루제루 1세와 휘하 군대는 미실메리에서 무슬림들을 격퇴했으나 결정적인 승리를 거두지는 못했습니다. 1091년, 길고 긴 공성전 끝에 팔레르모가 노르만인에게 넘어갔습니다. 사라센인은 섬에서 쫓겨났고, 노르만인의 시칠리아 왕국이 탄생했습니다.",11世紀、シチリアはムスリムの支配下にあった。本土のランゴバルドとビザンツ勢はこの問題の対処にフランスとヴァイキングの末裔ノルマン傭兵を起用した。彼らは確かに問題に対処してみせた。ルッジェーロ1世の指揮下、ノルマン傭兵はこの島のサラセン軍を攻撃した。アプリアとカラブリアを奪うとルッジェーロはメッシーナを700名の騎士で占領した。1068年、ルッジェーロとその部下はミジルメーリのムスリムを撃退した。だが決定的勝利はまだ訪れていなかった。1091年、長い包囲戦の後、パレルモはノルマン勢の手に落ちた。サラセンは島から追い出され、ノルマン朝シチリア王国が誕生したのだ,在公元11世纪，西西里岛还处于穆斯林的控制之下。与此同时，内陆的伦巴第和拜占庭势力开始招募诺曼雇佣兵，也就是法兰西人和维京人的后裔，来准备处理西西里岛问题。他们确实解决了问题。在罗杰一世的领导下，诺曼人袭击了岛上的撒拉森军队。拿下阿普利亚和卡拉布里亚后，罗杰一世用700名骑兵占领了墨西拿。在1068年，罗杰一世和他的军队于穆苏梅里打败穆斯林，不过这还不是决定性的胜利。直到1091年，在长期的围攻之后，巴勒莫落入诺曼人之手，这时最终的胜利才到来。撒拉森人被赶出了西西里岛，西西里的诺曼王国就此诞生。,十一世紀，西西里島處於穆斯林的控制。大陸上的倫巴底和拜占庭勢力開始僱傭諾曼僱傭兵，即法國人和維京人的後裔，來解決這個問題。而他們也確實解決了。在魯傑羅一世的帶領下，諾曼人攻擊了島上的撒拉森人軍隊。奪取普利亞和卡拉布里亞後，魯傑羅率領700名騎士大軍佔領了美西納。1068年，魯傑羅和他的手下擊敗了義大利的穆斯林，但決定性的勝利尚未到來。1091年，經過長時間的圍攻，巴勒摩落入諾曼人之手。撒拉森人被趕出島，西西里島的諾曼王國因此誕生。,"Sicilya, 11. yüzyılda Müslümanların kontrolü altındaydı. Anakaradaki Lombard ve Bizans güçleri bu sorunu çözmek için Fransız ve Vikinglerin soyundan gelen Norman paralı askerlerini toplamaya başladı. Sorunu çözme konusunda başarılı da oldular. Normanlar, Roger I himayesinde adadaki Sarazen ordularına saldırdı. Roger, Apulia ve Calabria'yı aldıktan sonra Messina'yı 700 şövalyeden oluşan bir orduyla işgal etti. Roger ve adamları 1068 yılında Musulmeri'de Müslümanları yendi ancak kesin zafer burada gelmedi. 1091 yılında uzun bir kuşatmadan sonra Palermo, Norman kontrolüne geçti. Sarazenler adadan atıldı ve Sicilya Norman Krallığı kuruldu.","11वीं सदी में सिसली मुस्लिम नियंत्रण में था. समस्या के समाधान के लिए मेनलैंड पर लॉम्बार्ड और बाइज़ैंटाइन शक्तियों ने नॉर्मन भाड़े के सैनिकों, फ़्रांसीसी और वाइकिंग्स के वंशजों को खरीदना शुरू कर दिया. और उन्होंने समस्या का अच्छा समाधान भी किया. द्वीप पर रॉजर I के अधीन नॉर्मन्स ने सारासेन की सेनाओं पर हमला किया. अपुलिया और कैलब्रिया जीतने के बाद रॉजर ने 700 नाइट्स की सेना के साथ मेसीना पर कब्ज़ा किया. 1068 में रॉजर और उसके आदमियों ने मुसुल्मेरी के मुसलमानों को हरा दिया, लेकिन निर्णायक जीत आने में अभी समय था. 1091 में लम्बी घेरेबंदी के बाद पलेर्मो नॉर्मन के कब्ज़े में आ गया. सरसेन को द्वीप से बाहर फेंक दिया गया और सिसली के नॉर्मन किंगडम का जन्म हुआ.","Pada abad ke-11, Sisilia berada di bawah kendali Muslim. Pihak berwenang Lombardia dan Bizantium di dataran utama mulai merekrut tentara bayaran Normandia, keturunan Prancis, dan Viking, untuk mengatasi masalah itu. Kemudian, mereka berhasil mengatasinya. Di bawah pimpinan Roger I, bangsa Normandia menyerang tentara Saracen di pulau itu. Setelah menaklukkan Apulia dan Calabria, Roger menduduki Messina dengan tentara yang terdiri atas 700 kesatria. Pada tahun 1068, Roger dan orang-orangnya mengalahkan para Muslim di Misilmeri, tetapi kemenangan mutlak belum dicapai. Pada tahun 1091, setelah pengepungan yang panjang, Palermo jatuh ke tangan bangsa Normandia. Saracen diusir dari pulau, kemudian lahirlah Kerajaan Normandia Sisilia."
Lamta.description,"Born from the winds of the Western Sahara, the Lamta are renowned masters of the desert trade routes and fearless frontier guardians. Armed with their legendary, impenetrable leather shields, these nomadic survivalists hold the keys to the gateway of the deep desert.","Au XIe siècle, la Sicile était sous contrôle musulman. Les pouvoirs lombard et byzantin sur le continent commencèrent à recruter des mercenaires normands, descendants de Français et de Vikings, pour régler le problème. Et ils le réglèrent. Sous la direction de Roger Ier, les Normands attaquèrent les armées sarrasines de l'île. Après avoir pris les Pouilles et la Calabre, Roger occupa Messine avec une armée de 700 chevaliers. En 1068, Roger et ses hommes vainquirent les musulmans à Musulmeri, mais la victoire décisive restait encore à venir. En 1091, après un long siège, Palerme tomba aux mains des Normands. Les Sarrasins furent chassés de l'île, et le royaume normand de Sicile naquit.","Im 11. Jahrhundert befand sich Sizilien unter muslimischer Kontrolle. Die Armeen der Langobarden und Byzantiner auf dem Festland begannen, normannische Söldner anzuheuern, Nachkommen der Franzosen und Wikinger, um sich des Problems anzunehmen. Und das taten sie äußerst gründlich. Unter Roger I. griffen die Normannen die Armeen der Sarazenen auf der Insel an. Nachdem er Apulien und Kalabrien eingenommen hatte, besetzte Roger mit einer Armee von 700 Rittern Messina. Im Jahre 1068 schlugen Roger und seine Männer die Muslime bei Misilmeri in die Flucht, doch der entscheidende Sieg sollte noch folgen. Im Jahre 1091 fiel Palermo nach langer Belagerung in die Hand der Normannen. Die Sarazenen wurden von der Insel vertrieben, und das normannische Königreich Sizilien war geboren.","En el siglo XI, Sicilia estaba bajo control musulmán. Las potencias lombarda y bizantina del continente comenzaron a contratar a mercenarios normandos, descendientes de franceses y vikingos, para que se hicieran cargo del problema. Y eso hicieron: los normandos, bajo las órdenes de Roger I, atacaron a los ejércitos sarracenos en la isla. Después de tomar Apulia y Calabria, Roger ocupó Mesina con un ejército de 700 caballeros. En 1068, Roger y sus hombres derrotaron a los musulmanes en Musulmeri, pero la victoria decisiva aún estaba por llegar: en el año 1091, tras un largo asedio, Palermo cayó en manos normandas. Los sarracenos fueron expulsados de la isla y nació el reino normando de Sicilia.","W XI w. Sycylią rządzili muzułmanie. Kontynentalne ośrodki władzy, Lombardia oraz Bizancjum, aby pozbyć się kłopotu, postanowiły posłużyć się normańskimi najemnikami, potomkami Francuzów i wikingów. Plan się powiódł. Pod dowództwem Rogera I Normanowie uderzyli na armie Saracenów stacjonujące na wyspie. Po zajęciu Apulii i Kalabrii wojska Rogera w sile siedmiuset rycerzy rozpoczęły okupację Mesyny. W 1068 r. Roger i jego ludzie pokonali muzułmanów pod Misilmeri, lecz ostateczne zwycięstwo miało dopiero nadejść. W 1091 r., po długim oblężeniu, Palermo wpadło w ręce Normanów. Saracenów wyparto z wyspy i tak narodziło się Królestwo Sycylii.","В XI веке Сицилия находилась под контролем мусульман. Ломбардская и византийская державы на материке начали нанимать норманнских наемников, потомков французов и викингов, чтобы решить эту проблему. И проблема была решена. Под предводительством Рожера I норманны напали на сарацинские армии на острове. Захватив Апулию и Калабрию, Рожер занял Мессину с армией из 700 рыцарей. В 1068 году Рожер и его люди разбили мусульман при Мизильмери, но решающая победа была еще впереди. В 1091 году после долгой осады Палермо перешел в руки норманнов. Сарацины были изгнаны с острова, и родилось Норманнское королевство Сицилия.","11세기 시칠리아는 무슬림의 지배하에 있었습니다. 본토의 랑고바르드족과 동로마는 프랑스인과 바이킹의 후손인 노르만인 용병들을 고용하여 이 문제를 해결하기 시작했습니다. 용병들은 문제 해결 능력이 뛰어났습니다. 루제루 1세 시절 노르만인들은 섬 내의 사라센 군대를 공격했습니다. 풀리아와 칼라브리아를 차지한 루제루 1세는 700명의 기사 부대로 메시나를 점령했습니다. 1068년 루제루 1세와 휘하 군대는 미실메리에서 무슬림들을 격퇴했으나 결정적인 승리를 거두지는 못했습니다. 1091년, 길고 긴 공성전 끝에 팔레르모가 노르만인에게 넘어갔습니다. 사라센인은 섬에서 쫓겨났고, 노르만인의 시칠리아 왕국이 탄생했습니다.",11世紀、シチリアはムスリムの支配下にあった。本土のランゴバルドとビザンツ勢はこの問題の対処にフランスとヴァイキングの末裔ノルマン傭兵を起用した。彼らは確かに問題に対処してみせた。ルッジェーロ1世の指揮下、ノルマン傭兵はこの島のサラセン軍を攻撃した。アプリアとカラブリアを奪うとルッジェーロはメッシーナを700名の騎士で占領した。1068年、ルッジェーロとその部下はミジルメーリのムスリムを撃退した。だが決定的勝利はまだ訪れていなかった。1091年、長い包囲戦の後、パレルモはノルマン勢の手に落ちた。サラセンは島から追い出され、ノルマン朝シチリア王国が誕生したのだ,在公元11世纪，西西里岛还处于穆斯林的控制之下。与此同时，内陆的伦巴第和拜占庭势力开始招募诺曼雇佣兵，也就是法兰西人和维京人的后裔，来准备处理西西里岛问题。他们确实解决了问题。在罗杰一世的领导下，诺曼人袭击了岛上的撒拉森军队。拿下阿普利亚和卡拉布里亚后，罗杰一世用700名骑兵占领了墨西拿。在1068年，罗杰一世和他的军队于穆苏梅里打败穆斯林，不过这还不是决定性的胜利。直到1091年，在长期的围攻之后，巴勒莫落入诺曼人之手，这时最终的胜利才到来。撒拉森人被赶出了西西里岛，西西里的诺曼王国就此诞生。,十一世紀，西西里島處於穆斯林的控制。大陸上的倫巴底和拜占庭勢力開始僱傭諾曼僱傭兵，即法國人和維京人的後裔，來解決這個問題。而他們也確實解決了。在魯傑羅一世的帶領下，諾曼人攻擊了島上的撒拉森人軍隊。奪取普利亞和卡拉布里亞後，魯傑羅率領700名騎士大軍佔領了美西納。1068年，魯傑羅和他的手下擊敗了義大利的穆斯林，但決定性的勝利尚未到來。1091年，經過長時間的圍攻，巴勒摩落入諾曼人之手。撒拉森人被趕出島，西西里島的諾曼王國因此誕生。,"Sicilya, 11. yüzyılda Müslümanların kontrolü altındaydı. Anakaradaki Lombard ve Bizans güçleri bu sorunu çözmek için Fransız ve Vikinglerin soyundan gelen Norman paralı askerlerini toplamaya başladı. Sorunu çözme konusunda başarılı da oldular. Normanlar, Roger I himayesinde adadaki Sarazen ordularına saldırdı. Roger, Apulia ve Calabria'yı aldıktan sonra Messina'yı 700 şövalyeden oluşan bir orduyla işgal etti. Roger ve adamları 1068 yılında Musulmeri'de Müslümanları yendi ancak kesin zafer burada gelmedi. 1091 yılında uzun bir kuşatmadan sonra Palermo, Norman kontrolüne geçti. Sarazenler adadan atıldı ve Sicilya Norman Krallığı kuruldu.","11वीं सदी में सिसली मुस्लिम नियंत्रण में था. समस्या के समाधान के लिए मेनलैंड पर लॉम्बार्ड और बाइज़ैंटाइन शक्तियों ने नॉर्मन भाड़े के सैनिकों, फ़्रांसीसी और वाइकिंग्स के वंशजों को खरीदना शुरू कर दिया. और उन्होंने समस्या का अच्छा समाधान भी किया. द्वीप पर रॉजर I के अधीन नॉर्मन्स ने सारासेन की सेनाओं पर हमला किया. अपुलिया और कैलब्रिया जीतने के बाद रॉजर ने 700 नाइट्स की सेना के साथ मेसीना पर कब्ज़ा किया. 1068 में रॉजर और उसके आदमियों ने मुसुल्मेरी के मुसलमानों को हरा दिया, लेकिन निर्णायक जीत आने में अभी समय था. 1091 में लम्बी घेरेबंदी के बाद पलेर्मो नॉर्मन के कब्ज़े में आ गया. सरसेन को द्वीप से बाहर फेंक दिया गया और सिसली के नॉर्मन किंगडम का जन्म हुआ.","Pada abad ke-11, Sisilia berada di bawah kendali Muslim. Pihak berwenang Lombardia dan Bizantium di dataran utama mulai merekrut tentara bayaran Normandia, keturunan Prancis, dan Viking, untuk mengatasi masalah itu. Kemudian, mereka berhasil mengatasinya. Di bawah pimpinan Roger I, bangsa Normandia menyerang tentara Saracen di pulau itu. Setelah menaklukkan Apulia dan Calabria, Roger menduduki Messina dengan tentara yang terdiri atas 700 kesatria. Pada tahun 1068, Roger dan orang-orangnya mengalahkan para Muslim di Misilmeri, tetapi kemenangan mutlak belum dicapai. Pada tahun 1091, setelah pengepungan yang panjang, Palermo jatuh ke tangan bangsa Normandia. Saracen diusir dari pulau, kemudian lahirlah Kerajaan Normandia Sisilia."
Jarin.description,"The Beja Kingdom of Jarin was one of several Beja polities that flourished along the Red Sea coast and the eastern Sudanese highlands in the early medieval period. Centered near important caravan routes linking the Nile Valley to the Red Sea, Jarin held a strategic position in both trade and regional politics. The kingdom maintained its autonomy by balancing relations with neighboring Nubian Christian states and the Muslim rulers of Egypt, while relying on its control of trade in gold, livestock, and other resources. By the decades before 1110, Jarin stood as a resilient Beja state, embodying the adaptability of nomadic and semi-nomadic societies along the shifting frontier between Africa’s interior and the Islamic world.","Au XIe siècle, la Sicile était sous contrôle musulman. Les pouvoirs lombard et byzantin sur le continent commencèrent à recruter des mercenaires normands, descendants de Français et de Vikings, pour régler le problème. Et ils le réglèrent. Sous la direction de Roger Ier, les Normands attaquèrent les armées sarrasines de l'île. Après avoir pris les Pouilles et la Calabre, Roger occupa Messine avec une armée de 700 chevaliers. En 1068, Roger et ses hommes vainquirent les musulmans à Musulmeri, mais la victoire décisive restait encore à venir. En 1091, après un long siège, Palerme tomba aux mains des Normands. Les Sarrasins furent chassés de l'île, et le royaume normand de Sicile naquit.","Im 11. Jahrhundert befand sich Sizilien unter muslimischer Kontrolle. Die Armeen der Langobarden und Byzantiner auf dem Festland begannen, normannische Söldner anzuheuern, Nachkommen der Franzosen und Wikinger, um sich des Problems anzunehmen. Und das taten sie äußerst gründlich. Unter Roger I. griffen die Normannen die Armeen der Sarazenen auf der Insel an. Nachdem er Apulien und Kalabrien eingenommen hatte, besetzte Roger mit einer Armee von 700 Rittern Messina. Im Jahre 1068 schlugen Roger und seine Männer die Muslime bei Misilmeri in die Flucht, doch der entscheidende Sieg sollte noch folgen. Im Jahre 1091 fiel Palermo nach langer Belagerung in die Hand der Normannen. Die Sarazenen wurden von der Insel vertrieben, und das normannische Königreich Sizilien war geboren.","En el siglo XI, Sicilia estaba bajo control musulmán. Las potencias lombarda y bizantina del continente comenzaron a contratar a mercenarios normandos, descendientes de franceses y vikingos, para que se hicieran cargo del problema. Y eso hicieron: los normandos, bajo las órdenes de Roger I, atacaron a los ejércitos sarracenos en la isla. Después de tomar Apulia y Calabria, Roger ocupó Mesina con un ejército de 700 caballeros. En 1068, Roger y sus hombres derrotaron a los musulmanes en Musulmeri, pero la victoria decisiva aún estaba por llegar: en el año 1091, tras un largo asedio, Palermo cayó en manos normandas. Los sarracenos fueron expulsados de la isla y nació el reino normando de Sicilia.","W XI w. Sycylią rządzili muzułmanie. Kontynentalne ośrodki władzy, Lombardia oraz Bizancjum, aby pozbyć się kłopotu, postanowiły posłużyć się normańskimi najemnikami, potomkami Francuzów i wikingów. Plan się powiódł. Pod dowództwem Rogera I Normanowie uderzyli na armie Saracenów stacjonujące na wyspie. Po zajęciu Apulii i Kalabrii wojska Rogera w sile siedmiuset rycerzy rozpoczęły okupację Mesyny. W 1068 r. Roger i jego ludzie pokonali muzułmanów pod Misilmeri, lecz ostateczne zwycięstwo miało dopiero nadejść. W 1091 r., po długim oblężeniu, Palermo wpadło w ręce Normanów. Saracenów wyparto z wyspy i tak narodziło się Królestwo Sycylii.","В XI веке Сицилия находилась под контролем мусульман. Ломбардская и византийская державы на материке начали нанимать норманнских наемников, потомков французов и викингов, чтобы решить эту проблему. И проблема была решена. Под предводительством Рожера I норманны напали на сарацинские армии на острове. Захватив Апулию и Калабрию, Рожер занял Мессину с армией из 700 рыцарей. В 1068 году Рожер и его люди разбили мусульман при Мизильмери, но решающая победа была еще впереди. В 1091 году после долгой осады Палермо перешел в руки норманнов. Сарацины были изгнаны с острова, и родилось Норманнское королевство Сицилия.","11세기 시칠리아는 무슬림의 지배하에 있었습니다. 본토의 랑고바르드족과 동로마는 프랑스인과 바이킹의 후손인 노르만인 용병들을 고용하여 이 문제를 해결하기 시작했습니다. 용병들은 문제 해결 능력이 뛰어났습니다. 루제루 1세 시절 노르만인들은 섬 내의 사라센 군대를 공격했습니다. 풀리아와 칼라브리아를 차지한 루제루 1세는 700명의 기사 부대로 메시나를 점령했습니다. 1068년 루제루 1세와 휘하 군대는 미실메리에서 무슬림들을 격퇴했으나 결정적인 승리를 거두지는 못했습니다. 1091년, 길고 긴 공성전 끝에 팔레르모가 노르만인에게 넘어갔습니다. 사라센인은 섬에서 쫓겨났고, 노르만인의 시칠리아 왕국이 탄생했습니다.",11世紀、シチリアはムスリムの支配下にあった。本土のランゴバルドとビザンツ勢はこの問題の対処にフランスとヴァイキングの末裔ノルマン傭兵を起用した。彼らは確かに問題に対処してみせた。ルッジェーロ1世の指揮下、ノルマン傭兵はこの島のサラセン軍を攻撃した。アプリアとカラブリアを奪うとルッジェーロはメッシーナを700名の騎士で占領した。1068年、ルッジェーロとその部下はミジルメーリのムスリムを撃退した。だが決定的勝利はまだ訪れていなかった。1091年、長い包囲戦の後、パレルモはノルマン勢の手に落ちた。サラセンは島から追い出され、ノルマン朝シチリア王国が誕生したのだ,在公元11世纪，西西里岛还处于穆斯林的控制之下。与此同时，内陆的伦巴第和拜占庭势力开始招募诺曼雇佣兵，也就是法兰西人和维京人的后裔，来准备处理西西里岛问题。他们确实解决了问题。在罗杰一世的领导下，诺曼人袭击了岛上的撒拉森军队。拿下阿普利亚和卡拉布里亚后，罗杰一世用700名骑兵占领了墨西拿。在1068年，罗杰一世和他的军队于穆苏梅里打败穆斯林，不过这还不是决定性的胜利。直到1091年，在长期的围攻之后，巴勒莫落入诺曼人之手，这时最终的胜利才到来。撒拉森人被赶出了西西里岛，西西里的诺曼王国就此诞生。,十一世紀，西西里島處於穆斯林的控制。大陸上的倫巴底和拜占庭勢力開始僱傭諾曼僱傭兵，即法國人和維京人的後裔，來解決這個問題。而他們也確實解決了。在魯傑羅一世的帶領下，諾曼人攻擊了島上的撒拉森人軍隊。奪取普利亞和卡拉布里亞後，魯傑羅率領700名騎士大軍佔領了美西納。1068年，魯傑羅和他的手下擊敗了義大利的穆斯林，但決定性的勝利尚未到來。1091年，經過長時間的圍攻，巴勒摩落入諾曼人之手。撒拉森人被趕出島，西西里島的諾曼王國因此誕生。,"Sicilya, 11. yüzyılda Müslümanların kontrolü altındaydı. Anakaradaki Lombard ve Bizans güçleri bu sorunu çözmek için Fransız ve Vikinglerin soyundan gelen Norman paralı askerlerini toplamaya başladı. Sorunu çözme konusunda başarılı da oldular. Normanlar, Roger I himayesinde adadaki Sarazen ordularına saldırdı. Roger, Apulia ve Calabria'yı aldıktan sonra Messina'yı 700 şövalyeden oluşan bir orduyla işgal etti. Roger ve adamları 1068 yılında Musulmeri'de Müslümanları yendi ancak kesin zafer burada gelmedi. 1091 yılında uzun bir kuşatmadan sonra Palermo, Norman kontrolüne geçti. Sarazenler adadan atıldı ve Sicilya Norman Krallığı kuruldu.","11वीं सदी में सिसली मुस्लिम नियंत्रण में था. समस्या के समाधान के लिए मेनलैंड पर लॉम्बार्ड और बाइज़ैंटाइन शक्तियों ने नॉर्मन भाड़े के सैनिकों, फ़्रांसीसी और वाइकिंग्स के वंशजों को खरीदना शुरू कर दिया. और उन्होंने समस्या का अच्छा समाधान भी किया. द्वीप पर रॉजर I के अधीन नॉर्मन्स ने सारासेन की सेनाओं पर हमला किया. अपुलिया और कैलब्रिया जीतने के बाद रॉजर ने 700 नाइट्स की सेना के साथ मेसीना पर कब्ज़ा किया. 1068 में रॉजर और उसके आदमियों ने मुसुल्मेरी के मुसलमानों को हरा दिया, लेकिन निर्णायक जीत आने में अभी समय था. 1091 में लम्बी घेरेबंदी के बाद पलेर्मो नॉर्मन के कब्ज़े में आ गया. सरसेन को द्वीप से बाहर फेंक दिया गया और सिसली के नॉर्मन किंगडम का जन्म हुआ.","Pada abad ke-11, Sisilia berada di bawah kendali Muslim. Pihak berwenang Lombardia dan Bizantium di dataran utama mulai merekrut tentara bayaran Normandia, keturunan Prancis, dan Viking, untuk mengatasi masalah itu. Kemudian, mereka berhasil mengatasinya. Di bawah pimpinan Roger I, bangsa Normandia menyerang tentara Saracen di pulau itu. Setelah menaklukkan Apulia dan Calabria, Roger menduduki Messina dengan tentara yang terdiri atas 700 kesatria. Pada tahun 1068, Roger dan orang-orangnya mengalahkan para Muslim di Misilmeri, tetapi kemenangan mutlak belum dicapai. Pada tahun 1091, setelah pengepungan yang panjang, Palermo jatuh ke tangan bangsa Normandia. Saracen diusir dari pulau, kemudian lahirlah Kerajaan Normandia Sisilia."
Assassin_Order.description,"The Assassin Order, known to history as the Nizārī Ismāʿīlīs, arose in the late 11th century during a period of deep divisions within the Fatimid Caliphate. Led by Ḥasan-i Sabbāh, the movement established its base at the mountain fortress of Alamut in northern Persia around 1090, creating a network of fortified strongholds across Iran and Syria. Rejecting both Sunni orthodoxy and rival Shiʿi claimants, the Nizārīs relied on secrecy, discipline, and targeted political violence to defend their autonomy against powerful enemies such as the Seljuks. By the years before 1110, the order had secured a reputation as both a feared and enigmatic force, combining religious devotion with a radical new model of resistance in the medieval Islamic world.","Au XIe siècle, la Sicile était sous contrôle musulman. Les pouvoirs lombard et byzantin sur le continent commencèrent à recruter des mercenaires normands, descendants de Français et de Vikings, pour régler le problème. Et ils le réglèrent. Sous la direction de Roger Ier, les Normands attaquèrent les armées sarrasines de l'île. Après avoir pris les Pouilles et la Calabre, Roger occupa Messine avec une armée de 700 chevaliers. En 1068, Roger et ses hommes vainquirent les musulmans à Musulmeri, mais la victoire décisive restait encore à venir. En 1091, après un long siège, Palerme tomba aux mains des Normands. Les Sarrasins furent chassés de l'île, et le royaume normand de Sicile naquit.","Im 11. Jahrhundert befand sich Sizilien unter muslimischer Kontrolle. Die Armeen der Langobarden und Byzantiner auf dem Festland begannen, normannische Söldner anzuheuern, Nachkommen der Franzosen und Wikinger, um sich des Problems anzunehmen. Und das taten sie äußerst gründlich. Unter Roger I. griffen die Normannen die Armeen der Sarazenen auf der Insel an. Nachdem er Apulien und Kalabrien eingenommen hatte, besetzte Roger mit einer Armee von 700 Rittern Messina. Im Jahre 1068 schlugen Roger und seine Männer die Muslime bei Misilmeri in die Flucht, doch der entscheidende Sieg sollte noch folgen. Im Jahre 1091 fiel Palermo nach langer Belagerung in die Hand der Normannen. Die Sarazenen wurden von der Insel vertrieben, und das normannische Königreich Sizilien war geboren.","En el siglo XI, Sicilia estaba bajo control musulmán. Las potencias lombarda y bizantina del continente comenzaron a contratar a mercenarios normandos, descendientes de franceses y vikingos, para que se hicieran cargo del problema. Y eso hicieron: los normandos, bajo las órdenes de Roger I, atacaron a los ejércitos sarracenos en la isla. Después de tomar Apulia y Calabria, Roger ocupó Mesina con un ejército de 700 caballeros. En 1068, Roger y sus hombres derrotaron a los musulmanes en Musulmeri, pero la victoria decisiva aún estaba por llegar: en el año 1091, tras un largo asedio, Palermo cayó en manos normandas. Los sarracenos fueron expulsados de la isla y nació el reino normando de Sicilia.","W XI w. Sycylią rządzili muzułmanie. Kontynentalne ośrodki władzy, Lombardia oraz Bizancjum, aby pozbyć się kłopotu, postanowiły posłużyć się normańskimi najemnikami, potomkami Francuzów i wikingów. Plan się powiódł. Pod dowództwem Rogera I Normanowie uderzyli na armie Saracenów stacjonujące na wyspie. Po zajęciu Apulii i Kalabrii wojska Rogera w sile siedmiuset rycerzy rozpoczęły okupację Mesyny. W 1068 r. Roger i jego ludzie pokonali muzułmanów pod Misilmeri, lecz ostateczne zwycięstwo miało dopiero nadejść. W 1091 r., po długim oblężeniu, Palermo wpadło w ręce Normanów. Saracenów wyparto z wyspy i tak narodziło się Królestwo Sycylii.","В XI веке Сицилия находилась под контролем мусульман. Ломбардская и византийская державы на материке начали нанимать норманнских наемников, потомков французов и викингов, чтобы решить эту проблему. И проблема была решена. Под предводительством Рожера I норманны напали на сарацинские армии на острове. Захватив Апулию и Калабрию, Рожер занял Мессину с армией из 700 рыцарей. В 1068 году Рожер и его люди разбили мусульман при Мизильмери, но решающая победа была еще впереди. В 1091 году после долгой осады Палермо перешел в руки норманнов. Сарацины были изгнаны с острова, и родилось Норманнское королевство Сицилия.","11세기 시칠리아는 무슬림의 지배하에 있었습니다. 본토의 랑고바르드족과 동로마는 프랑스인과 바이킹의 후손인 노르만인 용병들을 고용하여 이 문제를 해결하기 시작했습니다. 용병들은 문제 해결 능력이 뛰어났습니다. 루제루 1세 시절 노르만인들은 섬 내의 사라센 군대를 공격했습니다. 풀리아와 칼라브리아를 차지한 루제루 1세는 700명의 기사 부대로 메시나를 점령했습니다. 1068년 루제루 1세와 휘하 군대는 미실메리에서 무슬림들을 격퇴했으나 결정적인 승리를 거두지는 못했습니다. 1091년, 길고 긴 공성전 끝에 팔레르모가 노르만인에게 넘어갔습니다. 사라센인은 섬에서 쫓겨났고, 노르만인의 시칠리아 왕국이 탄생했습니다.",11世紀、シチリアはムスリムの支配下にあった。本土のランゴバルドとビザンツ勢はこの問題の対処にフランスとヴァイキングの末裔ノルマン傭兵を起用した。彼らは確かに問題に対処してみせた。ルッジェーロ1世の指揮下、ノルマン傭兵はこの島のサラセン軍を攻撃した。アプリアとカラブリアを奪うとルッジェーロはメッシーナを700名の騎士で占領した。1068年、ルッジェーロとその部下はミジルメーリのムスリムを撃退した。だが決定的勝利はまだ訪れていなかった。1091年、長い包囲戦の後、パレルモはノルマン勢の手に落ちた。サラセンは島から追い出され、ノルマン朝シチリア王国が誕生したのだ,在公元11世纪，西西里岛还处于穆斯林的控制之下。与此同时，内陆的伦巴第和拜占庭势力开始招募诺曼雇佣兵，也就是法兰西人和维京人的后裔，来准备处理西西里岛问题。他们确实解决了问题。在罗杰一世的领导下，诺曼人袭击了岛上的撒拉森军队。拿下阿普利亚和卡拉布里亚后，罗杰一世用700名骑兵占领了墨西拿。在1068年，罗杰一世和他的军队于穆苏梅里打败穆斯林，不过这还不是决定性的胜利。直到1091年，在长期的围攻之后，巴勒莫落入诺曼人之手，这时最终的胜利才到来。撒拉森人被赶出了西西里岛，西西里的诺曼王国就此诞生。,十一世紀，西西里島處於穆斯林的控制。大陸上的倫巴底和拜占庭勢力開始僱傭諾曼僱傭兵，即法國人和維京人的後裔，來解決這個問題。而他們也確實解決了。在魯傑羅一世的帶領下，諾曼人攻擊了島上的撒拉森人軍隊。奪取普利亞和卡拉布里亞後，魯傑羅率領700名騎士大軍佔領了美西納。1068年，魯傑羅和他的手下擊敗了義大利的穆斯林，但決定性的勝利尚未到來。1091年，經過長時間的圍攻，巴勒摩落入諾曼人之手。撒拉森人被趕出島，西西里島的諾曼王國因此誕生。,"Sicilya, 11. yüzyılda Müslümanların kontrolü altındaydı. Anakaradaki Lombard ve Bizans güçleri bu sorunu çözmek için Fransız ve Vikinglerin soyundan gelen Norman paralı askerlerini toplamaya başladı. Sorunu çözme konusunda başarılı da oldular. Normanlar, Roger I himayesinde adadaki Sarazen ordularına saldırdı. Roger, Apulia ve Calabria'yı aldıktan sonra Messina'yı 700 şövalyeden oluşan bir orduyla işgal etti. Roger ve adamları 1068 yılında Musulmeri'de Müslümanları yendi ancak kesin zafer burada gelmedi. 1091 yılında uzun bir kuşatmadan sonra Palermo, Norman kontrolüne geçti. Sarazenler adadan atıldı ve Sicilya Norman Krallığı kuruldu.","11वीं सदी में सिसली मुस्लिम नियंत्रण में था. समस्या के समाधान के लिए मेनलैंड पर लॉम्बार्ड और बाइज़ैंटाइन शक्तियों ने नॉर्मन भाड़े के सैनिकों, फ़्रांसीसी और वाइकिंग्स के वंशजों को खरीदना शुरू कर दिया. और उन्होंने समस्या का अच्छा समाधान भी किया. द्वीप पर रॉजर I के अधीन नॉर्मन्स ने सारासेन की सेनाओं पर हमला किया. अपुलिया और कैलब्रिया जीतने के बाद रॉजर ने 700 नाइट्स की सेना के साथ मेसीना पर कब्ज़ा किया. 1068 में रॉजर और उसके आदमियों ने मुसुल्मेरी के मुसलमानों को हरा दिया, लेकिन निर्णायक जीत आने में अभी समय था. 1091 में लम्बी घेरेबंदी के बाद पलेर्मो नॉर्मन के कब्ज़े में आ गया. सरसेन को द्वीप से बाहर फेंक दिया गया और सिसली के नॉर्मन किंगडम का जन्म हुआ.","Pada abad ke-11, Sisilia berada di bawah kendali Muslim. Pihak berwenang Lombardia dan Bizantium di dataran utama mulai merekrut tentara bayaran Normandia, keturunan Prancis, dan Viking, untuk mengatasi masalah itu. Kemudian, mereka berhasil mengatasinya. Di bawah pimpinan Roger I, bangsa Normandia menyerang tentara Saracen di pulau itu. Setelah menaklukkan Apulia dan Calabria, Roger menduduki Messina dengan tentara yang terdiri atas 700 kesatria. Pada tahun 1068, Roger dan orang-orangnya mengalahkan para Muslim di Misilmeri, tetapi kemenangan mutlak belum dicapai. Pada tahun 1091, setelah pengepungan yang panjang, Palermo jatuh ke tangan bangsa Normandia. Saracen diusir dari pulau, kemudian lahirlah Kerajaan Normandia Sisilia."
Kerman.description,"The Sultanate of Kerman was a Seljuk dynasty established in southeastern Iran in 1041 by Qavurd, a nephew of the Great Seljuk ruler Tughril Beg. Centered in the city of Kerman, the sultanate benefited from its position along major trade routes linking Persia to the Indian Ocean and Central Asia. Though acknowledging the supremacy of the Great Seljuk Empire, the Kerman branch maintained a high degree of autonomy, balancing loyalty with local ambition. By the years before 1110, the sultanate had consolidated its authority over the region, fostering prosperity through commerce while serving as a frontier state at the edge of the Seljuk world.","Au XIe siècle, la Sicile était sous contrôle musulman. Les pouvoirs lombard et byzantin sur le continent commencèrent à recruter des mercenaires normands, descendants de Français et de Vikings, pour régler le problème. Et ils le réglèrent. Sous la direction de Roger Ier, les Normands attaquèrent les armées sarrasines de l'île. Après avoir pris les Pouilles et la Calabre, Roger occupa Messine avec une armée de 700 chevaliers. En 1068, Roger et ses hommes vainquirent les musulmans à Musulmeri, mais la victoire décisive restait encore à venir. En 1091, après un long siège, Palerme tomba aux mains des Normands. Les Sarrasins furent chassés de l'île, et le royaume normand de Sicile naquit.","Im 11. Jahrhundert befand sich Sizilien unter muslimischer Kontrolle. Die Armeen der Langobarden und Byzantiner auf dem Festland begannen, normannische Söldner anzuheuern, Nachkommen der Franzosen und Wikinger, um sich des Problems anzunehmen. Und das taten sie äußerst gründlich. Unter Roger I. griffen die Normannen die Armeen der Sarazenen auf der Insel an. Nachdem er Apulien und Kalabrien eingenommen hatte, besetzte Roger mit einer Armee von 700 Rittern Messina. Im Jahre 1068 schlugen Roger und seine Männer die Muslime bei Misilmeri in die Flucht, doch der entscheidende Sieg sollte noch folgen. Im Jahre 1091 fiel Palermo nach langer Belagerung in die Hand der Normannen. Die Sarazenen wurden von der Insel vertrieben, und das normannische Königreich Sizilien war geboren.","En el siglo XI, Sicilia estaba bajo control musulmán. Las potencias lombarda y bizantina del continente comenzaron a contratar a mercenarios normandos, descendientes de franceses y vikingos, para que se hicieran cargo del problema. Y eso hicieron: los normandos, bajo las órdenes de Roger I, atacaron a los ejércitos sarracenos en la isla. Después de tomar Apulia y Calabria, Roger ocupó Mesina con un ejército de 700 caballeros. En 1068, Roger y sus hombres derrotaron a los musulmanes en Musulmeri, pero la victoria decisiva aún estaba por llegar: en el año 1091, tras un largo asedio, Palermo cayó en manos normandas. Los sarracenos fueron expulsados de la isla y nació el reino normando de Sicilia.","W XI w. Sycylią rządzili muzułmanie. Kontynentalne ośrodki władzy, Lombardia oraz Bizancjum, aby pozbyć się kłopotu, postanowiły posłużyć się normańskimi najemnikami, potomkami Francuzów i wikingów. Plan się powiódł. Pod dowództwem Rogera I Normanowie uderzyli na armie Saracenów stacjonujące na wyspie. Po zajęciu Apulii i Kalabrii wojska Rogera w sile siedmiuset rycerzy rozpoczęły okupację Mesyny. W 1068 r. Roger i jego ludzie pokonali muzułmanów pod Misilmeri, lecz ostateczne zwycięstwo miało dopiero nadejść. W 1091 r., po długim oblężeniu, Palermo wpadło w ręce Normanów. Saracenów wyparto z wyspy i tak narodziło się Królestwo Sycylii.","В XI веке Сицилия находилась под контролем мусульман. Ломбардская и византийская державы на материке начали нанимать норманнских наемников, потомков французов и викингов, чтобы решить эту проблему. И проблема была решена. Под предводительством Рожера I норманны напали на сарацинские армии на острове. Захватив Апулию и Калабрию, Рожер занял Мессину с армией из 700 рыцарей. В 1068 году Рожер и его люди разбили мусульман при Мизильмери, но решающая победа была еще впереди. В 1091 году после долгой осады Палермо перешел в руки норманнов. Сарацины были изгнаны с острова, и родилось Норманнское королевство Сицилия.","11세기 시칠리아는 무슬림의 지배하에 있었습니다. 본토의 랑고바르드족과 동로마는 프랑스인과 바이킹의 후손인 노르만인 용병들을 고용하여 이 문제를 해결하기 시작했습니다. 용병들은 문제 해결 능력이 뛰어났습니다. 루제루 1세 시절 노르만인들은 섬 내의 사라센 군대를 공격했습니다. 풀리아와 칼라브리아를 차지한 루제루 1세는 700명의 기사 부대로 메시나를 점령했습니다. 1068년 루제루 1세와 휘하 군대는 미실메리에서 무슬림들을 격퇴했으나 결정적인 승리를 거두지는 못했습니다. 1091년, 길고 긴 공성전 끝에 팔레르모가 노르만인에게 넘어갔습니다. 사라센인은 섬에서 쫓겨났고, 노르만인의 시칠리아 왕국이 탄생했습니다.",11世紀、シチリアはムスリムの支配下にあった。本土のランゴバルドとビザンツ勢はこの問題の対処にフランスとヴァイキングの末裔ノルマン傭兵を起用した。彼らは確かに問題に対処してみせた。ルッジェーロ1世の指揮下、ノルマン傭兵はこの島のサラセン軍を攻撃した。アプリアとカラブリアを奪うとルッジェーロはメッシーナを700名の騎士で占領した。1068年、ルッジェーロとその部下はミジルメーリのムスリムを撃退した。だが決定的勝利はまだ訪れていなかった。1091年、長い包囲戦の後、パレルモはノルマン勢の手に落ちた。サラセンは島から追い出され、ノルマン朝シチリア王国が誕生したのだ,在公元11世纪，西西里岛还处于穆斯林的控制之下。与此同时，内陆的伦巴第和拜占庭势力开始招募诺曼雇佣兵，也就是法兰西人和维京人的后裔，来准备处理西西里岛问题。他们确实解决了问题。在罗杰一世的领导下，诺曼人袭击了岛上的撒拉森军队。拿下阿普利亚和卡拉布里亚后，罗杰一世用700名骑兵占领了墨西拿。在1068年，罗杰一世和他的军队于穆苏梅里打败穆斯林，不过这还不是决定性的胜利。直到1091年，在长期的围攻之后，巴勒莫落入诺曼人之手，这时最终的胜利才到来。撒拉森人被赶出了西西里岛，西西里的诺曼王国就此诞生。,十一世紀，西西里島處於穆斯林的控制。大陸上的倫巴底和拜占庭勢力開始僱傭諾曼僱傭兵，即法國人和維京人的後裔，來解決這個問題。而他們也確實解決了。在魯傑羅一世的帶領下，諾曼人攻擊了島上的撒拉森人軍隊。奪取普利亞和卡拉布里亞後，魯傑羅率領700名騎士大軍佔領了美西納。1068年，魯傑羅和他的手下擊敗了義大利的穆斯林，但決定性的勝利尚未到來。1091年，經過長時間的圍攻，巴勒摩落入諾曼人之手。撒拉森人被趕出島，西西里島的諾曼王國因此誕生。,"Sicilya, 11. yüzyılda Müslümanların kontrolü altındaydı. Anakaradaki Lombard ve Bizans güçleri bu sorunu çözmek için Fransız ve Vikinglerin soyundan gelen Norman paralı askerlerini toplamaya başladı. Sorunu çözme konusunda başarılı da oldular. Normanlar, Roger I himayesinde adadaki Sarazen ordularına saldırdı. Roger, Apulia ve Calabria'yı aldıktan sonra Messina'yı 700 şövalyeden oluşan bir orduyla işgal etti. Roger ve adamları 1068 yılında Musulmeri'de Müslümanları yendi ancak kesin zafer burada gelmedi. 1091 yılında uzun bir kuşatmadan sonra Palermo, Norman kontrolüne geçti. Sarazenler adadan atıldı ve Sicilya Norman Krallığı kuruldu.","11वीं सदी में सिसली मुस्लिम नियंत्रण में था. समस्या के समाधान के लिए मेनलैंड पर लॉम्बार्ड और बाइज़ैंटाइन शक्तियों ने नॉर्मन भाड़े के सैनिकों, फ़्रांसीसी और वाइकिंग्स के वंशजों को खरीदना शुरू कर दिया. और उन्होंने समस्या का अच्छा समाधान भी किया. द्वीप पर रॉजर I के अधीन नॉर्मन्स ने सारासेन की सेनाओं पर हमला किया. अपुलिया और कैलब्रिया जीतने के बाद रॉजर ने 700 नाइट्स की सेना के साथ मेसीना पर कब्ज़ा किया. 1068 में रॉजर और उसके आदमियों ने मुसुल्मेरी के मुसलमानों को हरा दिया, लेकिन निर्णायक जीत आने में अभी समय था. 1091 में लम्बी घेरेबंदी के बाद पलेर्मो नॉर्मन के कब्ज़े में आ गया. सरसेन को द्वीप से बाहर फेंक दिया गया और सिसली के नॉर्मन किंगडम का जन्म हुआ.","Pada abad ke-11, Sisilia berada di bawah kendali Muslim. Pihak berwenang Lombardia dan Bizantium di dataran utama mulai merekrut tentara bayaran Normandia, keturunan Prancis, dan Viking, untuk mengatasi masalah itu. Kemudian, mereka berhasil mengatasinya. Di bawah pimpinan Roger I, bangsa Normandia menyerang tentara Saracen di pulau itu. Setelah menaklukkan Apulia dan Calabria, Roger menduduki Messina dengan tentara yang terdiri atas 700 kesatria. Pada tahun 1068, Roger dan orang-orangnya mengalahkan para Muslim di Misilmeri, tetapi kemenangan mutlak belum dicapai. Pada tahun 1091, setelah pengepungan yang panjang, Palermo jatuh ke tangan bangsa Normandia. Saracen diusir dari pulau, kemudian lahirlah Kerajaan Normandia Sisilia."
BanuAmir.description,"The Banū ʿĀmir were a prominent Arab tribe in the Arabian Peninsula, traditionally inhabiting regions of Najd and central Arabia. Throughout the 11th century, they maintained influence through tribal alliances, pastoralism, and control of key trade routes across the desert interior. While generally autonomous, the Banū ʿĀmir navigated the shifting political landscape of the Arabian Peninsula, interacting with neighboring tribes, local dynasties, and the emerging powers of the Islamic world. By the decades before 1110, the tribe had solidified its regional presence, contributing to the social and political fabric of central Arabia.","Au XIe siècle, la Sicile était sous contrôle musulman. Les pouvoirs lombard et byzantin sur le continent commencèrent à recruter des mercenaires normands, descendants de Français et de Vikings, pour régler le problème. Et ils le réglèrent. Sous la direction de Roger Ier, les Normands attaquèrent les armées sarrasines de l'île. Après avoir pris les Pouilles et la Calabre, Roger occupa Messine avec une armée de 700 chevaliers. En 1068, Roger et ses hommes vainquirent les musulmans à Musulmeri, mais la victoire décisive restait encore à venir. En 1091, après un long siège, Palerme tomba aux mains des Normands. Les Sarrasins furent chassés de l'île, et le royaume normand de Sicile naquit.","Im 11. Jahrhundert befand sich Sizilien unter muslimischer Kontrolle. Die Armeen der Langobarden und Byzantiner auf dem Festland begannen, normannische Söldner anzuheuern, Nachkommen der Franzosen und Wikinger, um sich des Problems anzunehmen. Und das taten sie äußerst gründlich. Unter Roger I. griffen die Normannen die Armeen der Sarazenen auf der Insel an. Nachdem er Apulien und Kalabrien eingenommen hatte, besetzte Roger mit einer Armee von 700 Rittern Messina. Im Jahre 1068 schlugen Roger und seine Männer die Muslime bei Misilmeri in die Flucht, doch der entscheidende Sieg sollte noch folgen. Im Jahre 1091 fiel Palermo nach langer Belagerung in die Hand der Normannen. Die Sarazenen wurden von der Insel vertrieben, und das normannische Königreich Sizilien war geboren.","En el siglo XI, Sicilia estaba bajo control musulmán. Las potencias lombarda y bizantina del continente comenzaron a contratar a mercenarios normandos, descendientes de franceses y vikingos, para que se hicieran cargo del problema. Y eso hicieron: los normandos, bajo las órdenes de Roger I, atacaron a los ejércitos sarracenos en la isla. Después de tomar Apulia y Calabria, Roger ocupó Mesina con un ejército de 700 caballeros. En 1068, Roger y sus hombres derrotaron a los musulmanes en Musulmeri, pero la victoria decisiva aún estaba por llegar: en el año 1091, tras un largo asedio, Palermo cayó en manos normandas. Los sarracenos fueron expulsados de la isla y nació el reino normando de Sicilia.","W XI w. Sycylią rządzili muzułmanie. Kontynentalne ośrodki władzy, Lombardia oraz Bizancjum, aby pozbyć się kłopotu, postanowiły posłużyć się normańskimi najemnikami, potomkami Francuzów i wikingów. Plan się powiódł. Pod dowództwem Rogera I Normanowie uderzyli na armie Saracenów stacjonujące na wyspie. Po zajęciu Apulii i Kalabrii wojska Rogera w sile siedmiuset rycerzy rozpoczęły okupację Mesyny. W 1068 r. Roger i jego ludzie pokonali muzułmanów pod Misilmeri, lecz ostateczne zwycięstwo miało dopiero nadejść. W 1091 r., po długim oblężeniu, Palermo wpadło w ręce Normanów. Saracenów wyparto z wyspy i tak narodziło się Królestwo Sycylii.","В XI веке Сицилия находилась под контролем мусульман. Ломбардская и византийская державы на материке начали нанимать норманнских наемников, потомков французов и викингов, чтобы решить эту проблему. И проблема была решена. Под предводительством Рожера I норманны напали на сарацинские армии на острове. Захватив Апулию и Калабрию, Рожер занял Мессину с армией из 700 рыцарей. В 1068 году Рожер и его люди разбили мусульман при Мизильмери, но решающая победа была еще впереди. В 1091 году после долгой осады Палермо перешел в руки норманнов. Сарацины были изгнаны с острова, и родилось Норманнское королевство Сицилия.","11세기 시칠리아는 무슬림의 지배하에 있었습니다. 본토의 랑고바르드족과 동로마는 프랑스인과 바이킹의 후손인 노르만인 용병들을 고용하여 이 문제를 해결하기 시작했습니다. 용병들은 문제 해결 능력이 뛰어났습니다. 루제루 1세 시절 노르만인들은 섬 내의 사라센 군대를 공격했습니다. 풀리아와 칼라브리아를 차지한 루제루 1세는 700명의 기사 부대로 메시나를 점령했습니다. 1068년 루제루 1세와 휘하 군대는 미실메리에서 무슬림들을 격퇴했으나 결정적인 승리를 거두지는 못했습니다. 1091년, 길고 긴 공성전 끝에 팔레르모가 노르만인에게 넘어갔습니다. 사라센인은 섬에서 쫓겨났고, 노르만인의 시칠리아 왕국이 탄생했습니다.",11世紀、シチリアはムスリムの支配下にあった。本土のランゴバルドとビザンツ勢はこの問題の対処にフランスとヴァイキングの末裔ノルマン傭兵を起用した。彼らは確かに問題に対処してみせた。ルッジェーロ1世の指揮下、ノルマン傭兵はこの島のサラセン軍を攻撃した。アプリアとカラブリアを奪うとルッジェーロはメッシーナを700名の騎士で占領した。1068年、ルッジェーロとその部下はミジルメーリのムスリムを撃退した。だが決定的勝利はまだ訪れていなかった。1091年、長い包囲戦の後、パレルモはノルマン勢の手に落ちた。サラセンは島から追い出され、ノルマン朝シチリア王国が誕生したのだ,在公元11世纪，西西里岛还处于穆斯林的控制之下。与此同时，内陆的伦巴第和拜占庭势力开始招募诺曼雇佣兵，也就是法兰西人和维京人的后裔，来准备处理西西里岛问题。他们确实解决了问题。在罗杰一世的领导下，诺曼人袭击了岛上的撒拉森军队。拿下阿普利亚和卡拉布里亚后，罗杰一世用700名骑兵占领了墨西拿。在1068年，罗杰一世和他的军队于穆苏梅里打败穆斯林，不过这还不是决定性的胜利。直到1091年，在长期的围攻之后，巴勒莫落入诺曼人之手，这时最终的胜利才到来。撒拉森人被赶出了西西里岛，西西里的诺曼王国就此诞生。,十一世紀，西西里島處於穆斯林的控制。大陸上的倫巴底和拜占庭勢力開始僱傭諾曼僱傭兵，即法國人和維京人的後裔，來解決這個問題。而他們也確實解決了。在魯傑羅一世的帶領下，諾曼人攻擊了島上的撒拉森人軍隊。奪取普利亞和卡拉布里亞後，魯傑羅率領700名騎士大軍佔領了美西納。1068年，魯傑羅和他的手下擊敗了義大利的穆斯林，但決定性的勝利尚未到來。1091年，經過長時間的圍攻，巴勒摩落入諾曼人之手。撒拉森人被趕出島，西西里島的諾曼王國因此誕生。,"Sicilya, 11. yüzyılda Müslümanların kontrolü altındaydı. Anakaradaki Lombard ve Bizans güçleri bu sorunu çözmek için Fransız ve Vikinglerin soyundan gelen Norman paralı askerlerini toplamaya başladı. Sorunu çözme konusunda başarılı da oldular. Normanlar, Roger I himayesinde adadaki Sarazen ordularına saldırdı. Roger, Apulia ve Calabria'yı aldıktan sonra Messina'yı 700 şövalyeden oluşan bir orduyla işgal etti. Roger ve adamları 1068 yılında Musulmeri'de Müslümanları yendi ancak kesin zafer burada gelmedi. 1091 yılında uzun bir kuşatmadan sonra Palermo, Norman kontrolüne geçti. Sarazenler adadan atıldı ve Sicilya Norman Krallığı kuruldu.","11वीं सदी में सिसली मुस्लिम नियंत्रण में था. समस्या के समाधान के लिए मेनलैंड पर लॉम्बार्ड और बाइज़ैंटाइन शक्तियों ने नॉर्मन भाड़े के सैनिकों, फ़्रांसीसी और वाइकिंग्स के वंशजों को खरीदना शुरू कर दिया. और उन्होंने समस्या का अच्छा समाधान भी किया. द्वीप पर रॉजर I के अधीन नॉर्मन्स ने सारासेन की सेनाओं पर हमला किया. अपुलिया और कैलब्रिया जीतने के बाद रॉजर ने 700 नाइट्स की सेना के साथ मेसीना पर कब्ज़ा किया. 1068 में रॉजर और उसके आदमियों ने मुसुल्मेरी के मुसलमानों को हरा दिया, लेकिन निर्णायक जीत आने में अभी समय था. 1091 में लम्बी घेरेबंदी के बाद पलेर्मो नॉर्मन के कब्ज़े में आ गया. सरसेन को द्वीप से बाहर फेंक दिया गया और सिसली के नॉर्मन किंगडम का जन्म हुआ.","Pada abad ke-11, Sisilia berada di bawah kendali Muslim. Pihak berwenang Lombardia dan Bizantium di dataran utama mulai merekrut tentara bayaran Normandia, keturunan Prancis, dan Viking, untuk mengatasi masalah itu. Kemudian, mereka berhasil mengatasinya. Di bawah pimpinan Roger I, bangsa Normandia menyerang tentara Saracen di pulau itu. Setelah menaklukkan Apulia dan Calabria, Roger menduduki Messina dengan tentara yang terdiri atas 700 kesatria. Pada tahun 1068, Roger dan orang-orangnya mengalahkan para Muslim di Misilmeri, tetapi kemenangan mutlak belum dicapai. Pada tahun 1091, setelah pengepungan yang panjang, Palermo jatuh ke tangan bangsa Normandia. Saracen diusir dari pulau, kemudian lahirlah Kerajaan Normandia Sisilia."
BanuMarin.description,"The Banu Marin were Zanata Berbers who migrated to southeastern Morocco from Ifrīqiya in the 12th century. As early as 1145, the first skirmishes broke out with the Almohads, who eventually subjugated them. In the 13. century, their conquest of northern Morocco began, Fez became the capital of the Merinids in 1248. Abu Yusuf Yaqub  completed the overthrow of the Almohads and the subjugation of Morocco with the conquest of Marrakesh in 1269.","Au XIe siècle, la Sicile était sous contrôle musulman. Les pouvoirs lombard et byzantin sur le continent commencèrent à recruter des mercenaires normands, descendants de Français et de Vikings, pour régler le problème. Et ils le réglèrent. Sous la direction de Roger Ier, les Normands attaquèrent les armées sarrasines de l'île. Après avoir pris les Pouilles et la Calabre, Roger occupa Messine avec une armée de 700 chevaliers. En 1068, Roger et ses hommes vainquirent les musulmans à Musulmeri, mais la victoire décisive restait encore à venir. En 1091, après un long siège, Palerme tomba aux mains des Normands. Les Sarrasins furent chassés de l'île, et le royaume normand de Sicile naquit.","Im 11. Jahrhundert befand sich Sizilien unter muslimischer Kontrolle. Die Armeen der Langobarden und Byzantiner auf dem Festland begannen, normannische Söldner anzuheuern, Nachkommen der Franzosen und Wikinger, um sich des Problems anzunehmen. Und das taten sie äußerst gründlich. Unter Roger I. griffen die Normannen die Armeen der Sarazenen auf der Insel an. Nachdem er Apulien und Kalabrien eingenommen hatte, besetzte Roger mit einer Armee von 700 Rittern Messina. Im Jahre 1068 schlugen Roger und seine Männer die Muslime bei Misilmeri in die Flucht, doch der entscheidende Sieg sollte noch folgen. Im Jahre 1091 fiel Palermo nach langer Belagerung in die Hand der Normannen. Die Sarazenen wurden von der Insel vertrieben, und das normannische Königreich Sizilien war geboren.","En el siglo XI, Sicilia estaba bajo control musulmán. Las potencias lombarda y bizantina del continente comenzaron a contratar a mercenarios normandos, descendientes de franceses y vikingos, para que se hicieran cargo del problema. Y eso hicieron: los normandos, bajo las órdenes de Roger I, atacaron a los ejércitos sarracenos en la isla. Después de tomar Apulia y Calabria, Roger ocupó Mesina con un ejército de 700 caballeros. En 1068, Roger y sus hombres derrotaron a los musulmanes en Musulmeri, pero la victoria decisiva aún estaba por llegar: en el año 1091, tras un largo asedio, Palermo cayó en manos normandas. Los sarracenos fueron expulsados de la isla y nació el reino normando de Sicilia.","W XI w. Sycylią rządzili muzułmanie. Kontynentalne ośrodki władzy, Lombardia oraz Bizancjum, aby pozbyć się kłopotu, postanowiły posłużyć się normańskimi najemnikami, potomkami Francuzów i wikingów. Plan się powiódł. Pod dowództwem Rogera I Normanowie uderzyli na armie Saracenów stacjonujące na wyspie. Po zajęciu Apulii i Kalabrii wojska Rogera w sile siedmiuset rycerzy rozpoczęły okupację Mesyny. W 1068 r. Roger i jego ludzie pokonali muzułmanów pod Misilmeri, lecz ostateczne zwycięstwo miało dopiero nadejść. W 1091 r., po długim oblężeniu, Palermo wpadło w ręce Normanów. Saracenów wyparto z wyspy i tak narodziło się Królestwo Sycylii.","В XI веке Сицилия находилась под контролем мусульман. Ломбардская и византийская державы на материке начали нанимать норманнских наемников, потомков французов и викингов, чтобы решить эту проблему. И проблема была решена. Под предводительством Рожера I норманны напали на сарацинские армии на острове. Захватив Апулию и Калабрию, Рожер занял Мессину с армией из 700 рыцарей. В 1068 году Рожер и его люди разбили мусульман при Мизильмери, но решающая победа была еще впереди. В 1091 году после долгой осады Палермо перешел в руки норманнов. Сарацины были изгнаны с острова, и родилось Норманнское королевство Сицилия.","11세기 시칠리아는 무슬림의 지배하에 있었습니다. 본토의 랑고바르드족과 동로마는 프랑스인과 바이킹의 후손인 노르만인 용병들을 고용하여 이 문제를 해결하기 시작했습니다. 용병들은 문제 해결 능력이 뛰어났습니다. 루제루 1세 시절 노르만인들은 섬 내의 사라센 군대를 공격했습니다. 풀리아와 칼라브리아를 차지한 루제루 1세는 700명의 기사 부대로 메시나를 점령했습니다. 1068년 루제루 1세와 휘하 군대는 미실메리에서 무슬림들을 격퇴했으나 결정적인 승리를 거두지는 못했습니다. 1091년, 길고 긴 공성전 끝에 팔레르모가 노르만인에게 넘어갔습니다. 사라센인은 섬에서 쫓겨났고, 노르만인의 시칠리아 왕국이 탄생했습니다.",11世紀、シチリアはムスリムの支配下にあった。本土のランゴバルドとビザンツ勢はこの問題の対処にフランスとヴァイキングの末裔ノルマン傭兵を起用した。彼らは確かに問題に対処してみせた。ルッジェーロ1世の指揮下、ノルマン傭兵はこの島のサラセン軍を攻撃した。アプリアとカラブリアを奪うとルッジェーロはメッシーナを700名の騎士で占領した。1068年、ルッジェーロとその部下はミジルメーリのムスリムを撃退した。だが決定的勝利はまだ訪れていなかった。1091年、長い包囲戦の後、パレルモはノルマン勢の手に落ちた。サラセンは島から追い出され、ノルマン朝シチリア王国が誕生したのだ,在公元11世纪，西西里岛还处于穆斯林的控制之下。与此同时，内陆的伦巴第和拜占庭势力开始招募诺曼雇佣兵，也就是法兰西人和维京人的后裔，来准备处理西西里岛问题。他们确实解决了问题。在罗杰一世的领导下，诺曼人袭击了岛上的撒拉森军队。拿下阿普利亚和卡拉布里亚后，罗杰一世用700名骑兵占领了墨西拿。在1068年，罗杰一世和他的军队于穆苏梅里打败穆斯林，不过这还不是决定性的胜利。直到1091年，在长期的围攻之后，巴勒莫落入诺曼人之手，这时最终的胜利才到来。撒拉森人被赶出了西西里岛，西西里的诺曼王国就此诞生。,十一世紀，西西里島處於穆斯林的控制。大陸上的倫巴底和拜占庭勢力開始僱傭諾曼僱傭兵，即法國人和維京人的後裔，來解決這個問題。而他們也確實解決了。在魯傑羅一世的帶領下，諾曼人攻擊了島上的撒拉森人軍隊。奪取普利亞和卡拉布里亞後，魯傑羅率領700名騎士大軍佔領了美西納。1068年，魯傑羅和他的手下擊敗了義大利的穆斯林，但決定性的勝利尚未到來。1091年，經過長時間的圍攻，巴勒摩落入諾曼人之手。撒拉森人被趕出島，西西里島的諾曼王國因此誕生。,"Sicilya, 11. yüzyılda Müslümanların kontrolü altındaydı. Anakaradaki Lombard ve Bizans güçleri bu sorunu çözmek için Fransız ve Vikinglerin soyundan gelen Norman paralı askerlerini toplamaya başladı. Sorunu çözme konusunda başarılı da oldular. Normanlar, Roger I himayesinde adadaki Sarazen ordularına saldırdı. Roger, Apulia ve Calabria'yı aldıktan sonra Messina'yı 700 şövalyeden oluşan bir orduyla işgal etti. Roger ve adamları 1068 yılında Musulmeri'de Müslümanları yendi ancak kesin zafer burada gelmedi. 1091 yılında uzun bir kuşatmadan sonra Palermo, Norman kontrolüne geçti. Sarazenler adadan atıldı ve Sicilya Norman Krallığı kuruldu.","11वीं सदी में सिसली मुस्लिम नियंत्रण में था. समस्या के समाधान के लिए मेनलैंड पर लॉम्बार्ड और बाइज़ैंटाइन शक्तियों ने नॉर्मन भाड़े के सैनिकों, फ़्रांसीसी और वाइकिंग्स के वंशजों को खरीदना शुरू कर दिया. और उन्होंने समस्या का अच्छा समाधान भी किया. द्वीप पर रॉजर I के अधीन नॉर्मन्स ने सारासेन की सेनाओं पर हमला किया. अपुलिया और कैलब्रिया जीतने के बाद रॉजर ने 700 नाइट्स की सेना के साथ मेसीना पर कब्ज़ा किया. 1068 में रॉजर और उसके आदमियों ने मुसुल्मेरी के मुसलमानों को हरा दिया, लेकिन निर्णायक जीत आने में अभी समय था. 1091 में लम्बी घेरेबंदी के बाद पलेर्मो नॉर्मन के कब्ज़े में आ गया. सरसेन को द्वीप से बाहर फेंक दिया गया और सिसली के नॉर्मन किंगडम का जन्म हुआ.","Pada abad ke-11, Sisilia berada di bawah kendali Muslim. Pihak berwenang Lombardia dan Bizantium di dataran utama mulai merekrut tentara bayaran Normandia, keturunan Prancis, dan Viking, untuk mengatasi masalah itu. Kemudian, mereka berhasil mengatasinya. Di bawah pimpinan Roger I, bangsa Normandia menyerang tentara Saracen di pulau itu. Setelah menaklukkan Apulia dan Calabria, Roger menduduki Messina dengan tentara yang terdiri atas 700 kesatria. Pada tahun 1068, Roger dan orang-orangnya mengalahkan para Muslim di Misilmeri, tetapi kemenangan mutlak belum dicapai. Pada tahun 1091, setelah pengepungan yang panjang, Palermo jatuh ke tangan bangsa Normandia. Saracen diusir dari pulau, kemudian lahirlah Kerajaan Normandia Sisilia."
Uyunids.description,"The Uyūnids were an Arab dynasty that rose to prominence in eastern Arabia, particularly in the region of al-Hasa and the northern Arabian Gulf, during the late 11th century. Emerging from local tribal leadership, they took advantage of the decline of Abbasid and Qarmatian influence to establish semi-independent rule. By controlling key oases and trade routes, the Uyūnids ensured both economic prosperity and political stability in their territories. By the decades before 1110, their authority was firmly established, laying the foundations for a dynasty that would continue to shape eastern Arabian politics in the following century.","Au XIe siècle, la Sicile était sous contrôle musulman. Les pouvoirs lombard et byzantin sur le continent commencèrent à recruter des mercenaires normands, descendants de Français et de Vikings, pour régler le problème. Et ils le réglèrent. Sous la direction de Roger Ier, les Normands attaquèrent les armées sarrasines de l'île. Après avoir pris les Pouilles et la Calabre, Roger occupa Messine avec une armée de 700 chevaliers. En 1068, Roger et ses hommes vainquirent les musulmans à Musulmeri, mais la victoire décisive restait encore à venir. En 1091, après un long siège, Palerme tomba aux mains des Normands. Les Sarrasins furent chassés de l'île, et le royaume normand de Sicile naquit.","Im 11. Jahrhundert befand sich Sizilien unter muslimischer Kontrolle. Die Armeen der Langobarden und Byzantiner auf dem Festland begannen, normannische Söldner anzuheuern, Nachkommen der Franzosen und Wikinger, um sich des Problems anzunehmen. Und das taten sie äußerst gründlich. Unter Roger I. griffen die Normannen die Armeen der Sarazenen auf der Insel an. Nachdem er Apulien und Kalabrien eingenommen hatte, besetzte Roger mit einer Armee von 700 Rittern Messina. Im Jahre 1068 schlugen Roger und seine Männer die Muslime bei Misilmeri in die Flucht, doch der entscheidende Sieg sollte noch folgen. Im Jahre 1091 fiel Palermo nach langer Belagerung in die Hand der Normannen. Die Sarazenen wurden von der Insel vertrieben, und das normannische Königreich Sizilien war geboren.","En el siglo XI, Sicilia estaba bajo control musulmán. Las potencias lombarda y bizantina del continente comenzaron a contratar a mercenarios normandos, descendientes de franceses y vikingos, para que se hicieran cargo del problema. Y eso hicieron: los normandos, bajo las órdenes de Roger I, atacaron a los ejércitos sarracenos en la isla. Después de tomar Apulia y Calabria, Roger ocupó Mesina con un ejército de 700 caballeros. En 1068, Roger y sus hombres derrotaron a los musulmanes en Musulmeri, pero la victoria decisiva aún estaba por llegar: en el año 1091, tras un largo asedio, Palermo cayó en manos normandas. Los sarracenos fueron expulsados de la isla y nació el reino normando de Sicilia.","W XI w. Sycylią rządzili muzułmanie. Kontynentalne ośrodki władzy, Lombardia oraz Bizancjum, aby pozbyć się kłopotu, postanowiły posłużyć się normańskimi najemnikami, potomkami Francuzów i wikingów. Plan się powiódł. Pod dowództwem Rogera I Normanowie uderzyli na armie Saracenów stacjonujące na wyspie. Po zajęciu Apulii i Kalabrii wojska Rogera w sile siedmiuset rycerzy rozpoczęły okupację Mesyny. W 1068 r. Roger i jego ludzie pokonali muzułmanów pod Misilmeri, lecz ostateczne zwycięstwo miało dopiero nadejść. W 1091 r., po długim oblężeniu, Palermo wpadło w ręce Normanów. Saracenów wyparto z wyspy i tak narodziło się Królestwo Sycylii.","В XI веке Сицилия находилась под контролем мусульман. Ломбардская и византийская державы на материке начали нанимать норманнских наемников, потомков французов и викингов, чтобы решить эту проблему. И проблема была решена. Под предводительством Рожера I норманны напали на сарацинские армии на острове. Захватив Апулию и Калабрию, Рожер занял Мессину с армией из 700 рыцарей. В 1068 году Рожер и его люди разбили мусульман при Мизильмери, но решающая победа была еще впереди. В 1091 году после долгой осады Палермо перешел в руки норманнов. Сарацины были изгнаны с острова, и родилось Норманнское королевство Сицилия.","11세기 시칠리아는 무슬림의 지배하에 있었습니다. 본토의 랑고바르드족과 동로마는 프랑스인과 바이킹의 후손인 노르만인 용병들을 고용하여 이 문제를 해결하기 시작했습니다. 용병들은 문제 해결 능력이 뛰어났습니다. 루제루 1세 시절 노르만인들은 섬 내의 사라센 군대를 공격했습니다. 풀리아와 칼라브리아를 차지한 루제루 1세는 700명의 기사 부대로 메시나를 점령했습니다. 1068년 루제루 1세와 휘하 군대는 미실메리에서 무슬림들을 격퇴했으나 결정적인 승리를 거두지는 못했습니다. 1091년, 길고 긴 공성전 끝에 팔레르모가 노르만인에게 넘어갔습니다. 사라센인은 섬에서 쫓겨났고, 노르만인의 시칠리아 왕국이 탄생했습니다.",11世紀、シチリアはムスリムの支配下にあった。本土のランゴバルドとビザンツ勢はこの問題の対処にフランスとヴァイキングの末裔ノルマン傭兵を起用した。彼らは確かに問題に対処してみせた。ルッジェーロ1世の指揮下、ノルマン傭兵はこの島のサラセン軍を攻撃した。アプリアとカラブリアを奪うとルッジェーロはメッシーナを700名の騎士で占領した。1068年、ルッジェーロとその部下はミジルメーリのムスリムを撃退した。だが決定的勝利はまだ訪れていなかった。1091年、長い包囲戦の後、パレルモはノルマン勢の手に落ちた。サラセンは島から追い出され、ノルマン朝シチリア王国が誕生したのだ,在公元11世纪，西西里岛还处于穆斯林的控制之下。与此同时，内陆的伦巴第和拜占庭势力开始招募诺曼雇佣兵，也就是法兰西人和维京人的后裔，来准备处理西西里岛问题。他们确实解决了问题。在罗杰一世的领导下，诺曼人袭击了岛上的撒拉森军队。拿下阿普利亚和卡拉布里亚后，罗杰一世用700名骑兵占领了墨西拿。在1068年，罗杰一世和他的军队于穆苏梅里打败穆斯林，不过这还不是决定性的胜利。直到1091年，在长期的围攻之后，巴勒莫落入诺曼人之手，这时最终的胜利才到来。撒拉森人被赶出了西西里岛，西西里的诺曼王国就此诞生。,十一世紀，西西里島處於穆斯林的控制。大陸上的倫巴底和拜占庭勢力開始僱傭諾曼僱傭兵，即法國人和維京人的後裔，來解決這個問題。而他們也確實解決了。在魯傑羅一世的帶領下，諾曼人攻擊了島上的撒拉森人軍隊。奪取普利亞和卡拉布里亞後，魯傑羅率領700名騎士大軍佔領了美西納。1068年，魯傑羅和他的手下擊敗了義大利的穆斯林，但決定性的勝利尚未到來。1091年，經過長時間的圍攻，巴勒摩落入諾曼人之手。撒拉森人被趕出島，西西里島的諾曼王國因此誕生。,"Sicilya, 11. yüzyılda Müslümanların kontrolü altındaydı. Anakaradaki Lombard ve Bizans güçleri bu sorunu çözmek için Fransız ve Vikinglerin soyundan gelen Norman paralı askerlerini toplamaya başladı. Sorunu çözme konusunda başarılı da oldular. Normanlar, Roger I himayesinde adadaki Sarazen ordularına saldırdı. Roger, Apulia ve Calabria'yı aldıktan sonra Messina'yı 700 şövalyeden oluşan bir orduyla işgal etti. Roger ve adamları 1068 yılında Musulmeri'de Müslümanları yendi ancak kesin zafer burada gelmedi. 1091 yılında uzun bir kuşatmadan sonra Palermo, Norman kontrolüne geçti. Sarazenler adadan atıldı ve Sicilya Norman Krallığı kuruldu.","11वीं सदी में सिसली मुस्लिम नियंत्रण में था. समस्या के समाधान के लिए मेनलैंड पर लॉम्बार्ड और बाइज़ैंटाइन शक्तियों ने नॉर्मन भाड़े के सैनिकों, फ़्रांसीसी और वाइकिंग्स के वंशजों को खरीदना शुरू कर दिया. और उन्होंने समस्या का अच्छा समाधान भी किया. द्वीप पर रॉजर I के अधीन नॉर्मन्स ने सारासेन की सेनाओं पर हमला किया. अपुलिया और कैलब्रिया जीतने के बाद रॉजर ने 700 नाइट्स की सेना के साथ मेसीना पर कब्ज़ा किया. 1068 में रॉजर और उसके आदमियों ने मुसुल्मेरी के मुसलमानों को हरा दिया, लेकिन निर्णायक जीत आने में अभी समय था. 1091 में लम्बी घेरेबंदी के बाद पलेर्मो नॉर्मन के कब्ज़े में आ गया. सरसेन को द्वीप से बाहर फेंक दिया गया और सिसली के नॉर्मन किंगडम का जन्म हुआ.","Pada abad ke-11, Sisilia berada di bawah kendali Muslim. Pihak berwenang Lombardia dan Bizantium di dataran utama mulai merekrut tentara bayaran Normandia, keturunan Prancis, dan Viking, untuk mengatasi masalah itu. Kemudian, mereka berhasil mengatasinya. Di bawah pimpinan Roger I, bangsa Normandia menyerang tentara Saracen di pulau itu. Setelah menaklukkan Apulia dan Calabria, Roger menduduki Messina dengan tentara yang terdiri atas 700 kesatria. Pada tahun 1068, Roger dan orang-orangnya mengalahkan para Muslim di Misilmeri, tetapi kemenangan mutlak belum dicapai. Pada tahun 1091, setelah pengepungan yang panjang, Palermo jatuh ke tangan bangsa Normandia. Saracen diusir dari pulau, kemudian lahirlah Kerajaan Normandia Sisilia."
Sulayhids.description,"The Sulayhids were an Ismāʿīlī dynasty that rose to power in Yemen in the mid-11th century under ʿAlī al-Sulayhī, who unified much of the highlands and brought the region under Fatimid influence. Centered first at Jibla and later Sanaʿa, the dynasty combined religious authority with military strength, consolidating control over trade routes that connected the Red Sea with the interior of Arabia. After ʿAlī’s death, his widow Queen Arwa al-Sulayhiyya played a central role in maintaining the dynasty’s authority and close ties with Cairo. By the years before 1110, the Sulayhids had established themselves as the dominant power in Yemen, embodying both the political reach of Ismāʿīlī Shiʿism and the strategic importance of Arabia’s southern mountains.","Au XIe siècle, la Sicile était sous contrôle musulman. Les pouvoirs lombard et byzantin sur le continent commencèrent à recruter des mercenaires normands, descendants de Français et de Vikings, pour régler le problème. Et ils le réglèrent. Sous la direction de Roger Ier, les Normands attaquèrent les armées sarrasines de l'île. Après avoir pris les Pouilles et la Calabre, Roger occupa Messine avec une armée de 700 chevaliers. En 1068, Roger et ses hommes vainquirent les musulmans à Musulmeri, mais la victoire décisive restait encore à venir. En 1091, après un long siège, Palerme tomba aux mains des Normands. Les Sarrasins furent chassés de l'île, et le royaume normand de Sicile naquit.","Im 11. Jahrhundert befand sich Sizilien unter muslimischer Kontrolle. Die Armeen der Langobarden und Byzantiner auf dem Festland begannen, normannische Söldner anzuheuern, Nachkommen der Franzosen und Wikinger, um sich des Problems anzunehmen. Und das taten sie äußerst gründlich. Unter Roger I. griffen die Normannen die Armeen der Sarazenen auf der Insel an. Nachdem er Apulien und Kalabrien eingenommen hatte, besetzte Roger mit einer Armee von 700 Rittern Messina. Im Jahre 1068 schlugen Roger und seine Männer die Muslime bei Misilmeri in die Flucht, doch der entscheidende Sieg sollte noch folgen. Im Jahre 1091 fiel Palermo nach langer Belagerung in die Hand der Normannen. Die Sarazenen wurden von der Insel vertrieben, und das normannische Königreich Sizilien war geboren.","En el siglo XI, Sicilia estaba bajo control musulmán. Las potencias lombarda y bizantina del continente comenzaron a contratar a mercenarios normandos, descendientes de franceses y vikingos, para que se hicieran cargo del problema. Y eso hicieron: los normandos, bajo las órdenes de Roger I, atacaron a los ejércitos sarracenos en la isla. Después de tomar Apulia y Calabria, Roger ocupó Mesina con un ejército de 700 caballeros. En 1068, Roger y sus hombres derrotaron a los musulmanes en Musulmeri, pero la victoria decisiva aún estaba por llegar: en el año 1091, tras un largo asedio, Palermo cayó en manos normandas. Los sarracenos fueron expulsados de la isla y nació el reino normando de Sicilia.","W XI w. Sycylią rządzili muzułmanie. Kontynentalne ośrodki władzy, Lombardia oraz Bizancjum, aby pozbyć się kłopotu, postanowiły posłużyć się normańskimi najemnikami, potomkami Francuzów i wikingów. Plan się powiódł. Pod dowództwem Rogera I Normanowie uderzyli na armie Saracenów stacjonujące na wyspie. Po zajęciu Apulii i Kalabrii wojska Rogera w sile siedmiuset rycerzy rozpoczęły okupację Mesyny. W 1068 r. Roger i jego ludzie pokonali muzułmanów pod Misilmeri, lecz ostateczne zwycięstwo miało dopiero nadejść. W 1091 r., po długim oblężeniu, Palermo wpadło w ręce Normanów. Saracenów wyparto z wyspy i tak narodziło się Królestwo Sycylii.","В XI веке Сицилия находилась под контролем мусульман. Ломбардская и византийская державы на материке начали нанимать норманнских наемников, потомков французов и викингов, чтобы решить эту проблему. И проблема была решена. Под предводительством Рожера I норманны напали на сарацинские армии на острове. Захватив Апулию и Калабрию, Рожер занял Мессину с армией из 700 рыцарей. В 1068 году Рожер и его люди разбили мусульман при Мизильмери, но решающая победа была еще впереди. В 1091 году после долгой осады Палермо перешел в руки норманнов. Сарацины были изгнаны с острова, и родилось Норманнское королевство Сицилия.","11세기 시칠리아는 무슬림의 지배하에 있었습니다. 본토의 랑고바르드족과 동로마는 프랑스인과 바이킹의 후손인 노르만인 용병들을 고용하여 이 문제를 해결하기 시작했습니다. 용병들은 문제 해결 능력이 뛰어났습니다. 루제루 1세 시절 노르만인들은 섬 내의 사라센 군대를 공격했습니다. 풀리아와 칼라브리아를 차지한 루제루 1세는 700명의 기사 부대로 메시나를 점령했습니다. 1068년 루제루 1세와 휘하 군대는 미실메리에서 무슬림들을 격퇴했으나 결정적인 승리를 거두지는 못했습니다. 1091년, 길고 긴 공성전 끝에 팔레르모가 노르만인에게 넘어갔습니다. 사라센인은 섬에서 쫓겨났고, 노르만인의 시칠리아 왕국이 탄생했습니다.",11世紀、シチリアはムスリムの支配下にあった。本土のランゴバルドとビザンツ勢はこの問題の対処にフランスとヴァイキングの末裔ノルマン傭兵を起用した。彼らは確かに問題に対処してみせた。ルッジェーロ1世の指揮下、ノルマン傭兵はこの島のサラセン軍を攻撃した。アプリアとカラブリアを奪うとルッジェーロはメッシーナを700名の騎士で占領した。1068年、ルッジェーロとその部下はミジルメーリのムスリムを撃退した。だが決定的勝利はまだ訪れていなかった。1091年、長い包囲戦の後、パレルモはノルマン勢の手に落ちた。サラセンは島から追い出され、ノルマン朝シチリア王国が誕生したのだ,在公元11世纪，西西里岛还处于穆斯林的控制之下。与此同时，内陆的伦巴第和拜占庭势力开始招募诺曼雇佣兵，也就是法兰西人和维京人的后裔，来准备处理西西里岛问题。他们确实解决了问题。在罗杰一世的领导下，诺曼人袭击了岛上的撒拉森军队。拿下阿普利亚和卡拉布里亚后，罗杰一世用700名骑兵占领了墨西拿。在1068年，罗杰一世和他的军队于穆苏梅里打败穆斯林，不过这还不是决定性的胜利。直到1091年，在长期的围攻之后，巴勒莫落入诺曼人之手，这时最终的胜利才到来。撒拉森人被赶出了西西里岛，西西里的诺曼王国就此诞生。,十一世紀，西西里島處於穆斯林的控制。大陸上的倫巴底和拜占庭勢力開始僱傭諾曼僱傭兵，即法國人和維京人的後裔，來解決這個問題。而他們也確實解決了。在魯傑羅一世的帶領下，諾曼人攻擊了島上的撒拉森人軍隊。奪取普利亞和卡拉布里亞後，魯傑羅率領700名騎士大軍佔領了美西納。1068年，魯傑羅和他的手下擊敗了義大利的穆斯林，但決定性的勝利尚未到來。1091年，經過長時間的圍攻，巴勒摩落入諾曼人之手。撒拉森人被趕出島，西西里島的諾曼王國因此誕生。,"Sicilya, 11. yüzyılda Müslümanların kontrolü altındaydı. Anakaradaki Lombard ve Bizans güçleri bu sorunu çözmek için Fransız ve Vikinglerin soyundan gelen Norman paralı askerlerini toplamaya başladı. Sorunu çözme konusunda başarılı da oldular. Normanlar, Roger I himayesinde adadaki Sarazen ordularına saldırdı. Roger, Apulia ve Calabria'yı aldıktan sonra Messina'yı 700 şövalyeden oluşan bir orduyla işgal etti. Roger ve adamları 1068 yılında Musulmeri'de Müslümanları yendi ancak kesin zafer burada gelmedi. 1091 yılında uzun bir kuşatmadan sonra Palermo, Norman kontrolüne geçti. Sarazenler adadan atıldı ve Sicilya Norman Krallığı kuruldu.","11वीं सदी में सिसली मुस्लिम नियंत्रण में था. समस्या के समाधान के लिए मेनलैंड पर लॉम्बार्ड और बाइज़ैंटाइन शक्तियों ने नॉर्मन भाड़े के सैनिकों, फ़्रांसीसी और वाइकिंग्स के वंशजों को खरीदना शुरू कर दिया. और उन्होंने समस्या का अच्छा समाधान भी किया. द्वीप पर रॉजर I के अधीन नॉर्मन्स ने सारासेन की सेनाओं पर हमला किया. अपुलिया और कैलब्रिया जीतने के बाद रॉजर ने 700 नाइट्स की सेना के साथ मेसीना पर कब्ज़ा किया. 1068 में रॉजर और उसके आदमियों ने मुसुल्मेरी के मुसलमानों को हरा दिया, लेकिन निर्णायक जीत आने में अभी समय था. 1091 में लम्बी घेरेबंदी के बाद पलेर्मो नॉर्मन के कब्ज़े में आ गया. सरसेन को द्वीप से बाहर फेंक दिया गया और सिसली के नॉर्मन किंगडम का जन्म हुआ.","Pada abad ke-11, Sisilia berada di bawah kendali Muslim. Pihak berwenang Lombardia dan Bizantium di dataran utama mulai merekrut tentara bayaran Normandia, keturunan Prancis, dan Viking, untuk mengatasi masalah itu. Kemudian, mereka berhasil mengatasinya. Di bawah pimpinan Roger I, bangsa Normandia menyerang tentara Saracen di pulau itu. Setelah menaklukkan Apulia dan Calabria, Roger menduduki Messina dengan tentara yang terdiri atas 700 kesatria. Pada tahun 1068, Roger dan orang-orangnya mengalahkan para Muslim di Misilmeri, tetapi kemenangan mutlak belum dicapai. Pada tahun 1091, setelah pengepungan yang panjang, Palermo jatuh ke tangan bangsa Normandia. Saracen diusir dari pulau, kemudian lahirlah Kerajaan Normandia Sisilia."
Olberli.description,"The Olberli were a Cuman nomadic tribe inhabiting the steppes north of the Black Sea during the 11th and early 12th centuries. Like other Cuman groups, they were pastoralists who moved seasonally across the Pontic-Caspian steppe, maintaining a flexible tribal confederation. The Olberli played a role in the complex network of alliances and raids involving neighboring Rus’ principalities, Byzantium, and other steppe peoples. By the decades before 1110, the tribe had established a recognizable presence in the region, contributing to the political and military dynamics of the Eurasian steppe frontier.","Au XIe siècle, la Sicile était sous contrôle musulman. Les pouvoirs lombard et byzantin sur le continent commencèrent à recruter des mercenaires normands, descendants de Français et de Vikings, pour régler le problème. Et ils le réglèrent. Sous la direction de Roger Ier, les Normands attaquèrent les armées sarrasines de l'île. Après avoir pris les Pouilles et la Calabre, Roger occupa Messine avec une armée de 700 chevaliers. En 1068, Roger et ses hommes vainquirent les musulmans à Musulmeri, mais la victoire décisive restait encore à venir. En 1091, après un long siège, Palerme tomba aux mains des Normands. Les Sarrasins furent chassés de l'île, et le royaume normand de Sicile naquit.","Im 11. Jahrhundert befand sich Sizilien unter muslimischer Kontrolle. Die Armeen der Langobarden und Byzantiner auf dem Festland begannen, normannische Söldner anzuheuern, Nachkommen der Franzosen und Wikinger, um sich des Problems anzunehmen. Und das taten sie äußerst gründlich. Unter Roger I. griffen die Normannen die Armeen der Sarazenen auf der Insel an. Nachdem er Apulien und Kalabrien eingenommen hatte, besetzte Roger mit einer Armee von 700 Rittern Messina. Im Jahre 1068 schlugen Roger und seine Männer die Muslime bei Misilmeri in die Flucht, doch der entscheidende Sieg sollte noch folgen. Im Jahre 1091 fiel Palermo nach langer Belagerung in die Hand der Normannen. Die Sarazenen wurden von der Insel vertrieben, und das normannische Königreich Sizilien war geboren.","En el siglo XI, Sicilia estaba bajo control musulmán. Las potencias lombarda y bizantina del continente comenzaron a contratar a mercenarios normandos, descendientes de franceses y vikingos, para que se hicieran cargo del problema. Y eso hicieron: los normandos, bajo las órdenes de Roger I, atacaron a los ejércitos sarracenos en la isla. Después de tomar Apulia y Calabria, Roger ocupó Mesina con un ejército de 700 caballeros. En 1068, Roger y sus hombres derrotaron a los musulmanes en Musulmeri, pero la victoria decisiva aún estaba por llegar: en el año 1091, tras un largo asedio, Palermo cayó en manos normandas. Los sarracenos fueron expulsados de la isla y nació el reino normando de Sicilia.","W XI w. Sycylią rządzili muzułmanie. Kontynentalne ośrodki władzy, Lombardia oraz Bizancjum, aby pozbyć się kłopotu, postanowiły posłużyć się normańskimi najemnikami, potomkami Francuzów i wikingów. Plan się powiódł. Pod dowództwem Rogera I Normanowie uderzyli na armie Saracenów stacjonujące na wyspie. Po zajęciu Apulii i Kalabrii wojska Rogera w sile siedmiuset rycerzy rozpoczęły okupację Mesyny. W 1068 r. Roger i jego ludzie pokonali muzułmanów pod Misilmeri, lecz ostateczne zwycięstwo miało dopiero nadejść. W 1091 r., po długim oblężeniu, Palermo wpadło w ręce Normanów. Saracenów wyparto z wyspy i tak narodziło się Królestwo Sycylii.","В XI веке Сицилия находилась под контролем мусульман. Ломбардская и византийская державы на материке начали нанимать норманнских наемников, потомков французов и викингов, чтобы решить эту проблему. И проблема была решена. Под предводительством Рожера I норманны напали на сарацинские армии на острове. Захватив Апулию и Калабрию, Рожер занял Мессину с армией из 700 рыцарей. В 1068 году Рожер и его люди разбили мусульман при Мизильмери, но решающая победа была еще впереди. В 1091 году после долгой осады Палермо перешел в руки норманнов. Сарацины были изгнаны с острова, и родилось Норманнское королевство Сицилия.","11세기 시칠리아는 무슬림의 지배하에 있었습니다. 본토의 랑고바르드족과 동로마는 프랑스인과 바이킹의 후손인 노르만인 용병들을 고용하여 이 문제를 해결하기 시작했습니다. 용병들은 문제 해결 능력이 뛰어났습니다. 루제루 1세 시절 노르만인들은 섬 내의 사라센 군대를 공격했습니다. 풀리아와 칼라브리아를 차지한 루제루 1세는 700명의 기사 부대로 메시나를 점령했습니다. 1068년 루제루 1세와 휘하 군대는 미실메리에서 무슬림들을 격퇴했으나 결정적인 승리를 거두지는 못했습니다. 1091년, 길고 긴 공성전 끝에 팔레르모가 노르만인에게 넘어갔습니다. 사라센인은 섬에서 쫓겨났고, 노르만인의 시칠리아 왕국이 탄생했습니다.",11世紀、シチリアはムスリムの支配下にあった。本土のランゴバルドとビザンツ勢はこの問題の対処にフランスとヴァイキングの末裔ノルマン傭兵を起用した。彼らは確かに問題に対処してみせた。ルッジェーロ1世の指揮下、ノルマン傭兵はこの島のサラセン軍を攻撃した。アプリアとカラブリアを奪うとルッジェーロはメッシーナを700名の騎士で占領した。1068年、ルッジェーロとその部下はミジルメーリのムスリムを撃退した。だが決定的勝利はまだ訪れていなかった。1091年、長い包囲戦の後、パレルモはノルマン勢の手に落ちた。サラセンは島から追い出され、ノルマン朝シチリア王国が誕生したのだ,在公元11世纪，西西里岛还处于穆斯林的控制之下。与此同时，内陆的伦巴第和拜占庭势力开始招募诺曼雇佣兵，也就是法兰西人和维京人的后裔，来准备处理西西里岛问题。他们确实解决了问题。在罗杰一世的领导下，诺曼人袭击了岛上的撒拉森军队。拿下阿普利亚和卡拉布里亚后，罗杰一世用700名骑兵占领了墨西拿。在1068年，罗杰一世和他的军队于穆苏梅里打败穆斯林，不过这还不是决定性的胜利。直到1091年，在长期的围攻之后，巴勒莫落入诺曼人之手，这时最终的胜利才到来。撒拉森人被赶出了西西里岛，西西里的诺曼王国就此诞生。,十一世紀，西西里島處於穆斯林的控制。大陸上的倫巴底和拜占庭勢力開始僱傭諾曼僱傭兵，即法國人和維京人的後裔，來解決這個問題。而他們也確實解決了。在魯傑羅一世的帶領下，諾曼人攻擊了島上的撒拉森人軍隊。奪取普利亞和卡拉布里亞後，魯傑羅率領700名騎士大軍佔領了美西納。1068年，魯傑羅和他的手下擊敗了義大利的穆斯林，但決定性的勝利尚未到來。1091年，經過長時間的圍攻，巴勒摩落入諾曼人之手。撒拉森人被趕出島，西西里島的諾曼王國因此誕生。,"Sicilya, 11. yüzyılda Müslümanların kontrolü altındaydı. Anakaradaki Lombard ve Bizans güçleri bu sorunu çözmek için Fransız ve Vikinglerin soyundan gelen Norman paralı askerlerini toplamaya başladı. Sorunu çözme konusunda başarılı da oldular. Normanlar, Roger I himayesinde adadaki Sarazen ordularına saldırdı. Roger, Apulia ve Calabria'yı aldıktan sonra Messina'yı 700 şövalyeden oluşan bir orduyla işgal etti. Roger ve adamları 1068 yılında Musulmeri'de Müslümanları yendi ancak kesin zafer burada gelmedi. 1091 yılında uzun bir kuşatmadan sonra Palermo, Norman kontrolüne geçti. Sarazenler adadan atıldı ve Sicilya Norman Krallığı kuruldu.","11वीं सदी में सिसली मुस्लिम नियंत्रण में था. समस्या के समाधान के लिए मेनलैंड पर लॉम्बार्ड और बाइज़ैंटाइन शक्तियों ने नॉर्मन भाड़े के सैनिकों, फ़्रांसीसी और वाइकिंग्स के वंशजों को खरीदना शुरू कर दिया. और उन्होंने समस्या का अच्छा समाधान भी किया. द्वीप पर रॉजर I के अधीन नॉर्मन्स ने सारासेन की सेनाओं पर हमला किया. अपुलिया और कैलब्रिया जीतने के बाद रॉजर ने 700 नाइट्स की सेना के साथ मेसीना पर कब्ज़ा किया. 1068 में रॉजर और उसके आदमियों ने मुसुल्मेरी के मुसलमानों को हरा दिया, लेकिन निर्णायक जीत आने में अभी समय था. 1091 में लम्बी घेरेबंदी के बाद पलेर्मो नॉर्मन के कब्ज़े में आ गया. सरसेन को द्वीप से बाहर फेंक दिया गया और सिसली के नॉर्मन किंगडम का जन्म हुआ.","Pada abad ke-11, Sisilia berada di bawah kendali Muslim. Pihak berwenang Lombardia dan Bizantium di dataran utama mulai merekrut tentara bayaran Normandia, keturunan Prancis, dan Viking, untuk mengatasi masalah itu. Kemudian, mereka berhasil mengatasinya. Di bawah pimpinan Roger I, bangsa Normandia menyerang tentara Saracen di pulau itu. Setelah menaklukkan Apulia dan Calabria, Roger menduduki Messina dengan tentara yang terdiri atas 700 kesatria. Pada tahun 1068, Roger dan orang-orangnya mengalahkan para Muslim di Misilmeri, tetapi kemenangan mutlak belum dicapai. Pada tahun 1091, setelah pengepungan yang panjang, Palermo jatuh ke tangan bangsa Normandia. Saracen diusir dari pulau, kemudian lahirlah Kerajaan Normandia Sisilia."
Toksoba.description,"The Toksoba were a nomadic Cuman tribe inhabiting the Eurasian steppe north of the Black Sea in the 11th century. Like other steppe peoples, they relied on seasonal migration, animal husbandry, and raiding to sustain their communities. The Toksoba participated in the intricate network of alliances and conflicts among Cumans, Rus’ principalities, and Byzantium. By the decades before 1110, the tribe had secured a distinct presence in the steppe, shaping the political and military landscape of the Pontic-Caspian region.","Au XIe siècle, la Sicile était sous contrôle musulman. Les pouvoirs lombard et byzantin sur le continent commencèrent à recruter des mercenaires normands, descendants de Français et de Vikings, pour régler le problème. Et ils le réglèrent. Sous la direction de Roger Ier, les Normands attaquèrent les armées sarrasines de l'île. Après avoir pris les Pouilles et la Calabre, Roger occupa Messine avec une armée de 700 chevaliers. En 1068, Roger et ses hommes vainquirent les musulmans à Musulmeri, mais la victoire décisive restait encore à venir. En 1091, après un long siège, Palerme tomba aux mains des Normands. Les Sarrasins furent chassés de l'île, et le royaume normand de Sicile naquit.","Im 11. Jahrhundert befand sich Sizilien unter muslimischer Kontrolle. Die Armeen der Langobarden und Byzantiner auf dem Festland begannen, normannische Söldner anzuheuern, Nachkommen der Franzosen und Wikinger, um sich des Problems anzunehmen. Und das taten sie äußerst gründlich. Unter Roger I. griffen die Normannen die Armeen der Sarazenen auf der Insel an. Nachdem er Apulien und Kalabrien eingenommen hatte, besetzte Roger mit einer Armee von 700 Rittern Messina. Im Jahre 1068 schlugen Roger und seine Männer die Muslime bei Misilmeri in die Flucht, doch der entscheidende Sieg sollte noch folgen. Im Jahre 1091 fiel Palermo nach langer Belagerung in die Hand der Normannen. Die Sarazenen wurden von der Insel vertrieben, und das normannische Königreich Sizilien war geboren.","En el siglo XI, Sicilia estaba bajo control musulmán. Las potencias lombarda y bizantina del continente comenzaron a contratar a mercenarios normandos, descendientes de franceses y vikingos, para que se hicieran cargo del problema. Y eso hicieron: los normandos, bajo las órdenes de Roger I, atacaron a los ejércitos sarracenos en la isla. Después de tomar Apulia y Calabria, Roger ocupó Mesina con un ejército de 700 caballeros. En 1068, Roger y sus hombres derrotaron a los musulmanes en Musulmeri, pero la victoria decisiva aún estaba por llegar: en el año 1091, tras un largo asedio, Palermo cayó en manos normandas. Los sarracenos fueron expulsados de la isla y nació el reino normando de Sicilia.","W XI w. Sycylią rządzili muzułmanie. Kontynentalne ośrodki władzy, Lombardia oraz Bizancjum, aby pozbyć się kłopotu, postanowiły posłużyć się normańskimi najemnikami, potomkami Francuzów i wikingów. Plan się powiódł. Pod dowództwem Rogera I Normanowie uderzyli na armie Saracenów stacjonujące na wyspie. Po zajęciu Apulii i Kalabrii wojska Rogera w sile siedmiuset rycerzy rozpoczęły okupację Mesyny. W 1068 r. Roger i jego ludzie pokonali muzułmanów pod Misilmeri, lecz ostateczne zwycięstwo miało dopiero nadejść. W 1091 r., po długim oblężeniu, Palermo wpadło w ręce Normanów. Saracenów wyparto z wyspy i tak narodziło się Królestwo Sycylii.","В XI веке Сицилия находилась под контролем мусульман. Ломбардская и византийская державы на материке начали нанимать норманнских наемников, потомков французов и викингов, чтобы решить эту проблему. И проблема была решена. Под предводительством Рожера I норманны напали на сарацинские армии на острове. Захватив Апулию и Калабрию, Рожер занял Мессину с армией из 700 рыцарей. В 1068 году Рожер и его люди разбили мусульман при Мизильмери, но решающая победа была еще впереди. В 1091 году после долгой осады Палермо перешел в руки норманнов. Сарацины были изгнаны с острова, и родилось Норманнское королевство Сицилия.","11세기 시칠리아는 무슬림의 지배하에 있었습니다. 본토의 랑고바르드족과 동로마는 프랑스인과 바이킹의 후손인 노르만인 용병들을 고용하여 이 문제를 해결하기 시작했습니다. 용병들은 문제 해결 능력이 뛰어났습니다. 루제루 1세 시절 노르만인들은 섬 내의 사라센 군대를 공격했습니다. 풀리아와 칼라브리아를 차지한 루제루 1세는 700명의 기사 부대로 메시나를 점령했습니다. 1068년 루제루 1세와 휘하 군대는 미실메리에서 무슬림들을 격퇴했으나 결정적인 승리를 거두지는 못했습니다. 1091년, 길고 긴 공성전 끝에 팔레르모가 노르만인에게 넘어갔습니다. 사라센인은 섬에서 쫓겨났고, 노르만인의 시칠리아 왕국이 탄생했습니다.",11世紀、シチリアはムスリムの支配下にあった。本土のランゴバルドとビザンツ勢はこの問題の対処にフランスとヴァイキングの末裔ノルマン傭兵を起用した。彼らは確かに問題に対処してみせた。ルッジェーロ1世の指揮下、ノルマン傭兵はこの島のサラセン軍を攻撃した。アプリアとカラブリアを奪うとルッジェーロはメッシーナを700名の騎士で占領した。1068年、ルッジェーロとその部下はミジルメーリのムスリムを撃退した。だが決定的勝利はまだ訪れていなかった。1091年、長い包囲戦の後、パレルモはノルマン勢の手に落ちた。サラセンは島から追い出され、ノルマン朝シチリア王国が誕生したのだ,在公元11世纪，西西里岛还处于穆斯林的控制之下。与此同时，内陆的伦巴第和拜占庭势力开始招募诺曼雇佣兵，也就是法兰西人和维京人的后裔，来准备处理西西里岛问题。他们确实解决了问题。在罗杰一世的领导下，诺曼人袭击了岛上的撒拉森军队。拿下阿普利亚和卡拉布里亚后，罗杰一世用700名骑兵占领了墨西拿。在1068年，罗杰一世和他的军队于穆苏梅里打败穆斯林，不过这还不是决定性的胜利。直到1091年，在长期的围攻之后，巴勒莫落入诺曼人之手，这时最终的胜利才到来。撒拉森人被赶出了西西里岛，西西里的诺曼王国就此诞生。,十一世紀，西西里島處於穆斯林的控制。大陸上的倫巴底和拜占庭勢力開始僱傭諾曼僱傭兵，即法國人和維京人的後裔，來解決這個問題。而他們也確實解決了。在魯傑羅一世的帶領下，諾曼人攻擊了島上的撒拉森人軍隊。奪取普利亞和卡拉布里亞後，魯傑羅率領700名騎士大軍佔領了美西納。1068年，魯傑羅和他的手下擊敗了義大利的穆斯林，但決定性的勝利尚未到來。1091年，經過長時間的圍攻，巴勒摩落入諾曼人之手。撒拉森人被趕出島，西西里島的諾曼王國因此誕生。,"Sicilya, 11. yüzyılda Müslümanların kontrolü altındaydı. Anakaradaki Lombard ve Bizans güçleri bu sorunu çözmek için Fransız ve Vikinglerin soyundan gelen Norman paralı askerlerini toplamaya başladı. Sorunu çözme konusunda başarılı da oldular. Normanlar, Roger I himayesinde adadaki Sarazen ordularına saldırdı. Roger, Apulia ve Calabria'yı aldıktan sonra Messina'yı 700 şövalyeden oluşan bir orduyla işgal etti. Roger ve adamları 1068 yılında Musulmeri'de Müslümanları yendi ancak kesin zafer burada gelmedi. 1091 yılında uzun bir kuşatmadan sonra Palermo, Norman kontrolüne geçti. Sarazenler adadan atıldı ve Sicilya Norman Krallığı kuruldu.","11वीं सदी में सिसली मुस्लिम नियंत्रण में था. समस्या के समाधान के लिए मेनलैंड पर लॉम्बार्ड और बाइज़ैंटाइन शक्तियों ने नॉर्मन भाड़े के सैनिकों, फ़्रांसीसी और वाइकिंग्स के वंशजों को खरीदना शुरू कर दिया. और उन्होंने समस्या का अच्छा समाधान भी किया. द्वीप पर रॉजर I के अधीन नॉर्मन्स ने सारासेन की सेनाओं पर हमला किया. अपुलिया और कैलब्रिया जीतने के बाद रॉजर ने 700 नाइट्स की सेना के साथ मेसीना पर कब्ज़ा किया. 1068 में रॉजर और उसके आदमियों ने मुसुल्मेरी के मुसलमानों को हरा दिया, लेकिन निर्णायक जीत आने में अभी समय था. 1091 में लम्बी घेरेबंदी के बाद पलेर्मो नॉर्मन के कब्ज़े में आ गया. सरसेन को द्वीप से बाहर फेंक दिया गया और सिसली के नॉर्मन किंगडम का जन्म हुआ.","Pada abad ke-11, Sisilia berada di bawah kendali Muslim. Pihak berwenang Lombardia dan Bizantium di dataran utama mulai merekrut tentara bayaran Normandia, keturunan Prancis, dan Viking, untuk mengatasi masalah itu. Kemudian, mereka berhasil mengatasinya. Di bawah pimpinan Roger I, bangsa Normandia menyerang tentara Saracen di pulau itu. Setelah menaklukkan Apulia dan Calabria, Roger menduduki Messina dengan tentara yang terdiri atas 700 kesatria. Pada tahun 1068, Roger dan orang-orangnya mengalahkan para Muslim di Misilmeri, tetapi kemenangan mutlak belum dicapai. Pada tahun 1091, setelah pengepungan yang panjang, Palermo jatuh ke tangan bangsa Normandia. Saracen diusir dari pulau, kemudian lahirlah Kerajaan Normandia Sisilia."
Borcogli.description,"The Borcogli were a Cuman nomadic tribe inhabiting the steppes north of the Black Sea during the 11th century. They practiced seasonal migration and pastoralism, forming part of the broader network of Cuman tribes in the Pontic-Caspian region. The Borcogli were involved in the complex interactions of the steppe, including alliances, trade, and occasional raids with neighboring Rus’ principalities and Byzantium. By the decades before 1110, the tribe had established itself as a recognizable component of the Cuman confederation, contributing to the social and military dynamics of the Eurasian steppe frontier.","Au XIe siècle, la Sicile était sous contrôle musulman. Les pouvoirs lombard et byzantin sur le continent commencèrent à recruter des mercenaires normands, descendants de Français et de Vikings, pour régler le problème. Et ils le réglèrent. Sous la direction de Roger Ier, les Normands attaquèrent les armées sarrasines de l'île. Après avoir pris les Pouilles et la Calabre, Roger occupa Messine avec une armée de 700 chevaliers. En 1068, Roger et ses hommes vainquirent les musulmans à Musulmeri, mais la victoire décisive restait encore à venir. En 1091, après un long siège, Palerme tomba aux mains des Normands. Les Sarrasins furent chassés de l'île, et le royaume normand de Sicile naquit.","Im 11. Jahrhundert befand sich Sizilien unter muslimischer Kontrolle. Die Armeen der Langobarden und Byzantiner auf dem Festland begannen, normannische Söldner anzuheuern, Nachkommen der Franzosen und Wikinger, um sich des Problems anzunehmen. Und das taten sie äußerst gründlich. Unter Roger I. griffen die Normannen die Armeen der Sarazenen auf der Insel an. Nachdem er Apulien und Kalabrien eingenommen hatte, besetzte Roger mit einer Armee von 700 Rittern Messina. Im Jahre 1068 schlugen Roger und seine Männer die Muslime bei Misilmeri in die Flucht, doch der entscheidende Sieg sollte noch folgen. Im Jahre 1091 fiel Palermo nach langer Belagerung in die Hand der Normannen. Die Sarazenen wurden von der Insel vertrieben, und das normannische Königreich Sizilien war geboren.","En el siglo XI, Sicilia estaba bajo control musulmán. Las potencias lombarda y bizantina del continente comenzaron a contratar a mercenarios normandos, descendientes de franceses y vikingos, para que se hicieran cargo del problema. Y eso hicieron: los normandos, bajo las órdenes de Roger I, atacaron a los ejércitos sarracenos en la isla. Después de tomar Apulia y Calabria, Roger ocupó Mesina con un ejército de 700 caballeros. En 1068, Roger y sus hombres derrotaron a los musulmanes en Musulmeri, pero la victoria decisiva aún estaba por llegar: en el año 1091, tras un largo asedio, Palermo cayó en manos normandas. Los sarracenos fueron expulsados de la isla y nació el reino normando de Sicilia.","W XI w. Sycylią rządzili muzułmanie. Kontynentalne ośrodki władzy, Lombardia oraz Bizancjum, aby pozbyć się kłopotu, postanowiły posłużyć się normańskimi najemnikami, potomkami Francuzów i wikingów. Plan się powiódł. Pod dowództwem Rogera I Normanowie uderzyli na armie Saracenów stacjonujące na wyspie. Po zajęciu Apulii i Kalabrii wojska Rogera w sile siedmiuset rycerzy rozpoczęły okupację Mesyny. W 1068 r. Roger i jego ludzie pokonali muzułmanów pod Misilmeri, lecz ostateczne zwycięstwo miało dopiero nadejść. W 1091 r., po długim oblężeniu, Palermo wpadło w ręce Normanów. Saracenów wyparto z wyspy i tak narodziło się Królestwo Sycylii.","В XI веке Сицилия находилась под контролем мусульман. Ломбардская и византийская державы на материке начали нанимать норманнских наемников, потомков французов и викингов, чтобы решить эту проблему. И проблема была решена. Под предводительством Рожера I норманны напали на сарацинские армии на острове. Захватив Апулию и Калабрию, Рожер занял Мессину с армией из 700 рыцарей. В 1068 году Рожер и его люди разбили мусульман при Мизильмери, но решающая победа была еще впереди. В 1091 году после долгой осады Палермо перешел в руки норманнов. Сарацины были изгнаны с острова, и родилось Норманнское королевство Сицилия.","11세기 시칠리아는 무슬림의 지배하에 있었습니다. 본토의 랑고바르드족과 동로마는 프랑스인과 바이킹의 후손인 노르만인 용병들을 고용하여 이 문제를 해결하기 시작했습니다. 용병들은 문제 해결 능력이 뛰어났습니다. 루제루 1세 시절 노르만인들은 섬 내의 사라센 군대를 공격했습니다. 풀리아와 칼라브리아를 차지한 루제루 1세는 700명의 기사 부대로 메시나를 점령했습니다. 1068년 루제루 1세와 휘하 군대는 미실메리에서 무슬림들을 격퇴했으나 결정적인 승리를 거두지는 못했습니다. 1091년, 길고 긴 공성전 끝에 팔레르모가 노르만인에게 넘어갔습니다. 사라센인은 섬에서 쫓겨났고, 노르만인의 시칠리아 왕국이 탄생했습니다.",11世紀、シチリアはムスリムの支配下にあった。本土のランゴバルドとビザンツ勢はこの問題の対処にフランスとヴァイキングの末裔ノルマン傭兵を起用した。彼らは確かに問題に対処してみせた。ルッジェーロ1世の指揮下、ノルマン傭兵はこの島のサラセン軍を攻撃した。アプリアとカラブリアを奪うとルッジェーロはメッシーナを700名の騎士で占領した。1068年、ルッジェーロとその部下はミジルメーリのムスリムを撃退した。だが決定的勝利はまだ訪れていなかった。1091年、長い包囲戦の後、パレルモはノルマン勢の手に落ちた。サラセンは島から追い出され、ノルマン朝シチリア王国が誕生したのだ,在公元11世纪，西西里岛还处于穆斯林的控制之下。与此同时，内陆的伦巴第和拜占庭势力开始招募诺曼雇佣兵，也就是法兰西人和维京人的后裔，来准备处理西西里岛问题。他们确实解决了问题。在罗杰一世的领导下，诺曼人袭击了岛上的撒拉森军队。拿下阿普利亚和卡拉布里亚后，罗杰一世用700名骑兵占领了墨西拿。在1068年，罗杰一世和他的军队于穆苏梅里打败穆斯林，不过这还不是决定性的胜利。直到1091年，在长期的围攻之后，巴勒莫落入诺曼人之手，这时最终的胜利才到来。撒拉森人被赶出了西西里岛，西西里的诺曼王国就此诞生。,十一世紀，西西里島處於穆斯林的控制。大陸上的倫巴底和拜占庭勢力開始僱傭諾曼僱傭兵，即法國人和維京人的後裔，來解決這個問題。而他們也確實解決了。在魯傑羅一世的帶領下，諾曼人攻擊了島上的撒拉森人軍隊。奪取普利亞和卡拉布里亞後，魯傑羅率領700名騎士大軍佔領了美西納。1068年，魯傑羅和他的手下擊敗了義大利的穆斯林，但決定性的勝利尚未到來。1091年，經過長時間的圍攻，巴勒摩落入諾曼人之手。撒拉森人被趕出島，西西里島的諾曼王國因此誕生。,"Sicilya, 11. yüzyılda Müslümanların kontrolü altındaydı. Anakaradaki Lombard ve Bizans güçleri bu sorunu çözmek için Fransız ve Vikinglerin soyundan gelen Norman paralı askerlerini toplamaya başladı. Sorunu çözme konusunda başarılı da oldular. Normanlar, Roger I himayesinde adadaki Sarazen ordularına saldırdı. Roger, Apulia ve Calabria'yı aldıktan sonra Messina'yı 700 şövalyeden oluşan bir orduyla işgal etti. Roger ve adamları 1068 yılında Musulmeri'de Müslümanları yendi ancak kesin zafer burada gelmedi. 1091 yılında uzun bir kuşatmadan sonra Palermo, Norman kontrolüne geçti. Sarazenler adadan atıldı ve Sicilya Norman Krallığı kuruldu.","11वीं सदी में सिसली मुस्लिम नियंत्रण में था. समस्या के समाधान के लिए मेनलैंड पर लॉम्बार्ड और बाइज़ैंटाइन शक्तियों ने नॉर्मन भाड़े के सैनिकों, फ़्रांसीसी और वाइकिंग्स के वंशजों को खरीदना शुरू कर दिया. और उन्होंने समस्या का अच्छा समाधान भी किया. द्वीप पर रॉजर I के अधीन नॉर्मन्स ने सारासेन की सेनाओं पर हमला किया. अपुलिया और कैलब्रिया जीतने के बाद रॉजर ने 700 नाइट्स की सेना के साथ मेसीना पर कब्ज़ा किया. 1068 में रॉजर और उसके आदमियों ने मुसुल्मेरी के मुसलमानों को हरा दिया, लेकिन निर्णायक जीत आने में अभी समय था. 1091 में लम्बी घेरेबंदी के बाद पलेर्मो नॉर्मन के कब्ज़े में आ गया. सरसेन को द्वीप से बाहर फेंक दिया गया और सिसली के नॉर्मन किंगडम का जन्म हुआ.","Pada abad ke-11, Sisilia berada di bawah kendali Muslim. Pihak berwenang Lombardia dan Bizantium di dataran utama mulai merekrut tentara bayaran Normandia, keturunan Prancis, dan Viking, untuk mengatasi masalah itu. Kemudian, mereka berhasil mengatasinya. Di bawah pimpinan Roger I, bangsa Normandia menyerang tentara Saracen di pulau itu. Setelah menaklukkan Apulia dan Calabria, Roger menduduki Messina dengan tentara yang terdiri atas 700 kesatria. Pada tahun 1068, Roger dan orang-orangnya mengalahkan para Muslim di Misilmeri, tetapi kemenangan mutlak belum dicapai. Pada tahun 1091, setelah pengepungan yang panjang, Palermo jatuh ke tangan bangsa Normandia. Saracen diusir dari pulau, kemudian lahirlah Kerajaan Normandia Sisilia."
Kipchak.description,"The Kipchak were a confederation of eastern Cuman tribes inhabiting the vast Eurasian steppe between the Volga and Ural rivers in the 11th century. They were nomadic pastoralists, moving seasonally with their herds and forming loose tribal alliances to maintain security and control over grazing lands. The Kipchak participated in steppe politics, including raids, trade, and occasional alliances with neighboring Rus’, Khazar remnants, and other nomadic groups. By the decades before 1110, the Kipchak had established a prominent presence in the eastern steppe, laying the foundations for their later dominance across the Pontic-Caspian and Volga steppes.","Au XIe siècle, la Sicile était sous contrôle musulman. Les pouvoirs lombard et byzantin sur le continent commencèrent à recruter des mercenaires normands, descendants de Français et de Vikings, pour régler le problème. Et ils le réglèrent. Sous la direction de Roger Ier, les Normands attaquèrent les armées sarrasines de l'île. Après avoir pris les Pouilles et la Calabre, Roger occupa Messine avec une armée de 700 chevaliers. En 1068, Roger et ses hommes vainquirent les musulmans à Musulmeri, mais la victoire décisive restait encore à venir. En 1091, après un long siège, Palerme tomba aux mains des Normands. Les Sarrasins furent chassés de l'île, et le royaume normand de Sicile naquit.","Im 11. Jahrhundert befand sich Sizilien unter muslimischer Kontrolle. Die Armeen der Langobarden und Byzantiner auf dem Festland begannen, normannische Söldner anzuheuern, Nachkommen der Franzosen und Wikinger, um sich des Problems anzunehmen. Und das taten sie äußerst gründlich. Unter Roger I. griffen die Normannen die Armeen der Sarazenen auf der Insel an. Nachdem er Apulien und Kalabrien eingenommen hatte, besetzte Roger mit einer Armee von 700 Rittern Messina. Im Jahre 1068 schlugen Roger und seine Männer die Muslime bei Misilmeri in die Flucht, doch der entscheidende Sieg sollte noch folgen. Im Jahre 1091 fiel Palermo nach langer Belagerung in die Hand der Normannen. Die Sarazenen wurden von der Insel vertrieben, und das normannische Königreich Sizilien war geboren.","En el siglo XI, Sicilia estaba bajo control musulmán. Las potencias lombarda y bizantina del continente comenzaron a contratar a mercenarios normandos, descendientes de franceses y vikingos, para que se hicieran cargo del problema. Y eso hicieron: los normandos, bajo las órdenes de Roger I, atacaron a los ejércitos sarracenos en la isla. Después de tomar Apulia y Calabria, Roger ocupó Mesina con un ejército de 700 caballeros. En 1068, Roger y sus hombres derrotaron a los musulmanes en Musulmeri, pero la victoria decisiva aún estaba por llegar: en el año 1091, tras un largo asedio, Palermo cayó en manos normandas. Los sarracenos fueron expulsados de la isla y nació el reino normando de Sicilia.","W XI w. Sycylią rządzili muzułmanie. Kontynentalne ośrodki władzy, Lombardia oraz Bizancjum, aby pozbyć się kłopotu, postanowiły posłużyć się normańskimi najemnikami, potomkami Francuzów i wikingów. Plan się powiódł. Pod dowództwem Rogera I Normanowie uderzyli na armie Saracenów stacjonujące na wyspie. Po zajęciu Apulii i Kalabrii wojska Rogera w sile siedmiuset rycerzy rozpoczęły okupację Mesyny. W 1068 r. Roger i jego ludzie pokonali muzułmanów pod Misilmeri, lecz ostateczne zwycięstwo miało dopiero nadejść. W 1091 r., po długim oblężeniu, Palermo wpadło w ręce Normanów. Saracenów wyparto z wyspy i tak narodziło się Królestwo Sycylii.","В XI веке Сицилия находилась под контролем мусульман. Ломбардская и византийская державы на материке начали нанимать норманнских наемников, потомков французов и викингов, чтобы решить эту проблему. И проблема была решена. Под предводительством Рожера I норманны напали на сарацинские армии на острове. Захватив Апулию и Калабрию, Рожер занял Мессину с армией из 700 рыцарей. В 1068 году Рожер и его люди разбили мусульман при Мизильмери, но решающая победа была еще впереди. В 1091 году после долгой осады Палермо перешел в руки норманнов. Сарацины были изгнаны с острова, и родилось Норманнское королевство Сицилия.","11세기 시칠리아는 무슬림의 지배하에 있었습니다. 본토의 랑고바르드족과 동로마는 프랑스인과 바이킹의 후손인 노르만인 용병들을 고용하여 이 문제를 해결하기 시작했습니다. 용병들은 문제 해결 능력이 뛰어났습니다. 루제루 1세 시절 노르만인들은 섬 내의 사라센 군대를 공격했습니다. 풀리아와 칼라브리아를 차지한 루제루 1세는 700명의 기사 부대로 메시나를 점령했습니다. 1068년 루제루 1세와 휘하 군대는 미실메리에서 무슬림들을 격퇴했으나 결정적인 승리를 거두지는 못했습니다. 1091년, 길고 긴 공성전 끝에 팔레르모가 노르만인에게 넘어갔습니다. 사라센인은 섬에서 쫓겨났고, 노르만인의 시칠리아 왕국이 탄생했습니다.",11世紀、シチリアはムスリムの支配下にあった。本土のランゴバルドとビザンツ勢はこの問題の対処にフランスとヴァイキングの末裔ノルマン傭兵を起用した。彼らは確かに問題に対処してみせた。ルッジェーロ1世の指揮下、ノルマン傭兵はこの島のサラセン軍を攻撃した。アプリアとカラブリアを奪うとルッジェーロはメッシーナを700名の騎士で占領した。1068年、ルッジェーロとその部下はミジルメーリのムスリムを撃退した。だが決定的勝利はまだ訪れていなかった。1091年、長い包囲戦の後、パレルモはノルマン勢の手に落ちた。サラセンは島から追い出され、ノルマン朝シチリア王国が誕生したのだ,在公元11世纪，西西里岛还处于穆斯林的控制之下。与此同时，内陆的伦巴第和拜占庭势力开始招募诺曼雇佣兵，也就是法兰西人和维京人的后裔，来准备处理西西里岛问题。他们确实解决了问题。在罗杰一世的领导下，诺曼人袭击了岛上的撒拉森军队。拿下阿普利亚和卡拉布里亚后，罗杰一世用700名骑兵占领了墨西拿。在1068年，罗杰一世和他的军队于穆苏梅里打败穆斯林，不过这还不是决定性的胜利。直到1091年，在长期的围攻之后，巴勒莫落入诺曼人之手，这时最终的胜利才到来。撒拉森人被赶出了西西里岛，西西里的诺曼王国就此诞生。,十一世紀，西西里島處於穆斯林的控制。大陸上的倫巴底和拜占庭勢力開始僱傭諾曼僱傭兵，即法國人和維京人的後裔，來解決這個問題。而他們也確實解決了。在魯傑羅一世的帶領下，諾曼人攻擊了島上的撒拉森人軍隊。奪取普利亞和卡拉布里亞後，魯傑羅率領700名騎士大軍佔領了美西納。1068年，魯傑羅和他的手下擊敗了義大利的穆斯林，但決定性的勝利尚未到來。1091年，經過長時間的圍攻，巴勒摩落入諾曼人之手。撒拉森人被趕出島，西西里島的諾曼王國因此誕生。,"Sicilya, 11. yüzyılda Müslümanların kontrolü altındaydı. Anakaradaki Lombard ve Bizans güçleri bu sorunu çözmek için Fransız ve Vikinglerin soyundan gelen Norman paralı askerlerini toplamaya başladı. Sorunu çözme konusunda başarılı da oldular. Normanlar, Roger I himayesinde adadaki Sarazen ordularına saldırdı. Roger, Apulia ve Calabria'yı aldıktan sonra Messina'yı 700 şövalyeden oluşan bir orduyla işgal etti. Roger ve adamları 1068 yılında Musulmeri'de Müslümanları yendi ancak kesin zafer burada gelmedi. 1091 yılında uzun bir kuşatmadan sonra Palermo, Norman kontrolüne geçti. Sarazenler adadan atıldı ve Sicilya Norman Krallığı kuruldu.","11वीं सदी में सिसली मुस्लिम नियंत्रण में था. समस्या के समाधान के लिए मेनलैंड पर लॉम्बार्ड और बाइज़ैंटाइन शक्तियों ने नॉर्मन भाड़े के सैनिकों, फ़्रांसीसी और वाइकिंग्स के वंशजों को खरीदना शुरू कर दिया. और उन्होंने समस्या का अच्छा समाधान भी किया. द्वीप पर रॉजर I के अधीन नॉर्मन्स ने सारासेन की सेनाओं पर हमला किया. अपुलिया और कैलब्रिया जीतने के बाद रॉजर ने 700 नाइट्स की सेना के साथ मेसीना पर कब्ज़ा किया. 1068 में रॉजर और उसके आदमियों ने मुसुल्मेरी के मुसलमानों को हरा दिया, लेकिन निर्णायक जीत आने में अभी समय था. 1091 में लम्बी घेरेबंदी के बाद पलेर्मो नॉर्मन के कब्ज़े में आ गया. सरसेन को द्वीप से बाहर फेंक दिया गया और सिसली के नॉर्मन किंगडम का जन्म हुआ.","Pada abad ke-11, Sisilia berada di bawah kendali Muslim. Pihak berwenang Lombardia dan Bizantium di dataran utama mulai merekrut tentara bayaran Normandia, keturunan Prancis, dan Viking, untuk mengatasi masalah itu. Kemudian, mereka berhasil mengatasinya. Di bawah pimpinan Roger I, bangsa Normandia menyerang tentara Saracen di pulau itu. Setelah menaklukkan Apulia dan Calabria, Roger menduduki Messina dengan tentara yang terdiri atas 700 kesatria. Pada tahun 1068, Roger dan orang-orangnya mengalahkan para Muslim di Misilmeri, tetapi kemenangan mutlak belum dicapai. Pada tahun 1091, setelah pengepungan yang panjang, Palermo jatuh ke tangan bangsa Normandia. Saracen diusir dari pulau, kemudian lahirlah Kerajaan Normandia Sisilia."
Pechenegs.description,"The Pechenegs were a Turkic nomadic people who inhabited the steppes north of the Black Sea and along the lower Danube during the 11th century. They practiced seasonal migration and animal husbandry, forming a loose confederation of tribes that maintained both independence and military strength. The Pechenegs frequently interacted with the Byzantine Empire, Kievan Rus’, and other steppe peoples through trade, raiding, and alliances. By the decades before 1110, their presence had significantly shaped the political and military dynamics of the Pontic-Caspian steppe, though pressures from the Cumans and neighboring powers were beginning to challenge their dominance.","Au XIe siècle, la Sicile était sous contrôle musulman. Les pouvoirs lombard et byzantin sur le continent commencèrent à recruter des mercenaires normands, descendants de Français et de Vikings, pour régler le problème. Et ils le réglèrent. Sous la direction de Roger Ier, les Normands attaquèrent les armées sarrasines de l'île. Après avoir pris les Pouilles et la Calabre, Roger occupa Messine avec une armée de 700 chevaliers. En 1068, Roger et ses hommes vainquirent les musulmans à Musulmeri, mais la victoire décisive restait encore à venir. En 1091, après un long siège, Palerme tomba aux mains des Normands. Les Sarrasins furent chassés de l'île, et le royaume normand de Sicile naquit.","Im 11. Jahrhundert befand sich Sizilien unter muslimischer Kontrolle. Die Armeen der Langobarden und Byzantiner auf dem Festland begannen, normannische Söldner anzuheuern, Nachkommen der Franzosen und Wikinger, um sich des Problems anzunehmen. Und das taten sie äußerst gründlich. Unter Roger I. griffen die Normannen die Armeen der Sarazenen auf der Insel an. Nachdem er Apulien und Kalabrien eingenommen hatte, besetzte Roger mit einer Armee von 700 Rittern Messina. Im Jahre 1068 schlugen Roger und seine Männer die Muslime bei Misilmeri in die Flucht, doch der entscheidende Sieg sollte noch folgen. Im Jahre 1091 fiel Palermo nach langer Belagerung in die Hand der Normannen. Die Sarazenen wurden von der Insel vertrieben, und das normannische Königreich Sizilien war geboren.","En el siglo XI, Sicilia estaba bajo control musulmán. Las potencias lombarda y bizantina del continente comenzaron a contratar a mercenarios normandos, descendientes de franceses y vikingos, para que se hicieran cargo del problema. Y eso hicieron: los normandos, bajo las órdenes de Roger I, atacaron a los ejércitos sarracenos en la isla. Después de tomar Apulia y Calabria, Roger ocupó Mesina con un ejército de 700 caballeros. En 1068, Roger y sus hombres derrotaron a los musulmanes en Musulmeri, pero la victoria decisiva aún estaba por llegar: en el año 1091, tras un largo asedio, Palermo cayó en manos normandas. Los sarracenos fueron expulsados de la isla y nació el reino normando de Sicilia.","W XI w. Sycylią rządzili muzułmanie. Kontynentalne ośrodki władzy, Lombardia oraz Bizancjum, aby pozbyć się kłopotu, postanowiły posłużyć się normańskimi najemnikami, potomkami Francuzów i wikingów. Plan się powiódł. Pod dowództwem Rogera I Normanowie uderzyli na armie Saracenów stacjonujące na wyspie. Po zajęciu Apulii i Kalabrii wojska Rogera w sile siedmiuset rycerzy rozpoczęły okupację Mesyny. W 1068 r. Roger i jego ludzie pokonali muzułmanów pod Misilmeri, lecz ostateczne zwycięstwo miało dopiero nadejść. W 1091 r., po długim oblężeniu, Palermo wpadło w ręce Normanów. Saracenów wyparto z wyspy i tak narodziło się Królestwo Sycylii.","В XI веке Сицилия находилась под контролем мусульман. Ломбардская и византийская державы на материке начали нанимать норманнских наемников, потомков французов и викингов, чтобы решить эту проблему. И проблема была решена. Под предводительством Рожера I норманны напали на сарацинские армии на острове. Захватив Апулию и Калабрию, Рожер занял Мессину с армией из 700 рыцарей. В 1068 году Рожер и его люди разбили мусульман при Мизильмери, но решающая победа была еще впереди. В 1091 году после долгой осады Палермо перешел в руки норманнов. Сарацины были изгнаны с острова, и родилось Норманнское королевство Сицилия.","11세기 시칠리아는 무슬림의 지배하에 있었습니다. 본토의 랑고바르드족과 동로마는 프랑스인과 바이킹의 후손인 노르만인 용병들을 고용하여 이 문제를 해결하기 시작했습니다. 용병들은 문제 해결 능력이 뛰어났습니다. 루제루 1세 시절 노르만인들은 섬 내의 사라센 군대를 공격했습니다. 풀리아와 칼라브리아를 차지한 루제루 1세는 700명의 기사 부대로 메시나를 점령했습니다. 1068년 루제루 1세와 휘하 군대는 미실메리에서 무슬림들을 격퇴했으나 결정적인 승리를 거두지는 못했습니다. 1091년, 길고 긴 공성전 끝에 팔레르모가 노르만인에게 넘어갔습니다. 사라센인은 섬에서 쫓겨났고, 노르만인의 시칠리아 왕국이 탄생했습니다.",11世紀、シチリアはムスリムの支配下にあった。本土のランゴバルドとビザンツ勢はこの問題の対処にフランスとヴァイキングの末裔ノルマン傭兵を起用した。彼らは確かに問題に対処してみせた。ルッジェーロ1世の指揮下、ノルマン傭兵はこの島のサラセン軍を攻撃した。アプリアとカラブリアを奪うとルッジェーロはメッシーナを700名の騎士で占領した。1068年、ルッジェーロとその部下はミジルメーリのムスリムを撃退した。だが決定的勝利はまだ訪れていなかった。1091年、長い包囲戦の後、パレルモはノルマン勢の手に落ちた。サラセンは島から追い出され、ノルマン朝シチリア王国が誕生したのだ,在公元11世纪，西西里岛还处于穆斯林的控制之下。与此同时，内陆的伦巴第和拜占庭势力开始招募诺曼雇佣兵，也就是法兰西人和维京人的后裔，来准备处理西西里岛问题。他们确实解决了问题。在罗杰一世的领导下，诺曼人袭击了岛上的撒拉森军队。拿下阿普利亚和卡拉布里亚后，罗杰一世用700名骑兵占领了墨西拿。在1068年，罗杰一世和他的军队于穆苏梅里打败穆斯林，不过这还不是决定性的胜利。直到1091年，在长期的围攻之后，巴勒莫落入诺曼人之手，这时最终的胜利才到来。撒拉森人被赶出了西西里岛，西西里的诺曼王国就此诞生。,十一世紀，西西里島處於穆斯林的控制。大陸上的倫巴底和拜占庭勢力開始僱傭諾曼僱傭兵，即法國人和維京人的後裔，來解決這個問題。而他們也確實解決了。在魯傑羅一世的帶領下，諾曼人攻擊了島上的撒拉森人軍隊。奪取普利亞和卡拉布里亞後，魯傑羅率領700名騎士大軍佔領了美西納。1068年，魯傑羅和他的手下擊敗了義大利的穆斯林，但決定性的勝利尚未到來。1091年，經過長時間的圍攻，巴勒摩落入諾曼人之手。撒拉森人被趕出島，西西里島的諾曼王國因此誕生。,"Sicilya, 11. yüzyılda Müslümanların kontrolü altındaydı. Anakaradaki Lombard ve Bizans güçleri bu sorunu çözmek için Fransız ve Vikinglerin soyundan gelen Norman paralı askerlerini toplamaya başladı. Sorunu çözme konusunda başarılı da oldular. Normanlar, Roger I himayesinde adadaki Sarazen ordularına saldırdı. Roger, Apulia ve Calabria'yı aldıktan sonra Messina'yı 700 şövalyeden oluşan bir orduyla işgal etti. Roger ve adamları 1068 yılında Musulmeri'de Müslümanları yendi ancak kesin zafer burada gelmedi. 1091 yılında uzun bir kuşatmadan sonra Palermo, Norman kontrolüne geçti. Sarazenler adadan atıldı ve Sicilya Norman Krallığı kuruldu.","11वीं सदी में सिसली मुस्लिम नियंत्रण में था. समस्या के समाधान के लिए मेनलैंड पर लॉम्बार्ड और बाइज़ैंटाइन शक्तियों ने नॉर्मन भाड़े के सैनिकों, फ़्रांसीसी और वाइकिंग्स के वंशजों को खरीदना शुरू कर दिया. और उन्होंने समस्या का अच्छा समाधान भी किया. द्वीप पर रॉजर I के अधीन नॉर्मन्स ने सारासेन की सेनाओं पर हमला किया. अपुलिया और कैलब्रिया जीतने के बाद रॉजर ने 700 नाइट्स की सेना के साथ मेसीना पर कब्ज़ा किया. 1068 में रॉजर और उसके आदमियों ने मुसुल्मेरी के मुसलमानों को हरा दिया, लेकिन निर्णायक जीत आने में अभी समय था. 1091 में लम्बी घेरेबंदी के बाद पलेर्मो नॉर्मन के कब्ज़े में आ गया. सरसेन को द्वीप से बाहर फेंक दिया गया और सिसली के नॉर्मन किंगडम का जन्म हुआ.","Pada abad ke-11, Sisilia berada di bawah kendali Muslim. Pihak berwenang Lombardia dan Bizantium di dataran utama mulai merekrut tentara bayaran Normandia, keturunan Prancis, dan Viking, untuk mengatasi masalah itu. Kemudian, mereka berhasil mengatasinya. Di bawah pimpinan Roger I, bangsa Normandia menyerang tentara Saracen di pulau itu. Setelah menaklukkan Apulia dan Calabria, Roger menduduki Messina dengan tentara yang terdiri atas 700 kesatria. Pada tahun 1068, Roger dan orang-orangnya mengalahkan para Muslim di Misilmeri, tetapi kemenangan mutlak belum dicapai. Pada tahun 1091, setelah pengepungan yang panjang, Palermo jatuh ke tangan bangsa Normandia. Saracen diusir dari pulau, kemudian lahirlah Kerajaan Normandia Sisilia."
Mari.description,"The Mari were a Finno-Ugric people living in the forested regions along the middle Volga River during the 11th century. Organized in small, clan-based communities, they practiced agriculture, hunting, and fishing, while maintaining their own distinct language and spiritual traditions. The Mari engaged in trade and tribute relations with neighboring powers such as the Volga Bulgars and, indirectly, the Kievan Rus’. By the decades before 1110, they had preserved their autonomy in the Volga forests, contributing to the cultural and ethnic diversity of medieval northeastern Europe.","Au XIe siècle, la Sicile était sous contrôle musulman. Les pouvoirs lombard et byzantin sur le continent commencèrent à recruter des mercenaires normands, descendants de Français et de Vikings, pour régler le problème. Et ils le réglèrent. Sous la direction de Roger Ier, les Normands attaquèrent les armées sarrasines de l'île. Après avoir pris les Pouilles et la Calabre, Roger occupa Messine avec une armée de 700 chevaliers. En 1068, Roger et ses hommes vainquirent les musulmans à Musulmeri, mais la victoire décisive restait encore à venir. En 1091, après un long siège, Palerme tomba aux mains des Normands. Les Sarrasins furent chassés de l'île, et le royaume normand de Sicile naquit.","Im 11. Jahrhundert befand sich Sizilien unter muslimischer Kontrolle. Die Armeen der Langobarden und Byzantiner auf dem Festland begannen, normannische Söldner anzuheuern, Nachkommen der Franzosen und Wikinger, um sich des Problems anzunehmen. Und das taten sie äußerst gründlich. Unter Roger I. griffen die Normannen die Armeen der Sarazenen auf der Insel an. Nachdem er Apulien und Kalabrien eingenommen hatte, besetzte Roger mit einer Armee von 700 Rittern Messina. Im Jahre 1068 schlugen Roger und seine Männer die Muslime bei Misilmeri in die Flucht, doch der entscheidende Sieg sollte noch folgen. Im Jahre 1091 fiel Palermo nach langer Belagerung in die Hand der Normannen. Die Sarazenen wurden von der Insel vertrieben, und das normannische Königreich Sizilien war geboren.","En el siglo XI, Sicilia estaba bajo control musulmán. Las potencias lombarda y bizantina del continente comenzaron a contratar a mercenarios normandos, descendientes de franceses y vikingos, para que se hicieran cargo del problema. Y eso hicieron: los normandos, bajo las órdenes de Roger I, atacaron a los ejércitos sarracenos en la isla. Después de tomar Apulia y Calabria, Roger ocupó Mesina con un ejército de 700 caballeros. En 1068, Roger y sus hombres derrotaron a los musulmanes en Musulmeri, pero la victoria decisiva aún estaba por llegar: en el año 1091, tras un largo asedio, Palermo cayó en manos normandas. Los sarracenos fueron expulsados de la isla y nació el reino normando de Sicilia.","W XI w. Sycylią rządzili muzułmanie. Kontynentalne ośrodki władzy, Lombardia oraz Bizancjum, aby pozbyć się kłopotu, postanowiły posłużyć się normańskimi najemnikami, potomkami Francuzów i wikingów. Plan się powiódł. Pod dowództwem Rogera I Normanowie uderzyli na armie Saracenów stacjonujące na wyspie. Po zajęciu Apulii i Kalabrii wojska Rogera w sile siedmiuset rycerzy rozpoczęły okupację Mesyny. W 1068 r. Roger i jego ludzie pokonali muzułmanów pod Misilmeri, lecz ostateczne zwycięstwo miało dopiero nadejść. W 1091 r., po długim oblężeniu, Palermo wpadło w ręce Normanów. Saracenów wyparto z wyspy i tak narodziło się Królestwo Sycylii.","В XI веке Сицилия находилась под контролем мусульман. Ломбардская и византийская державы на материке начали нанимать норманнских наемников, потомков французов и викингов, чтобы решить эту проблему. И проблема была решена. Под предводительством Рожера I норманны напали на сарацинские армии на острове. Захватив Апулию и Калабрию, Рожер занял Мессину с армией из 700 рыцарей. В 1068 году Рожер и его люди разбили мусульман при Мизильмери, но решающая победа была еще впереди. В 1091 году после долгой осады Палермо перешел в руки норманнов. Сарацины были изгнаны с острова, и родилось Норманнское королевство Сицилия.","11세기 시칠리아는 무슬림의 지배하에 있었습니다. 본토의 랑고바르드족과 동로마는 프랑스인과 바이킹의 후손인 노르만인 용병들을 고용하여 이 문제를 해결하기 시작했습니다. 용병들은 문제 해결 능력이 뛰어났습니다. 루제루 1세 시절 노르만인들은 섬 내의 사라센 군대를 공격했습니다. 풀리아와 칼라브리아를 차지한 루제루 1세는 700명의 기사 부대로 메시나를 점령했습니다. 1068년 루제루 1세와 휘하 군대는 미실메리에서 무슬림들을 격퇴했으나 결정적인 승리를 거두지는 못했습니다. 1091년, 길고 긴 공성전 끝에 팔레르모가 노르만인에게 넘어갔습니다. 사라센인은 섬에서 쫓겨났고, 노르만인의 시칠리아 왕국이 탄생했습니다.",11世紀、シチリアはムスリムの支配下にあった。本土のランゴバルドとビザンツ勢はこの問題の対処にフランスとヴァイキングの末裔ノルマン傭兵を起用した。彼らは確かに問題に対処してみせた。ルッジェーロ1世の指揮下、ノルマン傭兵はこの島のサラセン軍を攻撃した。アプリアとカラブリアを奪うとルッジェーロはメッシーナを700名の騎士で占領した。1068年、ルッジェーロとその部下はミジルメーリのムスリムを撃退した。だが決定的勝利はまだ訪れていなかった。1091年、長い包囲戦の後、パレルモはノルマン勢の手に落ちた。サラセンは島から追い出され、ノルマン朝シチリア王国が誕生したのだ,在公元11世纪，西西里岛还处于穆斯林的控制之下。与此同时，内陆的伦巴第和拜占庭势力开始招募诺曼雇佣兵，也就是法兰西人和维京人的后裔，来准备处理西西里岛问题。他们确实解决了问题。在罗杰一世的领导下，诺曼人袭击了岛上的撒拉森军队。拿下阿普利亚和卡拉布里亚后，罗杰一世用700名骑兵占领了墨西拿。在1068年，罗杰一世和他的军队于穆苏梅里打败穆斯林，不过这还不是决定性的胜利。直到1091年，在长期的围攻之后，巴勒莫落入诺曼人之手，这时最终的胜利才到来。撒拉森人被赶出了西西里岛，西西里的诺曼王国就此诞生。,十一世紀，西西里島處於穆斯林的控制。大陸上的倫巴底和拜占庭勢力開始僱傭諾曼僱傭兵，即法國人和維京人的後裔，來解決這個問題。而他們也確實解決了。在魯傑羅一世的帶領下，諾曼人攻擊了島上的撒拉森人軍隊。奪取普利亞和卡拉布里亞後，魯傑羅率領700名騎士大軍佔領了美西納。1068年，魯傑羅和他的手下擊敗了義大利的穆斯林，但決定性的勝利尚未到來。1091年，經過長時間的圍攻，巴勒摩落入諾曼人之手。撒拉森人被趕出島，西西里島的諾曼王國因此誕生。,"Sicilya, 11. yüzyılda Müslümanların kontrolü altındaydı. Anakaradaki Lombard ve Bizans güçleri bu sorunu çözmek için Fransız ve Vikinglerin soyundan gelen Norman paralı askerlerini toplamaya başladı. Sorunu çözme konusunda başarılı da oldular. Normanlar, Roger I himayesinde adadaki Sarazen ordularına saldırdı. Roger, Apulia ve Calabria'yı aldıktan sonra Messina'yı 700 şövalyeden oluşan bir orduyla işgal etti. Roger ve adamları 1068 yılında Musulmeri'de Müslümanları yendi ancak kesin zafer burada gelmedi. 1091 yılında uzun bir kuşatmadan sonra Palermo, Norman kontrolüne geçti. Sarazenler adadan atıldı ve Sicilya Norman Krallığı kuruldu.","11वीं सदी में सिसली मुस्लिम नियंत्रण में था. समस्या के समाधान के लिए मेनलैंड पर लॉम्बार्ड और बाइज़ैंटाइन शक्तियों ने नॉर्मन भाड़े के सैनिकों, फ़्रांसीसी और वाइकिंग्स के वंशजों को खरीदना शुरू कर दिया. और उन्होंने समस्या का अच्छा समाधान भी किया. द्वीप पर रॉजर I के अधीन नॉर्मन्स ने सारासेन की सेनाओं पर हमला किया. अपुलिया और कैलब्रिया जीतने के बाद रॉजर ने 700 नाइट्स की सेना के साथ मेसीना पर कब्ज़ा किया. 1068 में रॉजर और उसके आदमियों ने मुसुल्मेरी के मुसलमानों को हरा दिया, लेकिन निर्णायक जीत आने में अभी समय था. 1091 में लम्बी घेरेबंदी के बाद पलेर्मो नॉर्मन के कब्ज़े में आ गया. सरसेन को द्वीप से बाहर फेंक दिया गया और सिसली के नॉर्मन किंगडम का जन्म हुआ.","Pada abad ke-11, Sisilia berada di bawah kendali Muslim. Pihak berwenang Lombardia dan Bizantium di dataran utama mulai merekrut tentara bayaran Normandia, keturunan Prancis, dan Viking, untuk mengatasi masalah itu. Kemudian, mereka berhasil mengatasinya. Di bawah pimpinan Roger I, bangsa Normandia menyerang tentara Saracen di pulau itu. Setelah menaklukkan Apulia dan Calabria, Roger menduduki Messina dengan tentara yang terdiri atas 700 kesatria. Pada tahun 1068, Roger dan orang-orangnya mengalahkan para Muslim di Misilmeri, tetapi kemenangan mutlak belum dicapai. Pada tahun 1091, setelah pengepungan yang panjang, Palermo jatuh ke tangan bangsa Normandia. Saracen diusir dari pulau, kemudian lahirlah Kerajaan Normandia Sisilia."
Duklja.description,"The Kingdom of Duklja, centered in present-day Montenegro, emerged as one of the early South Slavic states on the Adriatic coast. Originally under Byzantine influence, Duklja gained greater autonomy in the 11th century, particularly under King Mihailo I, who secured recognition from the papacy and asserted royal authority. Its rulers balanced ties with Byzantium, Rome, and neighboring Slavic polities while seeking to control the trade and routes linking the Adriatic with the Balkan interior. By the decades before 1110, Duklja had reached the height of its power, standing as a prominent kingdom in the western Balkans before later fragmentation.","Au XIe siècle, la Sicile était sous contrôle musulman. Les pouvoirs lombard et byzantin sur le continent commencèrent à recruter des mercenaires normands, descendants de Français et de Vikings, pour régler le problème. Et ils le réglèrent. Sous la direction de Roger Ier, les Normands attaquèrent les armées sarrasines de l'île. Après avoir pris les Pouilles et la Calabre, Roger occupa Messine avec une armée de 700 chevaliers. En 1068, Roger et ses hommes vainquirent les musulmans à Musulmeri, mais la victoire décisive restait encore à venir. En 1091, après un long siège, Palerme tomba aux mains des Normands. Les Sarrasins furent chassés de l'île, et le royaume normand de Sicile naquit.","Im 11. Jahrhundert befand sich Sizilien unter muslimischer Kontrolle. Die Armeen der Langobarden und Byzantiner auf dem Festland begannen, normannische Söldner anzuheuern, Nachkommen der Franzosen und Wikinger, um sich des Problems anzunehmen. Und das taten sie äußerst gründlich. Unter Roger I. griffen die Normannen die Armeen der Sarazenen auf der Insel an. Nachdem er Apulien und Kalabrien eingenommen hatte, besetzte Roger mit einer Armee von 700 Rittern Messina. Im Jahre 1068 schlugen Roger und seine Männer die Muslime bei Misilmeri in die Flucht, doch der entscheidende Sieg sollte noch folgen. Im Jahre 1091 fiel Palermo nach langer Belagerung in die Hand der Normannen. Die Sarazenen wurden von der Insel vertrieben, und das normannische Königreich Sizilien war geboren.","En el siglo XI, Sicilia estaba bajo control musulmán. Las potencias lombarda y bizantina del continente comenzaron a contratar a mercenarios normandos, descendientes de franceses y vikingos, para que se hicieran cargo del problema. Y eso hicieron: los normandos, bajo las órdenes de Roger I, atacaron a los ejércitos sarracenos en la isla. Después de tomar Apulia y Calabria, Roger ocupó Mesina con un ejército de 700 caballeros. En 1068, Roger y sus hombres derrotaron a los musulmanes en Musulmeri, pero la victoria decisiva aún estaba por llegar: en el año 1091, tras un largo asedio, Palermo cayó en manos normandas. Los sarracenos fueron expulsados de la isla y nació el reino normando de Sicilia.","W XI w. Sycylią rządzili muzułmanie. Kontynentalne ośrodki władzy, Lombardia oraz Bizancjum, aby pozbyć się kłopotu, postanowiły posłużyć się normańskimi najemnikami, potomkami Francuzów i wikingów. Plan się powiódł. Pod dowództwem Rogera I Normanowie uderzyli na armie Saracenów stacjonujące na wyspie. Po zajęciu Apulii i Kalabrii wojska Rogera w sile siedmiuset rycerzy rozpoczęły okupację Mesyny. W 1068 r. Roger i jego ludzie pokonali muzułmanów pod Misilmeri, lecz ostateczne zwycięstwo miało dopiero nadejść. W 1091 r., po długim oblężeniu, Palermo wpadło w ręce Normanów. Saracenów wyparto z wyspy i tak narodziło się Królestwo Sycylii.","В XI веке Сицилия находилась под контролем мусульман. Ломбардская и византийская державы на материке начали нанимать норманнских наемников, потомков французов и викингов, чтобы решить эту проблему. И проблема была решена. Под предводительством Рожера I норманны напали на сарацинские армии на острове. Захватив Апулию и Калабрию, Рожер занял Мессину с армией из 700 рыцарей. В 1068 году Рожер и его люди разбили мусульман при Мизильмери, но решающая победа была еще впереди. В 1091 году после долгой осады Палермо перешел в руки норманнов. Сарацины были изгнаны с острова, и родилось Норманнское королевство Сицилия.","11세기 시칠리아는 무슬림의 지배하에 있었습니다. 본토의 랑고바르드족과 동로마는 프랑스인과 바이킹의 후손인 노르만인 용병들을 고용하여 이 문제를 해결하기 시작했습니다. 용병들은 문제 해결 능력이 뛰어났습니다. 루제루 1세 시절 노르만인들은 섬 내의 사라센 군대를 공격했습니다. 풀리아와 칼라브리아를 차지한 루제루 1세는 700명의 기사 부대로 메시나를 점령했습니다. 1068년 루제루 1세와 휘하 군대는 미실메리에서 무슬림들을 격퇴했으나 결정적인 승리를 거두지는 못했습니다. 1091년, 길고 긴 공성전 끝에 팔레르모가 노르만인에게 넘어갔습니다. 사라센인은 섬에서 쫓겨났고, 노르만인의 시칠리아 왕국이 탄생했습니다.",11世紀、シチリアはムスリムの支配下にあった。本土のランゴバルドとビザンツ勢はこの問題の対処にフランスとヴァイキングの末裔ノルマン傭兵を起用した。彼らは確かに問題に対処してみせた。ルッジェーロ1世の指揮下、ノルマン傭兵はこの島のサラセン軍を攻撃した。アプリアとカラブリアを奪うとルッジェーロはメッシーナを700名の騎士で占領した。1068年、ルッジェーロとその部下はミジルメーリのムスリムを撃退した。だが決定的勝利はまだ訪れていなかった。1091年、長い包囲戦の後、パレルモはノルマン勢の手に落ちた。サラセンは島から追い出され、ノルマン朝シチリア王国が誕生したのだ,在公元11世纪，西西里岛还处于穆斯林的控制之下。与此同时，内陆的伦巴第和拜占庭势力开始招募诺曼雇佣兵，也就是法兰西人和维京人的后裔，来准备处理西西里岛问题。他们确实解决了问题。在罗杰一世的领导下，诺曼人袭击了岛上的撒拉森军队。拿下阿普利亚和卡拉布里亚后，罗杰一世用700名骑兵占领了墨西拿。在1068年，罗杰一世和他的军队于穆苏梅里打败穆斯林，不过这还不是决定性的胜利。直到1091年，在长期的围攻之后，巴勒莫落入诺曼人之手，这时最终的胜利才到来。撒拉森人被赶出了西西里岛，西西里的诺曼王国就此诞生。,十一世紀，西西里島處於穆斯林的控制。大陸上的倫巴底和拜占庭勢力開始僱傭諾曼僱傭兵，即法國人和維京人的後裔，來解決這個問題。而他們也確實解決了。在魯傑羅一世的帶領下，諾曼人攻擊了島上的撒拉森人軍隊。奪取普利亞和卡拉布里亞後，魯傑羅率領700名騎士大軍佔領了美西納。1068年，魯傑羅和他的手下擊敗了義大利的穆斯林，但決定性的勝利尚未到來。1091年，經過長時間的圍攻，巴勒摩落入諾曼人之手。撒拉森人被趕出島，西西里島的諾曼王國因此誕生。,"Sicilya, 11. yüzyılda Müslümanların kontrolü altındaydı. Anakaradaki Lombard ve Bizans güçleri bu sorunu çözmek için Fransız ve Vikinglerin soyundan gelen Norman paralı askerlerini toplamaya başladı. Sorunu çözme konusunda başarılı da oldular. Normanlar, Roger I himayesinde adadaki Sarazen ordularına saldırdı. Roger, Apulia ve Calabria'yı aldıktan sonra Messina'yı 700 şövalyeden oluşan bir orduyla işgal etti. Roger ve adamları 1068 yılında Musulmeri'de Müslümanları yendi ancak kesin zafer burada gelmedi. 1091 yılında uzun bir kuşatmadan sonra Palermo, Norman kontrolüne geçti. Sarazenler adadan atıldı ve Sicilya Norman Krallığı kuruldu.","11वीं सदी में सिसली मुस्लिम नियंत्रण में था. समस्या के समाधान के लिए मेनलैंड पर लॉम्बार्ड और बाइज़ैंटाइन शक्तियों ने नॉर्मन भाड़े के सैनिकों, फ़्रांसीसी और वाइकिंग्स के वंशजों को खरीदना शुरू कर दिया. और उन्होंने समस्या का अच्छा समाधान भी किया. द्वीप पर रॉजर I के अधीन नॉर्मन्स ने सारासेन की सेनाओं पर हमला किया. अपुलिया और कैलब्रिया जीतने के बाद रॉजर ने 700 नाइट्स की सेना के साथ मेसीना पर कब्ज़ा किया. 1068 में रॉजर और उसके आदमियों ने मुसुल्मेरी के मुसलमानों को हरा दिया, लेकिन निर्णायक जीत आने में अभी समय था. 1091 में लम्बी घेरेबंदी के बाद पलेर्मो नॉर्मन के कब्ज़े में आ गया. सरसेन को द्वीप से बाहर फेंक दिया गया और सिसली के नॉर्मन किंगडम का जन्म हुआ.","Pada abad ke-11, Sisilia berada di bawah kendali Muslim. Pihak berwenang Lombardia dan Bizantium di dataran utama mulai merekrut tentara bayaran Normandia, keturunan Prancis, dan Viking, untuk mengatasi masalah itu. Kemudian, mereka berhasil mengatasinya. Di bawah pimpinan Roger I, bangsa Normandia menyerang tentara Saracen di pulau itu. Setelah menaklukkan Apulia dan Calabria, Roger menduduki Messina dengan tentara yang terdiri atas 700 kesatria. Pada tahun 1068, Roger dan orang-orangnya mengalahkan para Muslim di Misilmeri, tetapi kemenangan mutlak belum dicapai. Pada tahun 1091, setelah pengepungan yang panjang, Palermo jatuh ke tangan bangsa Normandia. Saracen diusir dari pulau, kemudian lahirlah Kerajaan Normandia Sisilia."
Virumaa.description,"The Estonians of Virumaa, known in medieval sources as the people of Vironia, inhabited the northeastern region of Estonia along the Gulf of Finland. Situated between the Finnic and East Slavic cultural spheres, they maintained active trade and occasional conflict with both Novgorod and the coastal Finnish tribes. Their society was organized around fortified settlements and kin-based clans, sustained by farming, hunting, and control of trade routes linking the Baltic to inland forests. By the decades before 1110, the Vironians had established themselves as a resilient frontier people, preserving their autonomy while engaging with the diverse powers of the northern Baltic region.","Au XIe siècle, la Sicile était sous contrôle musulman. Les pouvoirs lombard et byzantin sur le continent commencèrent à recruter des mercenaires normands, descendants de Français et de Vikings, pour régler le problème. Et ils le réglèrent. Sous la direction de Roger Ier, les Normands attaquèrent les armées sarrasines de l'île. Après avoir pris les Pouilles et la Calabre, Roger occupa Messine avec une armée de 700 chevaliers. En 1068, Roger et ses hommes vainquirent les musulmans à Musulmeri, mais la victoire décisive restait encore à venir. En 1091, après un long siège, Palerme tomba aux mains des Normands. Les Sarrasins furent chassés de l'île, et le royaume normand de Sicile naquit.","Im 11. Jahrhundert befand sich Sizilien unter muslimischer Kontrolle. Die Armeen der Langobarden und Byzantiner auf dem Festland begannen, normannische Söldner anzuheuern, Nachkommen der Franzosen und Wikinger, um sich des Problems anzunehmen. Und das taten sie äußerst gründlich. Unter Roger I. griffen die Normannen die Armeen der Sarazenen auf der Insel an. Nachdem er Apulien und Kalabrien eingenommen hatte, besetzte Roger mit einer Armee von 700 Rittern Messina. Im Jahre 1068 schlugen Roger und seine Männer die Muslime bei Misilmeri in die Flucht, doch der entscheidende Sieg sollte noch folgen. Im Jahre 1091 fiel Palermo nach langer Belagerung in die Hand der Normannen. Die Sarazenen wurden von der Insel vertrieben, und das normannische Königreich Sizilien war geboren.","En el siglo XI, Sicilia estaba bajo control musulmán. Las potencias lombarda y bizantina del continente comenzaron a contratar a mercenarios normandos, descendientes de franceses y vikingos, para que se hicieran cargo del problema. Y eso hicieron: los normandos, bajo las órdenes de Roger I, atacaron a los ejércitos sarracenos en la isla. Después de tomar Apulia y Calabria, Roger ocupó Mesina con un ejército de 700 caballeros. En 1068, Roger y sus hombres derrotaron a los musulmanes en Musulmeri, pero la victoria decisiva aún estaba por llegar: en el año 1091, tras un largo asedio, Palermo cayó en manos normandas. Los sarracenos fueron expulsados de la isla y nació el reino normando de Sicilia.","W XI w. Sycylią rządzili muzułmanie. Kontynentalne ośrodki władzy, Lombardia oraz Bizancjum, aby pozbyć się kłopotu, postanowiły posłużyć się normańskimi najemnikami, potomkami Francuzów i wikingów. Plan się powiódł. Pod dowództwem Rogera I Normanowie uderzyli na armie Saracenów stacjonujące na wyspie. Po zajęciu Apulii i Kalabrii wojska Rogera w sile siedmiuset rycerzy rozpoczęły okupację Mesyny. W 1068 r. Roger i jego ludzie pokonali muzułmanów pod Misilmeri, lecz ostateczne zwycięstwo miało dopiero nadejść. W 1091 r., po długim oblężeniu, Palermo wpadło w ręce Normanów. Saracenów wyparto z wyspy i tak narodziło się Królestwo Sycylii.","В XI веке Сицилия находилась под контролем мусульман. Ломбардская и византийская державы на материке начали нанимать норманнских наемников, потомков французов и викингов, чтобы решить эту проблему. И проблема была решена. Под предводительством Рожера I норманны напали на сарацинские армии на острове. Захватив Апулию и Калабрию, Рожер занял Мессину с армией из 700 рыцарей. В 1068 году Рожер и его люди разбили мусульман при Мизильмери, но решающая победа была еще впереди. В 1091 году после долгой осады Палермо перешел в руки норманнов. Сарацины были изгнаны с острова, и родилось Норманнское королевство Сицилия.","11세기 시칠리아는 무슬림의 지배하에 있었습니다. 본토의 랑고바르드족과 동로마는 프랑스인과 바이킹의 후손인 노르만인 용병들을 고용하여 이 문제를 해결하기 시작했습니다. 용병들은 문제 해결 능력이 뛰어났습니다. 루제루 1세 시절 노르만인들은 섬 내의 사라센 군대를 공격했습니다. 풀리아와 칼라브리아를 차지한 루제루 1세는 700명의 기사 부대로 메시나를 점령했습니다. 1068년 루제루 1세와 휘하 군대는 미실메리에서 무슬림들을 격퇴했으나 결정적인 승리를 거두지는 못했습니다. 1091년, 길고 긴 공성전 끝에 팔레르모가 노르만인에게 넘어갔습니다. 사라센인은 섬에서 쫓겨났고, 노르만인의 시칠리아 왕국이 탄생했습니다.",11世紀、シチリアはムスリムの支配下にあった。本土のランゴバルドとビザンツ勢はこの問題の対処にフランスとヴァイキングの末裔ノルマン傭兵を起用した。彼らは確かに問題に対処してみせた。ルッジェーロ1世の指揮下、ノルマン傭兵はこの島のサラセン軍を攻撃した。アプリアとカラブリアを奪うとルッジェーロはメッシーナを700名の騎士で占領した。1068年、ルッジェーロとその部下はミジルメーリのムスリムを撃退した。だが決定的勝利はまだ訪れていなかった。1091年、長い包囲戦の後、パレルモはノルマン勢の手に落ちた。サラセンは島から追い出され、ノルマン朝シチリア王国が誕生したのだ,在公元11世纪，西西里岛还处于穆斯林的控制之下。与此同时，内陆的伦巴第和拜占庭势力开始招募诺曼雇佣兵，也就是法兰西人和维京人的后裔，来准备处理西西里岛问题。他们确实解决了问题。在罗杰一世的领导下，诺曼人袭击了岛上的撒拉森军队。拿下阿普利亚和卡拉布里亚后，罗杰一世用700名骑兵占领了墨西拿。在1068年，罗杰一世和他的军队于穆苏梅里打败穆斯林，不过这还不是决定性的胜利。直到1091年，在长期的围攻之后，巴勒莫落入诺曼人之手，这时最终的胜利才到来。撒拉森人被赶出了西西里岛，西西里的诺曼王国就此诞生。,十一世紀，西西里島處於穆斯林的控制。大陸上的倫巴底和拜占庭勢力開始僱傭諾曼僱傭兵，即法國人和維京人的後裔，來解決這個問題。而他們也確實解決了。在魯傑羅一世的帶領下，諾曼人攻擊了島上的撒拉森人軍隊。奪取普利亞和卡拉布里亞後，魯傑羅率領700名騎士大軍佔領了美西納。1068年，魯傑羅和他的手下擊敗了義大利的穆斯林，但決定性的勝利尚未到來。1091年，經過長時間的圍攻，巴勒摩落入諾曼人之手。撒拉森人被趕出島，西西里島的諾曼王國因此誕生。,"Sicilya, 11. yüzyılda Müslümanların kontrolü altındaydı. Anakaradaki Lombard ve Bizans güçleri bu sorunu çözmek için Fransız ve Vikinglerin soyundan gelen Norman paralı askerlerini toplamaya başladı. Sorunu çözme konusunda başarılı da oldular. Normanlar, Roger I himayesinde adadaki Sarazen ordularına saldırdı. Roger, Apulia ve Calabria'yı aldıktan sonra Messina'yı 700 şövalyeden oluşan bir orduyla işgal etti. Roger ve adamları 1068 yılında Musulmeri'de Müslümanları yendi ancak kesin zafer burada gelmedi. 1091 yılında uzun bir kuşatmadan sonra Palermo, Norman kontrolüne geçti. Sarazenler adadan atıldı ve Sicilya Norman Krallığı kuruldu.","11वीं सदी में सिसली मुस्लिम नियंत्रण में था. समस्या के समाधान के लिए मेनलैंड पर लॉम्बार्ड और बाइज़ैंटाइन शक्तियों ने नॉर्मन भाड़े के सैनिकों, फ़्रांसीसी और वाइकिंग्स के वंशजों को खरीदना शुरू कर दिया. और उन्होंने समस्या का अच्छा समाधान भी किया. द्वीप पर रॉजर I के अधीन नॉर्मन्स ने सारासेन की सेनाओं पर हमला किया. अपुलिया और कैलब्रिया जीतने के बाद रॉजर ने 700 नाइट्स की सेना के साथ मेसीना पर कब्ज़ा किया. 1068 में रॉजर और उसके आदमियों ने मुसुल्मेरी के मुसलमानों को हरा दिया, लेकिन निर्णायक जीत आने में अभी समय था. 1091 में लम्बी घेरेबंदी के बाद पलेर्मो नॉर्मन के कब्ज़े में आ गया. सरसेन को द्वीप से बाहर फेंक दिया गया और सिसली के नॉर्मन किंगडम का जन्म हुआ.","Pada abad ke-11, Sisilia berada di bawah kendali Muslim. Pihak berwenang Lombardia dan Bizantium di dataran utama mulai merekrut tentara bayaran Normandia, keturunan Prancis, dan Viking, untuk mengatasi masalah itu. Kemudian, mereka berhasil mengatasinya. Di bawah pimpinan Roger I, bangsa Normandia menyerang tentara Saracen di pulau itu. Setelah menaklukkan Apulia dan Calabria, Roger menduduki Messina dengan tentara yang terdiri atas 700 kesatria. Pada tahun 1068, Roger dan orang-orangnya mengalahkan para Muslim di Misilmeri, tetapi kemenangan mutlak belum dicapai. Pada tahun 1091, setelah pengepungan yang panjang, Palermo jatuh ke tangan bangsa Normandia. Saracen diusir dari pulau, kemudian lahirlah Kerajaan Normandia Sisilia."
Laanemaa.description,"The Estonians of Läänemaa, known in medieval sources as the people of Rotalia or Maritima, occupied the coastal and inland regions of western Estonia facing the Baltic Sea. Their communities combined agriculture and animal husbandry with extensive maritime activity, including trade and seasonal raiding across the sea routes to Scandinavia. Organized into loosely allied clans centered around hillforts, the Läänemaa Estonians maintained both independence and prosperity through control of coastal trade and fishing grounds. By the decades before 1110, they had become an integral part of the western Estonian tribal network, balancing seafaring enterprise with strong local traditions.","Au XIe siècle, la Sicile était sous contrôle musulman. Les pouvoirs lombard et byzantin sur le continent commencèrent à recruter des mercenaires normands, descendants de Français et de Vikings, pour régler le problème. Et ils le réglèrent. Sous la direction de Roger Ier, les Normands attaquèrent les armées sarrasines de l'île. Après avoir pris les Pouilles et la Calabre, Roger occupa Messine avec une armée de 700 chevaliers. En 1068, Roger et ses hommes vainquirent les musulmans à Musulmeri, mais la victoire décisive restait encore à venir. En 1091, après un long siège, Palerme tomba aux mains des Normands. Les Sarrasins furent chassés de l'île, et le royaume normand de Sicile naquit.","Im 11. Jahrhundert befand sich Sizilien unter muslimischer Kontrolle. Die Armeen der Langobarden und Byzantiner auf dem Festland begannen, normannische Söldner anzuheuern, Nachkommen der Franzosen und Wikinger, um sich des Problems anzunehmen. Und das taten sie äußerst gründlich. Unter Roger I. griffen die Normannen die Armeen der Sarazenen auf der Insel an. Nachdem er Apulien und Kalabrien eingenommen hatte, besetzte Roger mit einer Armee von 700 Rittern Messina. Im Jahre 1068 schlugen Roger und seine Männer die Muslime bei Misilmeri in die Flucht, doch der entscheidende Sieg sollte noch folgen. Im Jahre 1091 fiel Palermo nach langer Belagerung in die Hand der Normannen. Die Sarazenen wurden von der Insel vertrieben, und das normannische Königreich Sizilien war geboren.","En el siglo XI, Sicilia estaba bajo control musulmán. Las potencias lombarda y bizantina del continente comenzaron a contratar a mercenarios normandos, descendientes de franceses y vikingos, para que se hicieran cargo del problema. Y eso hicieron: los normandos, bajo las órdenes de Roger I, atacaron a los ejércitos sarracenos en la isla. Después de tomar Apulia y Calabria, Roger ocupó Mesina con un ejército de 700 caballeros. En 1068, Roger y sus hombres derrotaron a los musulmanes en Musulmeri, pero la victoria decisiva aún estaba por llegar: en el año 1091, tras un largo asedio, Palermo cayó en manos normandas. Los sarracenos fueron expulsados de la isla y nació el reino normando de Sicilia.","W XI w. Sycylią rządzili muzułmanie. Kontynentalne ośrodki władzy, Lombardia oraz Bizancjum, aby pozbyć się kłopotu, postanowiły posłużyć się normańskimi najemnikami, potomkami Francuzów i wikingów. Plan się powiódł. Pod dowództwem Rogera I Normanowie uderzyli na armie Saracenów stacjonujące na wyspie. Po zajęciu Apulii i Kalabrii wojska Rogera w sile siedmiuset rycerzy rozpoczęły okupację Mesyny. W 1068 r. Roger i jego ludzie pokonali muzułmanów pod Misilmeri, lecz ostateczne zwycięstwo miało dopiero nadejść. W 1091 r., po długim oblężeniu, Palermo wpadło w ręce Normanów. Saracenów wyparto z wyspy i tak narodziło się Królestwo Sycylii.","В XI веке Сицилия находилась под контролем мусульман. Ломбардская и византийская державы на материке начали нанимать норманнских наемников, потомков французов и викингов, чтобы решить эту проблему. И проблема была решена. Под предводительством Рожера I норманны напали на сарацинские армии на острове. Захватив Апулию и Калабрию, Рожер занял Мессину с армией из 700 рыцарей. В 1068 году Рожер и его люди разбили мусульман при Мизильмери, но решающая победа была еще впереди. В 1091 году после долгой осады Палермо перешел в руки норманнов. Сарацины были изгнаны с острова, и родилось Норманнское королевство Сицилия.","11세기 시칠리아는 무슬림의 지배하에 있었습니다. 본토의 랑고바르드족과 동로마는 프랑스인과 바이킹의 후손인 노르만인 용병들을 고용하여 이 문제를 해결하기 시작했습니다. 용병들은 문제 해결 능력이 뛰어났습니다. 루제루 1세 시절 노르만인들은 섬 내의 사라센 군대를 공격했습니다. 풀리아와 칼라브리아를 차지한 루제루 1세는 700명의 기사 부대로 메시나를 점령했습니다. 1068년 루제루 1세와 휘하 군대는 미실메리에서 무슬림들을 격퇴했으나 결정적인 승리를 거두지는 못했습니다. 1091년, 길고 긴 공성전 끝에 팔레르모가 노르만인에게 넘어갔습니다. 사라센인은 섬에서 쫓겨났고, 노르만인의 시칠리아 왕국이 탄생했습니다.",11世紀、シチリアはムスリムの支配下にあった。本土のランゴバルドとビザンツ勢はこの問題の対処にフランスとヴァイキングの末裔ノルマン傭兵を起用した。彼らは確かに問題に対処してみせた。ルッジェーロ1世の指揮下、ノルマン傭兵はこの島のサラセン軍を攻撃した。アプリアとカラブリアを奪うとルッジェーロはメッシーナを700名の騎士で占領した。1068年、ルッジェーロとその部下はミジルメーリのムスリムを撃退した。だが決定的勝利はまだ訪れていなかった。1091年、長い包囲戦の後、パレルモはノルマン勢の手に落ちた。サラセンは島から追い出され、ノルマン朝シチリア王国が誕生したのだ,在公元11世纪，西西里岛还处于穆斯林的控制之下。与此同时，内陆的伦巴第和拜占庭势力开始招募诺曼雇佣兵，也就是法兰西人和维京人的后裔，来准备处理西西里岛问题。他们确实解决了问题。在罗杰一世的领导下，诺曼人袭击了岛上的撒拉森军队。拿下阿普利亚和卡拉布里亚后，罗杰一世用700名骑兵占领了墨西拿。在1068年，罗杰一世和他的军队于穆苏梅里打败穆斯林，不过这还不是决定性的胜利。直到1091年，在长期的围攻之后，巴勒莫落入诺曼人之手，这时最终的胜利才到来。撒拉森人被赶出了西西里岛，西西里的诺曼王国就此诞生。,十一世紀，西西里島處於穆斯林的控制。大陸上的倫巴底和拜占庭勢力開始僱傭諾曼僱傭兵，即法國人和維京人的後裔，來解決這個問題。而他們也確實解決了。在魯傑羅一世的帶領下，諾曼人攻擊了島上的撒拉森人軍隊。奪取普利亞和卡拉布里亞後，魯傑羅率領700名騎士大軍佔領了美西納。1068年，魯傑羅和他的手下擊敗了義大利的穆斯林，但決定性的勝利尚未到來。1091年，經過長時間的圍攻，巴勒摩落入諾曼人之手。撒拉森人被趕出島，西西里島的諾曼王國因此誕生。,"Sicilya, 11. yüzyılda Müslümanların kontrolü altındaydı. Anakaradaki Lombard ve Bizans güçleri bu sorunu çözmek için Fransız ve Vikinglerin soyundan gelen Norman paralı askerlerini toplamaya başladı. Sorunu çözme konusunda başarılı da oldular. Normanlar, Roger I himayesinde adadaki Sarazen ordularına saldırdı. Roger, Apulia ve Calabria'yı aldıktan sonra Messina'yı 700 şövalyeden oluşan bir orduyla işgal etti. Roger ve adamları 1068 yılında Musulmeri'de Müslümanları yendi ancak kesin zafer burada gelmedi. 1091 yılında uzun bir kuşatmadan sonra Palermo, Norman kontrolüne geçti. Sarazenler adadan atıldı ve Sicilya Norman Krallığı kuruldu.","11वीं सदी में सिसली मुस्लिम नियंत्रण में था. समस्या के समाधान के लिए मेनलैंड पर लॉम्बार्ड और बाइज़ैंटाइन शक्तियों ने नॉर्मन भाड़े के सैनिकों, फ़्रांसीसी और वाइकिंग्स के वंशजों को खरीदना शुरू कर दिया. और उन्होंने समस्या का अच्छा समाधान भी किया. द्वीप पर रॉजर I के अधीन नॉर्मन्स ने सारासेन की सेनाओं पर हमला किया. अपुलिया और कैलब्रिया जीतने के बाद रॉजर ने 700 नाइट्स की सेना के साथ मेसीना पर कब्ज़ा किया. 1068 में रॉजर और उसके आदमियों ने मुसुल्मेरी के मुसलमानों को हरा दिया, लेकिन निर्णायक जीत आने में अभी समय था. 1091 में लम्बी घेरेबंदी के बाद पलेर्मो नॉर्मन के कब्ज़े में आ गया. सरसेन को द्वीप से बाहर फेंक दिया गया और सिसली के नॉर्मन किंगडम का जन्म हुआ.","Pada abad ke-11, Sisilia berada di bawah kendali Muslim. Pihak berwenang Lombardia dan Bizantium di dataran utama mulai merekrut tentara bayaran Normandia, keturunan Prancis, dan Viking, untuk mengatasi masalah itu. Kemudian, mereka berhasil mengatasinya. Di bawah pimpinan Roger I, bangsa Normandia menyerang tentara Saracen di pulau itu. Setelah menaklukkan Apulia dan Calabria, Roger menduduki Messina dengan tentara yang terdiri atas 700 kesatria. Pada tahun 1068, Roger dan orang-orangnya mengalahkan para Muslim di Misilmeri, tetapi kemenangan mutlak belum dicapai. Pada tahun 1091, setelah pengepungan yang panjang, Palermo jatuh ke tangan bangsa Normandia. Saracen diusir dari pulau, kemudian lahirlah Kerajaan Normandia Sisilia."
Tavastians.description,"The Tavastians were a Finnish tribe inhabiting the inland regions of southern Finland, particularly around the lakes and forests of Häme. Living in semi-independent clans, they practiced mixed farming, hunting, and trade, maintaining a distinct cultural identity apart from neighboring Baltic and Scandinavian peoples. The Tavastians interacted through both commerce and conflict with the coastal Finns, Karelians, and emerging Swedish and Novgorodian spheres of influence. By the decades before 1110, they had established themselves as one of the principal Finnish tribes, preserving their autonomy deep within the forests of the northern Baltic region.","Au XIe siècle, la Sicile était sous contrôle musulman. Les pouvoirs lombard et byzantin sur le continent commencèrent à recruter des mercenaires normands, descendants de Français et de Vikings, pour régler le problème. Et ils le réglèrent. Sous la direction de Roger Ier, les Normands attaquèrent les armées sarrasines de l'île. Après avoir pris les Pouilles et la Calabre, Roger occupa Messine avec une armée de 700 chevaliers. En 1068, Roger et ses hommes vainquirent les musulmans à Musulmeri, mais la victoire décisive restait encore à venir. En 1091, après un long siège, Palerme tomba aux mains des Normands. Les Sarrasins furent chassés de l'île, et le royaume normand de Sicile naquit.","Im 11. Jahrhundert befand sich Sizilien unter muslimischer Kontrolle. Die Armeen der Langobarden und Byzantiner auf dem Festland begannen, normannische Söldner anzuheuern, Nachkommen der Franzosen und Wikinger, um sich des Problems anzunehmen. Und das taten sie äußerst gründlich. Unter Roger I. griffen die Normannen die Armeen der Sarazenen auf der Insel an. Nachdem er Apulien und Kalabrien eingenommen hatte, besetzte Roger mit einer Armee von 700 Rittern Messina. Im Jahre 1068 schlugen Roger und seine Männer die Muslime bei Misilmeri in die Flucht, doch der entscheidende Sieg sollte noch folgen. Im Jahre 1091 fiel Palermo nach langer Belagerung in die Hand der Normannen. Die Sarazenen wurden von der Insel vertrieben, und das normannische Königreich Sizilien war geboren.","En el siglo XI, Sicilia estaba bajo control musulmán. Las potencias lombarda y bizantina del continente comenzaron a contratar a mercenarios normandos, descendientes de franceses y vikingos, para que se hicieran cargo del problema. Y eso hicieron: los normandos, bajo las órdenes de Roger I, atacaron a los ejércitos sarracenos en la isla. Después de tomar Apulia y Calabria, Roger ocupó Mesina con un ejército de 700 caballeros. En 1068, Roger y sus hombres derrotaron a los musulmanes en Musulmeri, pero la victoria decisiva aún estaba por llegar: en el año 1091, tras un largo asedio, Palermo cayó en manos normandas. Los sarracenos fueron expulsados de la isla y nació el reino normando de Sicilia.","W XI w. Sycylią rządzili muzułmanie. Kontynentalne ośrodki władzy, Lombardia oraz Bizancjum, aby pozbyć się kłopotu, postanowiły posłużyć się normańskimi najemnikami, potomkami Francuzów i wikingów. Plan się powiódł. Pod dowództwem Rogera I Normanowie uderzyli na armie Saracenów stacjonujące na wyspie. Po zajęciu Apulii i Kalabrii wojska Rogera w sile siedmiuset rycerzy rozpoczęły okupację Mesyny. W 1068 r. Roger i jego ludzie pokonali muzułmanów pod Misilmeri, lecz ostateczne zwycięstwo miało dopiero nadejść. W 1091 r., po długim oblężeniu, Palermo wpadło w ręce Normanów. Saracenów wyparto z wyspy i tak narodziło się Królestwo Sycylii.","В XI веке Сицилия находилась под контролем мусульман. Ломбардская и византийская державы на материке начали нанимать норманнских наемников, потомков французов и викингов, чтобы решить эту проблему. И проблема была решена. Под предводительством Рожера I норманны напали на сарацинские армии на острове. Захватив Апулию и Калабрию, Рожер занял Мессину с армией из 700 рыцарей. В 1068 году Рожер и его люди разбили мусульман при Мизильмери, но решающая победа была еще впереди. В 1091 году после долгой осады Палермо перешел в руки норманнов. Сарацины были изгнаны с острова, и родилось Норманнское королевство Сицилия.","11세기 시칠리아는 무슬림의 지배하에 있었습니다. 본토의 랑고바르드족과 동로마는 프랑스인과 바이킹의 후손인 노르만인 용병들을 고용하여 이 문제를 해결하기 시작했습니다. 용병들은 문제 해결 능력이 뛰어났습니다. 루제루 1세 시절 노르만인들은 섬 내의 사라센 군대를 공격했습니다. 풀리아와 칼라브리아를 차지한 루제루 1세는 700명의 기사 부대로 메시나를 점령했습니다. 1068년 루제루 1세와 휘하 군대는 미실메리에서 무슬림들을 격퇴했으나 결정적인 승리를 거두지는 못했습니다. 1091년, 길고 긴 공성전 끝에 팔레르모가 노르만인에게 넘어갔습니다. 사라센인은 섬에서 쫓겨났고, 노르만인의 시칠리아 왕국이 탄생했습니다.",11世紀、シチリアはムスリムの支配下にあった。本土のランゴバルドとビザンツ勢はこの問題の対処にフランスとヴァイキングの末裔ノルマン傭兵を起用した。彼らは確かに問題に対処してみせた。ルッジェーロ1世の指揮下、ノルマン傭兵はこの島のサラセン軍を攻撃した。アプリアとカラブリアを奪うとルッジェーロはメッシーナを700名の騎士で占領した。1068年、ルッジェーロとその部下はミジルメーリのムスリムを撃退した。だが決定的勝利はまだ訪れていなかった。1091年、長い包囲戦の後、パレルモはノルマン勢の手に落ちた。サラセンは島から追い出され、ノルマン朝シチリア王国が誕生したのだ,在公元11世纪，西西里岛还处于穆斯林的控制之下。与此同时，内陆的伦巴第和拜占庭势力开始招募诺曼雇佣兵，也就是法兰西人和维京人的后裔，来准备处理西西里岛问题。他们确实解决了问题。在罗杰一世的领导下，诺曼人袭击了岛上的撒拉森军队。拿下阿普利亚和卡拉布里亚后，罗杰一世用700名骑兵占领了墨西拿。在1068年，罗杰一世和他的军队于穆苏梅里打败穆斯林，不过这还不是决定性的胜利。直到1091年，在长期的围攻之后，巴勒莫落入诺曼人之手，这时最终的胜利才到来。撒拉森人被赶出了西西里岛，西西里的诺曼王国就此诞生。,十一世紀，西西里島處於穆斯林的控制。大陸上的倫巴底和拜占庭勢力開始僱傭諾曼僱傭兵，即法國人和維京人的後裔，來解決這個問題。而他們也確實解決了。在魯傑羅一世的帶領下，諾曼人攻擊了島上的撒拉森人軍隊。奪取普利亞和卡拉布里亞後，魯傑羅率領700名騎士大軍佔領了美西納。1068年，魯傑羅和他的手下擊敗了義大利的穆斯林，但決定性的勝利尚未到來。1091年，經過長時間的圍攻，巴勒摩落入諾曼人之手。撒拉森人被趕出島，西西里島的諾曼王國因此誕生。,"Sicilya, 11. yüzyılda Müslümanların kontrolü altındaydı. Anakaradaki Lombard ve Bizans güçleri bu sorunu çözmek için Fransız ve Vikinglerin soyundan gelen Norman paralı askerlerini toplamaya başladı. Sorunu çözme konusunda başarılı da oldular. Normanlar, Roger I himayesinde adadaki Sarazen ordularına saldırdı. Roger, Apulia ve Calabria'yı aldıktan sonra Messina'yı 700 şövalyeden oluşan bir orduyla işgal etti. Roger ve adamları 1068 yılında Musulmeri'de Müslümanları yendi ancak kesin zafer burada gelmedi. 1091 yılında uzun bir kuşatmadan sonra Palermo, Norman kontrolüne geçti. Sarazenler adadan atıldı ve Sicilya Norman Krallığı kuruldu.","11वीं सदी में सिसली मुस्लिम नियंत्रण में था. समस्या के समाधान के लिए मेनलैंड पर लॉम्बार्ड और बाइज़ैंटाइन शक्तियों ने नॉर्मन भाड़े के सैनिकों, फ़्रांसीसी और वाइकिंग्स के वंशजों को खरीदना शुरू कर दिया. और उन्होंने समस्या का अच्छा समाधान भी किया. द्वीप पर रॉजर I के अधीन नॉर्मन्स ने सारासेन की सेनाओं पर हमला किया. अपुलिया और कैलब्रिया जीतने के बाद रॉजर ने 700 नाइट्स की सेना के साथ मेसीना पर कब्ज़ा किया. 1068 में रॉजर और उसके आदमियों ने मुसुल्मेरी के मुसलमानों को हरा दिया, लेकिन निर्णायक जीत आने में अभी समय था. 1091 में लम्बी घेरेबंदी के बाद पलेर्मो नॉर्मन के कब्ज़े में आ गया. सरसेन को द्वीप से बाहर फेंक दिया गया और सिसली के नॉर्मन किंगडम का जन्म हुआ.","Pada abad ke-11, Sisilia berada di bawah kendali Muslim. Pihak berwenang Lombardia dan Bizantium di dataran utama mulai merekrut tentara bayaran Normandia, keturunan Prancis, dan Viking, untuk mengatasi masalah itu. Kemudian, mereka berhasil mengatasinya. Di bawah pimpinan Roger I, bangsa Normandia menyerang tentara Saracen di pulau itu. Setelah menaklukkan Apulia dan Calabria, Roger menduduki Messina dengan tentara yang terdiri atas 700 kesatria. Pada tahun 1068, Roger dan orang-orangnya mengalahkan para Muslim di Misilmeri, tetapi kemenangan mutlak belum dicapai. Pada tahun 1091, setelah pengepungan yang panjang, Palermo jatuh ke tangan bangsa Normandia. Saracen diusir dari pulau, kemudian lahirlah Kerajaan Normandia Sisilia."
Alba.description,"The Kingdom of Alba, the early medieval precursor of Scotland, emerged from the unification of the Picts and Scots under the descendants of Kenneth MacAlpin in the 9th and 10th centuries. By the 11th century, Alba had consolidated its heartlands between the Forth and Moray Firth, while gradually extending royal influence into the Highlands and the southwest. The reigns of kings such as Malcolm II and Macbeth reflected both internal consolidation and interaction with powerful neighbors, especially England and Norse-held territories. By the decades before 1110, Alba stood as a distinct and increasingly centralized kingdom, laying the foundations for the medieval Scottish realm.","Au XIe siècle, la Sicile était sous contrôle musulman. Les pouvoirs lombard et byzantin sur le continent commencèrent à recruter des mercenaires normands, descendants de Français et de Vikings, pour régler le problème. Et ils le réglèrent. Sous la direction de Roger Ier, les Normands attaquèrent les armées sarrasines de l'île. Après avoir pris les Pouilles et la Calabre, Roger occupa Messine avec une armée de 700 chevaliers. En 1068, Roger et ses hommes vainquirent les musulmans à Musulmeri, mais la victoire décisive restait encore à venir. En 1091, après un long siège, Palerme tomba aux mains des Normands. Les Sarrasins furent chassés de l'île, et le royaume normand de Sicile naquit.","Im 11. Jahrhundert befand sich Sizilien unter muslimischer Kontrolle. Die Armeen der Langobarden und Byzantiner auf dem Festland begannen, normannische Söldner anzuheuern, Nachkommen der Franzosen und Wikinger, um sich des Problems anzunehmen. Und das taten sie äußerst gründlich. Unter Roger I. griffen die Normannen die Armeen der Sarazenen auf der Insel an. Nachdem er Apulien und Kalabrien eingenommen hatte, besetzte Roger mit einer Armee von 700 Rittern Messina. Im Jahre 1068 schlugen Roger und seine Männer die Muslime bei Misilmeri in die Flucht, doch der entscheidende Sieg sollte noch folgen. Im Jahre 1091 fiel Palermo nach langer Belagerung in die Hand der Normannen. Die Sarazenen wurden von der Insel vertrieben, und das normannische Königreich Sizilien war geboren.","En el siglo XI, Sicilia estaba bajo control musulmán. Las potencias lombarda y bizantina del continente comenzaron a contratar a mercenarios normandos, descendientes de franceses y vikingos, para que se hicieran cargo del problema. Y eso hicieron: los normandos, bajo las órdenes de Roger I, atacaron a los ejércitos sarracenos en la isla. Después de tomar Apulia y Calabria, Roger ocupó Mesina con un ejército de 700 caballeros. En 1068, Roger y sus hombres derrotaron a los musulmanes en Musulmeri, pero la victoria decisiva aún estaba por llegar: en el año 1091, tras un largo asedio, Palermo cayó en manos normandas. Los sarracenos fueron expulsados de la isla y nació el reino normando de Sicilia.","W XI w. Sycylią rządzili muzułmanie. Kontynentalne ośrodki władzy, Lombardia oraz Bizancjum, aby pozbyć się kłopotu, postanowiły posłużyć się normańskimi najemnikami, potomkami Francuzów i wikingów. Plan się powiódł. Pod dowództwem Rogera I Normanowie uderzyli na armie Saracenów stacjonujące na wyspie. Po zajęciu Apulii i Kalabrii wojska Rogera w sile siedmiuset rycerzy rozpoczęły okupację Mesyny. W 1068 r. Roger i jego ludzie pokonali muzułmanów pod Misilmeri, lecz ostateczne zwycięstwo miało dopiero nadejść. W 1091 r., po długim oblężeniu, Palermo wpadło w ręce Normanów. Saracenów wyparto z wyspy i tak narodziło się Królestwo Sycylii.","В XI веке Сицилия находилась под контролем мусульман. Ломбардская и византийская державы на материке начали нанимать норманнских наемников, потомков французов и викингов, чтобы решить эту проблему. И проблема была решена. Под предводительством Рожера I норманны напали на сарацинские армии на острове. Захватив Апулию и Калабрию, Рожер занял Мессину с армией из 700 рыцарей. В 1068 году Рожер и его люди разбили мусульман при Мизильмери, но решающая победа была еще впереди. В 1091 году после долгой осады Палермо перешел в руки норманнов. Сарацины были изгнаны с острова, и родилось Норманнское королевство Сицилия.","11세기 시칠리아는 무슬림의 지배하에 있었습니다. 본토의 랑고바르드족과 동로마는 프랑스인과 바이킹의 후손인 노르만인 용병들을 고용하여 이 문제를 해결하기 시작했습니다. 용병들은 문제 해결 능력이 뛰어났습니다. 루제루 1세 시절 노르만인들은 섬 내의 사라센 군대를 공격했습니다. 풀리아와 칼라브리아를 차지한 루제루 1세는 700명의 기사 부대로 메시나를 점령했습니다. 1068년 루제루 1세와 휘하 군대는 미실메리에서 무슬림들을 격퇴했으나 결정적인 승리를 거두지는 못했습니다. 1091년, 길고 긴 공성전 끝에 팔레르모가 노르만인에게 넘어갔습니다. 사라센인은 섬에서 쫓겨났고, 노르만인의 시칠리아 왕국이 탄생했습니다.",11世紀、シチリアはムスリムの支配下にあった。本土のランゴバルドとビザンツ勢はこの問題の対処にフランスとヴァイキングの末裔ノルマン傭兵を起用した。彼らは確かに問題に対処してみせた。ルッジェーロ1世の指揮下、ノルマン傭兵はこの島のサラセン軍を攻撃した。アプリアとカラブリアを奪うとルッジェーロはメッシーナを700名の騎士で占領した。1068年、ルッジェーロとその部下はミジルメーリのムスリムを撃退した。だが決定的勝利はまだ訪れていなかった。1091年、長い包囲戦の後、パレルモはノルマン勢の手に落ちた。サラセンは島から追い出され、ノルマン朝シチリア王国が誕生したのだ,在公元11世纪，西西里岛还处于穆斯林的控制之下。与此同时，内陆的伦巴第和拜占庭势力开始招募诺曼雇佣兵，也就是法兰西人和维京人的后裔，来准备处理西西里岛问题。他们确实解决了问题。在罗杰一世的领导下，诺曼人袭击了岛上的撒拉森军队。拿下阿普利亚和卡拉布里亚后，罗杰一世用700名骑兵占领了墨西拿。在1068年，罗杰一世和他的军队于穆苏梅里打败穆斯林，不过这还不是决定性的胜利。直到1091年，在长期的围攻之后，巴勒莫落入诺曼人之手，这时最终的胜利才到来。撒拉森人被赶出了西西里岛，西西里的诺曼王国就此诞生。,十一世紀，西西里島處於穆斯林的控制。大陸上的倫巴底和拜占庭勢力開始僱傭諾曼僱傭兵，即法國人和維京人的後裔，來解決這個問題。而他們也確實解決了。在魯傑羅一世的帶領下，諾曼人攻擊了島上的撒拉森人軍隊。奪取普利亞和卡拉布里亞後，魯傑羅率領700名騎士大軍佔領了美西納。1068年，魯傑羅和他的手下擊敗了義大利的穆斯林，但決定性的勝利尚未到來。1091年，經過長時間的圍攻，巴勒摩落入諾曼人之手。撒拉森人被趕出島，西西里島的諾曼王國因此誕生。,"Sicilya, 11. yüzyılda Müslümanların kontrolü altındaydı. Anakaradaki Lombard ve Bizans güçleri bu sorunu çözmek için Fransız ve Vikinglerin soyundan gelen Norman paralı askerlerini toplamaya başladı. Sorunu çözme konusunda başarılı da oldular. Normanlar, Roger I himayesinde adadaki Sarazen ordularına saldırdı. Roger, Apulia ve Calabria'yı aldıktan sonra Messina'yı 700 şövalyeden oluşan bir orduyla işgal etti. Roger ve adamları 1068 yılında Musulmeri'de Müslümanları yendi ancak kesin zafer burada gelmedi. 1091 yılında uzun bir kuşatmadan sonra Palermo, Norman kontrolüne geçti. Sarazenler adadan atıldı ve Sicilya Norman Krallığı kuruldu.","11वीं सदी में सिसली मुस्लिम नियंत्रण में था. समस्या के समाधान के लिए मेनलैंड पर लॉम्बार्ड और बाइज़ैंटाइन शक्तियों ने नॉर्मन भाड़े के सैनिकों, फ़्रांसीसी और वाइकिंग्स के वंशजों को खरीदना शुरू कर दिया. और उन्होंने समस्या का अच्छा समाधान भी किया. द्वीप पर रॉजर I के अधीन नॉर्मन्स ने सारासेन की सेनाओं पर हमला किया. अपुलिया और कैलब्रिया जीतने के बाद रॉजर ने 700 नाइट्स की सेना के साथ मेसीना पर कब्ज़ा किया. 1068 में रॉजर और उसके आदमियों ने मुसुल्मेरी के मुसलमानों को हरा दिया, लेकिन निर्णायक जीत आने में अभी समय था. 1091 में लम्बी घेरेबंदी के बाद पलेर्मो नॉर्मन के कब्ज़े में आ गया. सरसेन को द्वीप से बाहर फेंक दिया गया और सिसली के नॉर्मन किंगडम का जन्म हुआ.","Pada abad ke-11, Sisilia berada di bawah kendali Muslim. Pihak berwenang Lombardia dan Bizantium di dataran utama mulai merekrut tentara bayaran Normandia, keturunan Prancis, dan Viking, untuk mengatasi masalah itu. Kemudian, mereka berhasil mengatasinya. Di bawah pimpinan Roger I, bangsa Normandia menyerang tentara Saracen di pulau itu. Setelah menaklukkan Apulia dan Calabria, Roger menduduki Messina dengan tentara yang terdiri atas 700 kesatria. Pada tahun 1068, Roger dan orang-orangnya mengalahkan para Muslim di Misilmeri, tetapi kemenangan mutlak belum dicapai. Pada tahun 1091, setelah pengepungan yang panjang, Palermo jatuh ke tangan bangsa Normandia. Saracen diusir dari pulau, kemudian lahirlah Kerajaan Normandia Sisilia."
Cumbria.description,"The Princedom of the Cumbrians, often associated with the former Kingdom of Strathclyde, occupied the lands between the River Clyde and the Solway Firth, extending at times into what is now northern England. By the late 11th century, its autonomy had waned as the region came under the influence of the expanding Scottish kingdom of Alba. During the early 12th century, the area was granted to Prince David (the future David I of Scotland), who governed it as a semi-independent lordship and used it as a base for consolidating royal power in the south. By the decades before 1110, Cumbria had become a frontier principality, bridging Gaelic Scotland and Anglo-Saxon Northumbria while foreshadowing the later unification of the Scottish realm.","Au XIe siècle, la Sicile était sous contrôle musulman. Les pouvoirs lombard et byzantin sur le continent commencèrent à recruter des mercenaires normands, descendants de Français et de Vikings, pour régler le problème. Et ils le réglèrent. Sous la direction de Roger Ier, les Normands attaquèrent les armées sarrasines de l'île. Après avoir pris les Pouilles et la Calabre, Roger occupa Messine avec une armée de 700 chevaliers. En 1068, Roger et ses hommes vainquirent les musulmans à Musulmeri, mais la victoire décisive restait encore à venir. En 1091, après un long siège, Palerme tomba aux mains des Normands. Les Sarrasins furent chassés de l'île, et le royaume normand de Sicile naquit.","Im 11. Jahrhundert befand sich Sizilien unter muslimischer Kontrolle. Die Armeen der Langobarden und Byzantiner auf dem Festland begannen, normannische Söldner anzuheuern, Nachkommen der Franzosen und Wikinger, um sich des Problems anzunehmen. Und das taten sie äußerst gründlich. Unter Roger I. griffen die Normannen die Armeen der Sarazenen auf der Insel an. Nachdem er Apulien und Kalabrien eingenommen hatte, besetzte Roger mit einer Armee von 700 Rittern Messina. Im Jahre 1068 schlugen Roger und seine Männer die Muslime bei Misilmeri in die Flucht, doch der entscheidende Sieg sollte noch folgen. Im Jahre 1091 fiel Palermo nach langer Belagerung in die Hand der Normannen. Die Sarazenen wurden von der Insel vertrieben, und das normannische Königreich Sizilien war geboren.","En el siglo XI, Sicilia estaba bajo control musulmán. Las potencias lombarda y bizantina del continente comenzaron a contratar a mercenarios normandos, descendientes de franceses y vikingos, para que se hicieran cargo del problema. Y eso hicieron: los normandos, bajo las órdenes de Roger I, atacaron a los ejércitos sarracenos en la isla. Después de tomar Apulia y Calabria, Roger ocupó Mesina con un ejército de 700 caballeros. En 1068, Roger y sus hombres derrotaron a los musulmanes en Musulmeri, pero la victoria decisiva aún estaba por llegar: en el año 1091, tras un largo asedio, Palermo cayó en manos normandas. Los sarracenos fueron expulsados de la isla y nació el reino normando de Sicilia.","W XI w. Sycylią rządzili muzułmanie. Kontynentalne ośrodki władzy, Lombardia oraz Bizancjum, aby pozbyć się kłopotu, postanowiły posłużyć się normańskimi najemnikami, potomkami Francuzów i wikingów. Plan się powiódł. Pod dowództwem Rogera I Normanowie uderzyli na armie Saracenów stacjonujące na wyspie. Po zajęciu Apulii i Kalabrii wojska Rogera w sile siedmiuset rycerzy rozpoczęły okupację Mesyny. W 1068 r. Roger i jego ludzie pokonali muzułmanów pod Misilmeri, lecz ostateczne zwycięstwo miało dopiero nadejść. W 1091 r., po długim oblężeniu, Palermo wpadło w ręce Normanów. Saracenów wyparto z wyspy i tak narodziło się Królestwo Sycylii.","В XI веке Сицилия находилась под контролем мусульман. Ломбардская и византийская державы на материке начали нанимать норманнских наемников, потомков французов и викингов, чтобы решить эту проблему. И проблема была решена. Под предводительством Рожера I норманны напали на сарацинские армии на острове. Захватив Апулию и Калабрию, Рожер занял Мессину с армией из 700 рыцарей. В 1068 году Рожер и его люди разбили мусульман при Мизильмери, но решающая победа была еще впереди. В 1091 году после долгой осады Палермо перешел в руки норманнов. Сарацины были изгнаны с острова, и родилось Норманнское королевство Сицилия.","11세기 시칠리아는 무슬림의 지배하에 있었습니다. 본토의 랑고바르드족과 동로마는 프랑스인과 바이킹의 후손인 노르만인 용병들을 고용하여 이 문제를 해결하기 시작했습니다. 용병들은 문제 해결 능력이 뛰어났습니다. 루제루 1세 시절 노르만인들은 섬 내의 사라센 군대를 공격했습니다. 풀리아와 칼라브리아를 차지한 루제루 1세는 700명의 기사 부대로 메시나를 점령했습니다. 1068년 루제루 1세와 휘하 군대는 미실메리에서 무슬림들을 격퇴했으나 결정적인 승리를 거두지는 못했습니다. 1091년, 길고 긴 공성전 끝에 팔레르모가 노르만인에게 넘어갔습니다. 사라센인은 섬에서 쫓겨났고, 노르만인의 시칠리아 왕국이 탄생했습니다.",11世紀、シチリアはムスリムの支配下にあった。本土のランゴバルドとビザンツ勢はこの問題の対処にフランスとヴァイキングの末裔ノルマン傭兵を起用した。彼らは確かに問題に対処してみせた。ルッジェーロ1世の指揮下、ノルマン傭兵はこの島のサラセン軍を攻撃した。アプリアとカラブリアを奪うとルッジェーロはメッシーナを700名の騎士で占領した。1068年、ルッジェーロとその部下はミジルメーリのムスリムを撃退した。だが決定的勝利はまだ訪れていなかった。1091年、長い包囲戦の後、パレルモはノルマン勢の手に落ちた。サラセンは島から追い出され、ノルマン朝シチリア王国が誕生したのだ,在公元11世纪，西西里岛还处于穆斯林的控制之下。与此同时，内陆的伦巴第和拜占庭势力开始招募诺曼雇佣兵，也就是法兰西人和维京人的后裔，来准备处理西西里岛问题。他们确实解决了问题。在罗杰一世的领导下，诺曼人袭击了岛上的撒拉森军队。拿下阿普利亚和卡拉布里亚后，罗杰一世用700名骑兵占领了墨西拿。在1068年，罗杰一世和他的军队于穆苏梅里打败穆斯林，不过这还不是决定性的胜利。直到1091年，在长期的围攻之后，巴勒莫落入诺曼人之手，这时最终的胜利才到来。撒拉森人被赶出了西西里岛，西西里的诺曼王国就此诞生。,十一世紀，西西里島處於穆斯林的控制。大陸上的倫巴底和拜占庭勢力開始僱傭諾曼僱傭兵，即法國人和維京人的後裔，來解決這個問題。而他們也確實解決了。在魯傑羅一世的帶領下，諾曼人攻擊了島上的撒拉森人軍隊。奪取普利亞和卡拉布里亞後，魯傑羅率領700名騎士大軍佔領了美西納。1068年，魯傑羅和他的手下擊敗了義大利的穆斯林，但決定性的勝利尚未到來。1091年，經過長時間的圍攻，巴勒摩落入諾曼人之手。撒拉森人被趕出島，西西里島的諾曼王國因此誕生。,"Sicilya, 11. yüzyılda Müslümanların kontrolü altındaydı. Anakaradaki Lombard ve Bizans güçleri bu sorunu çözmek için Fransız ve Vikinglerin soyundan gelen Norman paralı askerlerini toplamaya başladı. Sorunu çözme konusunda başarılı da oldular. Normanlar, Roger I himayesinde adadaki Sarazen ordularına saldırdı. Roger, Apulia ve Calabria'yı aldıktan sonra Messina'yı 700 şövalyeden oluşan bir orduyla işgal etti. Roger ve adamları 1068 yılında Musulmeri'de Müslümanları yendi ancak kesin zafer burada gelmedi. 1091 yılında uzun bir kuşatmadan sonra Palermo, Norman kontrolüne geçti. Sarazenler adadan atıldı ve Sicilya Norman Krallığı kuruldu.","11वीं सदी में सिसली मुस्लिम नियंत्रण में था. समस्या के समाधान के लिए मेनलैंड पर लॉम्बार्ड और बाइज़ैंटाइन शक्तियों ने नॉर्मन भाड़े के सैनिकों, फ़्रांसीसी और वाइकिंग्स के वंशजों को खरीदना शुरू कर दिया. और उन्होंने समस्या का अच्छा समाधान भी किया. द्वीप पर रॉजर I के अधीन नॉर्मन्स ने सारासेन की सेनाओं पर हमला किया. अपुलिया और कैलब्रिया जीतने के बाद रॉजर ने 700 नाइट्स की सेना के साथ मेसीना पर कब्ज़ा किया. 1068 में रॉजर और उसके आदमियों ने मुसुल्मेरी के मुसलमानों को हरा दिया, लेकिन निर्णायक जीत आने में अभी समय था. 1091 में लम्बी घेरेबंदी के बाद पलेर्मो नॉर्मन के कब्ज़े में आ गया. सरसेन को द्वीप से बाहर फेंक दिया गया और सिसली के नॉर्मन किंगडम का जन्म हुआ.","Pada abad ke-11, Sisilia berada di bawah kendali Muslim. Pihak berwenang Lombardia dan Bizantium di dataran utama mulai merekrut tentara bayaran Normandia, keturunan Prancis, dan Viking, untuk mengatasi masalah itu. Kemudian, mereka berhasil mengatasinya. Di bawah pimpinan Roger I, bangsa Normandia menyerang tentara Saracen di pulau itu. Setelah menaklukkan Apulia dan Calabria, Roger menduduki Messina dengan tentara yang terdiri atas 700 kesatria. Pada tahun 1068, Roger dan orang-orangnya mengalahkan para Muslim di Misilmeri, tetapi kemenangan mutlak belum dicapai. Pada tahun 1091, setelah pengepungan yang panjang, Palermo jatuh ke tangan bangsa Normandia. Saracen diusir dari pulau, kemudian lahirlah Kerajaan Normandia Sisilia."
Moray.description,"The Kingdom of Moray was a powerful northern Scottish realm centered around the rich lands between the River Spey and the Moray Firth. Semi-independent from the kings of Alba, it was ruled by a line of native dynasts who often claimed descent from the royal house of Kenneth MacAlpin. Throughout the 11th century, Moray acted both as a rival and a counterweight to the authority of southern kings, with rulers such as Macbeth and later Lulach briefly seizing the Scottish throne. By the decades before 1110, Moray remained a distinct political and cultural center, its independence gradually eroded as the Scottish monarchy moved to assert direct control over the north.","Au XIe siècle, la Sicile était sous contrôle musulman. Les pouvoirs lombard et byzantin sur le continent commencèrent à recruter des mercenaires normands, descendants de Français et de Vikings, pour régler le problème. Et ils le réglèrent. Sous la direction de Roger Ier, les Normands attaquèrent les armées sarrasines de l'île. Après avoir pris les Pouilles et la Calabre, Roger occupa Messine avec une armée de 700 chevaliers. En 1068, Roger et ses hommes vainquirent les musulmans à Musulmeri, mais la victoire décisive restait encore à venir. En 1091, après un long siège, Palerme tomba aux mains des Normands. Les Sarrasins furent chassés de l'île, et le royaume normand de Sicile naquit.","Im 11. Jahrhundert befand sich Sizilien unter muslimischer Kontrolle. Die Armeen der Langobarden und Byzantiner auf dem Festland begannen, normannische Söldner anzuheuern, Nachkommen der Franzosen und Wikinger, um sich des Problems anzunehmen. Und das taten sie äußerst gründlich. Unter Roger I. griffen die Normannen die Armeen der Sarazenen auf der Insel an. Nachdem er Apulien und Kalabrien eingenommen hatte, besetzte Roger mit einer Armee von 700 Rittern Messina. Im Jahre 1068 schlugen Roger und seine Männer die Muslime bei Misilmeri in die Flucht, doch der entscheidende Sieg sollte noch folgen. Im Jahre 1091 fiel Palermo nach langer Belagerung in die Hand der Normannen. Die Sarazenen wurden von der Insel vertrieben, und das normannische Königreich Sizilien war geboren.","En el siglo XI, Sicilia estaba bajo control musulmán. Las potencias lombarda y bizantina del continente comenzaron a contratar a mercenarios normandos, descendientes de franceses y vikingos, para que se hicieran cargo del problema. Y eso hicieron: los normandos, bajo las órdenes de Roger I, atacaron a los ejércitos sarracenos en la isla. Después de tomar Apulia y Calabria, Roger ocupó Mesina con un ejército de 700 caballeros. En 1068, Roger y sus hombres derrotaron a los musulmanes en Musulmeri, pero la victoria decisiva aún estaba por llegar: en el año 1091, tras un largo asedio, Palermo cayó en manos normandas. Los sarracenos fueron expulsados de la isla y nació el reino normando de Sicilia.","W XI w. Sycylią rządzili muzułmanie. Kontynentalne ośrodki władzy, Lombardia oraz Bizancjum, aby pozbyć się kłopotu, postanowiły posłużyć się normańskimi najemnikami, potomkami Francuzów i wikingów. Plan się powiódł. Pod dowództwem Rogera I Normanowie uderzyli na armie Saracenów stacjonujące na wyspie. Po zajęciu Apulii i Kalabrii wojska Rogera w sile siedmiuset rycerzy rozpoczęły okupację Mesyny. W 1068 r. Roger i jego ludzie pokonali muzułmanów pod Misilmeri, lecz ostateczne zwycięstwo miało dopiero nadejść. W 1091 r., po długim oblężeniu, Palermo wpadło w ręce Normanów. Saracenów wyparto z wyspy i tak narodziło się Królestwo Sycylii.","В XI веке Сицилия находилась под контролем мусульман. Ломбардская и византийская державы на материке начали нанимать норманнских наемников, потомков французов и викингов, чтобы решить эту проблему. И проблема была решена. Под предводительством Рожера I норманны напали на сарацинские армии на острове. Захватив Апулию и Калабрию, Рожер занял Мессину с армией из 700 рыцарей. В 1068 году Рожер и его люди разбили мусульман при Мизильмери, но решающая победа была еще впереди. В 1091 году после долгой осады Палермо перешел в руки норманнов. Сарацины были изгнаны с острова, и родилось Норманнское королевство Сицилия.","11세기 시칠리아는 무슬림의 지배하에 있었습니다. 본토의 랑고바르드족과 동로마는 프랑스인과 바이킹의 후손인 노르만인 용병들을 고용하여 이 문제를 해결하기 시작했습니다. 용병들은 문제 해결 능력이 뛰어났습니다. 루제루 1세 시절 노르만인들은 섬 내의 사라센 군대를 공격했습니다. 풀리아와 칼라브리아를 차지한 루제루 1세는 700명의 기사 부대로 메시나를 점령했습니다. 1068년 루제루 1세와 휘하 군대는 미실메리에서 무슬림들을 격퇴했으나 결정적인 승리를 거두지는 못했습니다. 1091년, 길고 긴 공성전 끝에 팔레르모가 노르만인에게 넘어갔습니다. 사라센인은 섬에서 쫓겨났고, 노르만인의 시칠리아 왕국이 탄생했습니다.",11世紀、シチリアはムスリムの支配下にあった。本土のランゴバルドとビザンツ勢はこの問題の対処にフランスとヴァイキングの末裔ノルマン傭兵を起用した。彼らは確かに問題に対処してみせた。ルッジェーロ1世の指揮下、ノルマン傭兵はこの島のサラセン軍を攻撃した。アプリアとカラブリアを奪うとルッジェーロはメッシーナを700名の騎士で占領した。1068年、ルッジェーロとその部下はミジルメーリのムスリムを撃退した。だが決定的勝利はまだ訪れていなかった。1091年、長い包囲戦の後、パレルモはノルマン勢の手に落ちた。サラセンは島から追い出され、ノルマン朝シチリア王国が誕生したのだ,在公元11世纪，西西里岛还处于穆斯林的控制之下。与此同时，内陆的伦巴第和拜占庭势力开始招募诺曼雇佣兵，也就是法兰西人和维京人的后裔，来准备处理西西里岛问题。他们确实解决了问题。在罗杰一世的领导下，诺曼人袭击了岛上的撒拉森军队。拿下阿普利亚和卡拉布里亚后，罗杰一世用700名骑兵占领了墨西拿。在1068年，罗杰一世和他的军队于穆苏梅里打败穆斯林，不过这还不是决定性的胜利。直到1091年，在长期的围攻之后，巴勒莫落入诺曼人之手，这时最终的胜利才到来。撒拉森人被赶出了西西里岛，西西里的诺曼王国就此诞生。,十一世紀，西西里島處於穆斯林的控制。大陸上的倫巴底和拜占庭勢力開始僱傭諾曼僱傭兵，即法國人和維京人的後裔，來解決這個問題。而他們也確實解決了。在魯傑羅一世的帶領下，諾曼人攻擊了島上的撒拉森人軍隊。奪取普利亞和卡拉布里亞後，魯傑羅率領700名騎士大軍佔領了美西納。1068年，魯傑羅和他的手下擊敗了義大利的穆斯林，但決定性的勝利尚未到來。1091年，經過長時間的圍攻，巴勒摩落入諾曼人之手。撒拉森人被趕出島，西西里島的諾曼王國因此誕生。,"Sicilya, 11. yüzyılda Müslümanların kontrolü altındaydı. Anakaradaki Lombard ve Bizans güçleri bu sorunu çözmek için Fransız ve Vikinglerin soyundan gelen Norman paralı askerlerini toplamaya başladı. Sorunu çözme konusunda başarılı da oldular. Normanlar, Roger I himayesinde adadaki Sarazen ordularına saldırdı. Roger, Apulia ve Calabria'yı aldıktan sonra Messina'yı 700 şövalyeden oluşan bir orduyla işgal etti. Roger ve adamları 1068 yılında Musulmeri'de Müslümanları yendi ancak kesin zafer burada gelmedi. 1091 yılında uzun bir kuşatmadan sonra Palermo, Norman kontrolüne geçti. Sarazenler adadan atıldı ve Sicilya Norman Krallığı kuruldu.","11वीं सदी में सिसली मुस्लिम नियंत्रण में था. समस्या के समाधान के लिए मेनलैंड पर लॉम्बार्ड और बाइज़ैंटाइन शक्तियों ने नॉर्मन भाड़े के सैनिकों, फ़्रांसीसी और वाइकिंग्स के वंशजों को खरीदना शुरू कर दिया. और उन्होंने समस्या का अच्छा समाधान भी किया. द्वीप पर रॉजर I के अधीन नॉर्मन्स ने सारासेन की सेनाओं पर हमला किया. अपुलिया और कैलब्रिया जीतने के बाद रॉजर ने 700 नाइट्स की सेना के साथ मेसीना पर कब्ज़ा किया. 1068 में रॉजर और उसके आदमियों ने मुसुल्मेरी के मुसलमानों को हरा दिया, लेकिन निर्णायक जीत आने में अभी समय था. 1091 में लम्बी घेरेबंदी के बाद पलेर्मो नॉर्मन के कब्ज़े में आ गया. सरसेन को द्वीप से बाहर फेंक दिया गया और सिसली के नॉर्मन किंगडम का जन्म हुआ.","Pada abad ke-11, Sisilia berada di bawah kendali Muslim. Pihak berwenang Lombardia dan Bizantium di dataran utama mulai merekrut tentara bayaran Normandia, keturunan Prancis, dan Viking, untuk mengatasi masalah itu. Kemudian, mereka berhasil mengatasinya. Di bawah pimpinan Roger I, bangsa Normandia menyerang tentara Saracen di pulau itu. Setelah menaklukkan Apulia dan Calabria, Roger menduduki Messina dengan tentara yang terdiri atas 700 kesatria. Pada tahun 1068, Roger dan orang-orangnya mengalahkan para Muslim di Misilmeri, tetapi kemenangan mutlak belum dicapai. Pada tahun 1091, setelah pengepungan yang panjang, Palermo jatuh ke tangan bangsa Normandia. Saracen diusir dari pulau, kemudian lahirlah Kerajaan Normandia Sisilia."
Leon_Kingdom.description,"In the year 910 AD, the Christian princes of Asturias along the northern coast of the Iberian Peninsula shifted their capital from Oviedo to the city of Leon. There they established a new kingdom, taking the same name as its capital city. But the beginnings of this new kingdom weren’t peaceful. A civil war broke out straight away, with brother turning against brother in desperate fighting for control over Leon. Finally, Ramiro II assumed the throne in 931 and brought stability to the kingdom. He was a great king: A brave military commander who not only won his throne, but also defeated the Muslim armies on their own turf. He managed to turn the Valley of the Duoro into a no-man’s land that separated Christian kingdoms in the north of Iberia from the Muslim states in the south. All in order to bring a little peace and prosperity to his people, whose culture and economy flourished in the following centuries.","En l'an 910, les princes chrétiens des Asturies, sur la côte nord de la péninsule ibérique, déplacèrent leur capitale d'Oviedo dans la ville de Léon. Ils y établirent un nouveau royaume, qui prit le même nom que sa capitale. Toutefois, les débuts de ce nouveau royaume ne furent pas paisibles. Une guerre civile éclata immédiatement, et les frères se retournèrent les uns contre les autres dans une lutte désespérée pour prendre le contrôle de Leon. Finalement, Ramiro II monta sur le trône en 931 et apporta la stabilité au royaume. C'était un grand roi : un commandant militaire courageux, qui conquit non seulement son trône, mais vainquit également les armées musulmanes sur leur propre terrain. Il parvint à faire de la vallée du Duoro une terre inhabitée qui séparait les royaumes chrétiens du nord de l'Ibérie des États musulmans du sud – tout cela, dans le but d'apporter un peu de paix et de prospérité à son peuple, dont la culture et l'économie s'épanouirent au cours des siècles suivants.","Im Jahr 910 n. Chr. verlegten die christlichen Prinzen von Asturien ihre Hauptstadt von Oviedo entlang der nördlichen Küste der Iberischen Halbinsel nach León. Dort gründeten sie ein neues Königreich, das den gleichen Namen trug wie seine Hauptstadt. Doch die Anfänge dieses neuen Königreiches waren alles andere als friedlich. Gleich zu Beginn brach ein Bürgerkrieg aus, bei dem sich bei dem verzweifelten Kampf um die Kontrolle über León Bruder gegen Bruder wandte. Schließlich erlangte Ramiro II. im Jahre 931 den Thron und brachte Stabilität in das Königreich. Er war ein großer König: Ein mutiger militärischer Befehlshaber, der nicht nur den Thron gewonnen, sondern auch die muslimischen Armeen auf ihrem eigenen Gebiet besiegt hatte. Er schaffte es, das Douro-Tal in ein Niemandsland zu verwandeln, das die christlichen Königreiche im Norden Iberiens von den muslimischen Staaten im Süden trennte. Alles, um seinem Volk, dessen Kultur und Wirtschaft in den folgenden Jahrhunderten florierten, ein wenig Frieden und Wohlstand zu bringen.","En el año 910 d. C., los príncipes cristianos de Asturias, de la costa septentrional de la península ibérica, trasladaron su capital de la ciudad de Oviedo a la de León. Allí establecieron un nuevo reino, al que bautizaron con el nombre de la capital, cuyos comienzos no fueron pacíficos: tras su fundación estalló una guerra civil de hermanos contra hermanos que pelearon desesperadamente por controlar León. Finalmente, en el año 931, Ramiro II subió al trono y estabilizó el reino. Fue un gran rey: un comandante militar valiente que no solo se ganó su trono, sino que también derrotó a los ejércitos musulmanes en su propio terreno. Se las arregló para convertir el valle del Duero en una tierra de nadie que separaba los reinos cristianos al norte de Iberia de los estados musulmanes al sur, todo para obtener algo de paz y prosperidad para su pueblo, cuyas cultura y economía florecieron durante los siguientes siglos.","W 910 r. chrześcijańscy książęta Asturii, ziemi leżącej na północnych wybrzeżach Półwyspu Iberyjskiego, przenieśli stolicę z Oviedo do miasta León, gdzie założyli nowe królestwo o tej nazwie. Jego początki nie były łatwe. Bardzo szybko doszło bowiem do wybuchu wojny domowej. W 931 r. na tron Królestwa Leónu wstąpił Ramiro II, który wreszcie przyniósł mu większą stabilność. Był wybitnym królem, a przy tym również odważnym dowódcą o niepoślednich talentach militarnych. Nie ograniczał się jedynie do walki o władzę, sprawnie poradził sobie też z najazdem muzułmańskim. Z doliny rzeki Duoro uczynił coś w rodzaju ziemi niczyjej, bariery, która oddzielała chrześcijańskie królestwa na północy od muzułmańskich na południu. Wszystko po to, by zapewnić spokój i dobrobyt swoim poddanym. Dzięki temu w następnych stuleciach Królestwo Leónu rozwijało się kulturowo i gospodarczo.","В 910 году нашей эры христианские князья Астурии на северном побережье Пиренейского полуострова перенесли столицу из Овьедо в город Леон. Там они основали новое королевство, которое было названо так же, как и столица. Но первые годы для этого нового царства не были мирными. Сразу же началась гражданская война – в отчаянной схватке за власть над Леоном брат пошел на брата. Наконец, в 931 году трон занял Рамиро II, который принес стабильность в королевство. Это был великий правитель и храбрый полководец, который не только завоевал свой трон, но и разгромил мусульманские армии на их собственной территории. Ему удалось превратить долину реки Дуоро в нейтральную полосу, которая отделяла христианские королевства на севере Иберии от мусульманских государств на юге. Он сделал все для того, чтобы принести мир и благополучие своему народу, культура и экономика которого в последующие века по-настоящему расцвели.","기원후 910년, 이베리아반도의 해안가를 따라 위치한 아스투리아스의 기독교도 왕자들이 수도를 오비에도에서 레온으로 옮겼습니다. 왕자들은 도시의 이름을 따서 새 왕국을 세웠습니다. 하지만 새 왕국의 시작은 순탄치 않았습니다. 곧바로 레온에 대한 지배력을 어떻게든 손에 넣기 위해 형제가 형제에게 등을 돌리는 내전이 발발했습니다. 마침내 931년, 라미로 2세가 왕좌에 오르고 왕국에 안정을 가져다주었습니다. 라미로 2세는 훌륭한 왕이었습니다. 왕좌를 차지했을 뿐만 아니라 무슬림의 땅에서 무슬림 군대를 패퇴시킬 정도로 용감한 군사 지휘관이었습니다. 라미로 2세는 도루 계곡을 무인지대로 만들어 이베리아 남쪽의 무슬림 국가들로부터 북쪽의 기독교 왕국들을 분리할 수 있었습니다. 이 모든 건 약간의 평화와 번영을 자기 백성들에게 선사하기 위함이었으며, 그 덕에 다음 몇 세기 동안 왕국의 문화와 경제가 융성하였습니다.","紀元910年、イベリア半島北岸にあるアストゥリアスのキリスト教徒君主たちが、オビエドからレオンへ遷都した。そこに彼らは新王国を築き、首都にちなんだ名をつけた。だが、この新たな王国の始まりは、平坦なものではなかった。すぐに内紛が勃発し、レオンの支配権を巡って兄弟同士が骨肉の争いを始めた。最終的には931年にラミロ2世が王位につき、王国を平定した。ラミロ2世は偉大な王であり、勇敢な将軍として玉座を勝ち取っただけでなく、イスラム軍を彼らの庭先で打ち破ったのである。彼はドゥエロ渓谷をイベリア北部のキリスト教国と南のイスラム国家を隔てる無人の地に変えてみせた。すべては民にささやかな平和と繁栄をもたらすためだった。その文化と経済は、その後数世紀に渡って栄え続けた","在910年，伊比利亚半岛北海岸阿斯图里亚斯的基督君主们把自己的首都从奥维耶多迁到了莱昂。在那里，他们建立了一个新王国，并且用其首都之名莱昂称之。该王国起初历经了一些风雨。一场内战当即爆发了，弟兄之间反目成仇，为了争夺莱昂的控制权展开了死战。最终，拉米罗二世在931年登上王位，给这个王国重新带来了稳定和平。他是一个伟大的君主：作为一名勇敢的军事统领，他不仅赢下了王位，还在自己的地盘击退了穆斯林的来犯。他将杜罗河谷变成了一个无人区，以此分隔伊比利亚北边的基督王国和南边的穆斯林国家。这一切举措为他的人民带来了和平与繁荣，在之后的几个世纪中，该王国的文化欣欣尚荣，经济繁荣昌盛。","西元910年，伊比利亞半島北海沿岸阿斯圖里亞斯王國的基督教徒諸王子，將首都自奧維埃多遷移至雷昂城。他們在該地建立了一座新的王國，並以首都名為國名。但這個新王國的初始並不平靜。突如其來的內戰即刻爆發，為了爭奪雷昂國的統治權，兄弟之間反目成仇、相互爭奪。最後拉米羅二世在931年時繼承王位，並為該王國帶來了安穩。他是一名偉大的國王：他不僅是自力贏得王位的英勇軍事指揮官，更是將穆斯林敵軍驅逐出自己地域的英雄。他將杜羅河谷變成無人之境，並將伊比利亞北部的基督教王國與南方的穆斯林國家分開來。他所做的這一切，目的都在於為其子民帶來和平與繁榮，這也使得他們的文化與經濟在接下來的幾個世紀內蓬勃發展。","MS 910 yılında, İber Yarımadası'nın kuzey kıyısındaki Asturias'ın Hristiyan prensleri, başkenti Oviedo'dan Leon kentine taşıdı. Orada başkent ile aynı adı taşıyan yeni bir krallık kurdular. Ancak bu yeni krallığın ilk dönemleri barış içinde geçmedi. Çok geçmeden bir iç savaş patlak verdi ve erkek kardeşlerden biri diğerine düşman olarak Leon'u kontrol altında tutmak için savaşmaya başladı. Sonunda 931 yılında II. Ramiro tahta geçti ve krallığa istikrar getirdi. Büyük bir kraldı. Sadece tahtı hak etmekle kalmayıp Müslüman ordularını kendi meydanlarında mağlup eden cesur bir askeri komutandı. Duoro Vadisi'ni, İberya'nın kuzeyindeki Hristiyan krallıklarını güneydeki Müslüman devletlerden ayıran tarafsız bir bölgeye dönüştürmeyi başardı. Tek amacı sonraki yüzyıllarda kültürel ve ekonomik yönden gelişecek olan halkına biraz huzur ve refah getirmekti.","साल 910 ईसवी में, अइबेरियन प्रायद्वीप के पश्चिमी तट के साथ अस्तूरियस के ईसाई राजकुमार ने अपनी राजधानी ओवीएडो से बदलकर लेओन शहर कर दी. वहां उन्होंने एक नया राज्य बनाया और उसका नाम अपने राजधानी शहर के नाम पर ही रखा. लेकिन इस नए राज्य की शुरुआत बहुत शांतिपूर्ण नहीं रही. लेओन शहर पर नियंत्रण के लिए भाई की भाई के खिलाफ़ भयंकर लड़ाई से तुरंत ही गृहयुद्ध छिड़ गया. अंत में, रमिरो II ने 931 में सिंहासन सम्भाला और राज्य में स्थिरता आयी. वह एक महान राजा था: एक बहादुर सैन्य कमांडर जिसने न केवल अपना सिंहासन जीता बल्कि मुसलमान फ़ौजों को उन्हीं के इलाके में हराया. उसने डुओरो की घाटी को नो मैंस लैंड में बदल दिया जो इबीरिया के उत्तर में स्थित ईसाई राज्यों को दक्षिण में स्थित मुस्लिम राज्यों से अलग करती थी. यह सब उसने केवल अपने लोगों के लिए थोड़ी शांति और समृद्धि लाने के लिए किया, जिनकी संस्कृति और अर्थव्यवस्था आगे आने वाली सदियों तक फली-फूली.","Pada tahun 910, para pangeran Kristen Asturias di sepanjang pantai utara Semenanjung Iberia memindahkan ibu kota mereka dari Oviedo ke kota Leon. Di sana mereka mendirikan kerajaan baru, bernama yang sama dengan ibu kotanya. Namun, berdirinya kerajaan baru ini tidak diawali dengan damai. Perang saudara langsung pecah, kakak beradik saling bertarung dalam pertempuran untuk menguasai Leon. Akhirnya, Ramiro II naik takhta pada tahun 931 dan membawa stabilitas untuk kerajaan itu. Dia adalah raja yang hebat: Seorang komandan militer pemberani yang tidak hanya menang dalam perebutan takhta, tetapi juga mengalahkan tentara Muslim di wilayah mereka sendiri. Dia berhasil mengubah Lembah Duoro menjadi tanah tak bertuan yang memisahkan kerajaan-kerajaan Kristen di utara Iberia dari negara-negara Muslim di selatan. Semua tindakan itu untuk membawa sedikit kedamaian dan kemakmuran bagi rakyatnya, yang budaya dan ekonominya berkembang pesat di abad-abad berikutnya."
Pisa.description,"Pisa rose to greatness on the waves of the Mediterranean. Located near the mouth of the Arno River, the city began as a Roman colony and naval base. After centuries of Lombard and Frankish rule, Pisa emerged in the 11th century as a formidable maritime power. The Pisan fleet achieved glory in 1063 by raiding the Saracen stronghold of Palermo, bringing back immense wealth that funded the construction of the magnificent Cathedral. Through fierce rivalry with Genoa and alliances with the Holy Roman Empire, Pisa controlled Corsica, Sardinia, and established trading posts across the Mediterranean. The republic's golden age saw it become one of the four great Maritime Republics of Italy, its prosperity built on shipbuilding, trade, and naval supremacy.","Pise s'est hissée à la grandeur sur les flots de la Méditerranée. Située près de l'embouchure de l'Arno, la ville débuta comme colonie romaine et base navale. Après des siècles de domination lombarde et franque, Pise émergea au XIe siècle comme une puissance maritime formidable. La flotte pisane atteignit la gloire en 1063 en attaquant la forteresse sarrasine de Palerme, rapportant d'immenses richesses qui financèrent la construction de la magnifique cathédrale. Par une rivalité féroce avec Gênes et des alliances avec le Saint-Empire romain germanique, Pise contrôla la Corse, la Sardaigne et établit des comptoirs commerciaux à travers la Méditerranée. L'âge d'or de la république la vit devenir l'une des quatre grandes républiques maritimes d'Italie, sa prospérité fondée sur la construction navale, le commerce et la suprématie navale.","Pisa erlangte Größe auf den Wellen des Mittelmeers. Die nahe der Mündung des Arno gelegene Stadt begann als römische Kolonie und Marinebasis. Nach Jahrhunderten lombardischer und fränkischer Herrschaft entwickelte sich Pisa im 11. Jahrhundert zu einer gewaltigen Seemacht. Die pisanische Flotte erlangte 1063 Ruhm durch die Plünderung der sarazenischen Festung Palermo und brachte immense Reichtümer zurück, die den Bau der prächtigen Kathedrale finanzierten. Durch erbitterte Rivalität mit Genua und Bündnisse mit dem Heiligen Römischen Reich kontrollierte Pisa Korsika, Sardinien und errichtete Handelsstützpunkte im gesamten Mittelmeerraum. Das goldene Zeitalter der Republik sah sie zu einer der vier großen Seerepubliken Italiens aufsteigen, deren Wohlstand auf Schiffbau, Handel und maritimer Vorherrschaft beruhte.","Pisa alcanzó la grandeza sobre las olas del Mediterráneo. Ubicada cerca de la desembocadura del río Arno, la ciudad comenzó como colonia romana y base naval. Tras siglos de dominio lombardo y franco, Pisa emergió en el siglo XI como una formidable potencia marítima. La flota pisana logró la gloria en 1063 al asaltar la fortaleza sarracena de Palermo, trayendo inmensas riquezas que financiaron la construcción de la magnífica catedral. A través de una feroz rivalidad con Génova y alianzas con el Sacro Imperio Romano Germánico, Pisa controló Córcega, Cerdeña y estableció puestos comerciales por todo el Mediterráneo. La edad de oro de la república la vio convertirse en una de las cuatro grandes repúblicas marítimas de Italia, con su prosperidad construida sobre la construcción naval, el comercio y la supremacía naval.","Piza osiągnęła wielkość na falach Morza Śródziemnego. Położone w pobliżu ujścia rzeki Arno miasto zaczynało jako rzymska kolonia i baza morska. Po stuleciach lombardzkiego i frankijskiego panowania Piza wyłoniła się w XI wieku jako potężna potęga morska. Flota pizańska osiągnęła chwałę w 1063 roku, najeżdżając saracenską twierdzę Palermo i przywożąc ogromne bogactwa, które sfinansowały budowę wspaniałej katedry. Poprzez zaciekłą rywalizację z Genuą i sojusze ze Świętym Cesarstwem Rzymskim Piza kontrolowała Korsykę, Sardynię i zakładała placówki handlowe w całym basenie Morza Śródziemnego. Złoty wiek republiki uczynił ją jedną z czterech wielkich republik morskich Włoch, a jej dobrobyt opierał się na budowie statków, handlu i supremacji morskiej.","Пиза достигла величия на волнах Средиземного моря. Расположенный близ устья реки Арно, город начинался как римская колония и военно-морская база. После столетий лангобардского и франкского правления Пиза в XI веке превратилась в грозную морскую державу. Пизанский флот добился славы в 1063 году, совершив набег на сарацинскую крепость Палермо и привезя огромные богатства, на которые был построен великолепный собор. Благодаря ожесточенному соперничеству с Генуей и союзам со Священной Римской империей Пиза контролировала Корсику, Сардинию и создала торговые посты по всему Средиземноморью. Золотой век республики сделал её одной из четырёх великих морских республик Италии, чье процветание основывалось на судостроении, торговле и военно-морском превосходстве.","피사는 지중해의 파도를 타고 위대함을 이루었습니다. 아르노 강 입구 근처에 위치한 이 도시는 로마 식민지이자 해군 기지로 시작되었습니다. 수세기에 걸친 랑고바르드족과 프랑크족의 통치 이후, 피사는 11세기에 강력한 해양 강국으로 부상했습니다. 피사 함대는 1063년 사라센의 요새 팔레르모를 습격하여 영광을 얻었고, 막대한 부를 가져와 장엄한 대성당 건설 자금을 댔습니다. 제노바와의 치열한 경쟁과 신성 로마 제국과의 동맹을 통해 피사는 코르시카와 사르데냐를 지배했고 지중해 전역에 무역 거점을 세웠습니다. 공화국의 황금기에 피사는 이탈리아의 4대 해양 공화국 중 하나가 되었으며, 그 번영은 조선업, 무역, 해군 우위에 기반을 두었습니다.","ピサは地中海の波に乗って偉大さを手にした。アルノ川の河口近くに位置するこの都市は、ローマの植民地および海軍基地として始まった。ロンバルド人とフランク人の支配が何世紀も続いた後、ピサは11世紀に手ごわい海洋国家として台頭した。ピサ艦隊は1063年にサラセン人の要塞パレルモを襲撃して栄光を手にし、壮麗な大聖堂の建設資金となる莫大な富を持ち帰った。ジェノヴァとの激しい競争と神聖ローマ帝国との同盟を通じて、ピサはコルシカ島、サルデーニャ島を支配し、地中海全域に交易拠点を確立した。共和国の黄金時代には、ピサはイタリアの四大海洋共和国の1つとなり、その繁栄は造船、貿易、海軍の優位性によって築かれた。","比萨在地中海的波涛中崛起。这座位于阿诺河口附近的城市最初是罗马殖民地和海军基地。在经历了数个世纪的伦巴第人和法兰克人统治后，比萨在11世纪崛起为强大的海上强国。比萨舰队在1063年袭击了撒拉逊人的帕勒莫要塞，获得了荣耀，带回了巨额财富，资助了壮丽大教堂的建设。通过与热那亚的激烈竞争以及与神圣罗马帝国的联盟，比萨控制了科西嘉岛、撒丁岛，并在整个地中海建立了贸易据点。共和国的黄金时代使其成为意大利四大海上共和国之一，其繁荣建立在造船业、贸易和海军霸权之上。","比薩在地中海的波濤上崛起為偉大的城市。比薩位於阿諾河口附近，最初是羅馬殖民地與海軍基地。在經歷了數個世紀的倫巴底人與法蘭克人統治後，比薩在11世紀崛起為強大的海洋勢力。比薩艦隊在1063年襲擊了撒拉森人的巴勒莫要塞，獲得了榮耀，帶回了大量財富，資助了壯麗大教堂的建設。透過與熱那亞的激烈競爭以及與神聖羅馬帝國的結盟，比薩控制了科西嘉島、薩丁尼亞島，並在整個地中海建立了貿易據點。共和國的黃金時代使其成為義大利四大海洋共和國之一，其繁榮建立在造船業、貿易與海軍霸權之上。","Pisa, Akdeniz'in dalgaları üzerinde büyüklüğe ulaştı. Arno Nehri'nin ağzına yakın konumlanan şehir, bir Roma kolonisi ve deniz üssü olarak başladı. Yüzyıllarca süren Lombard ve Frank yönetiminden sonra Pisa, 11. yüzyılda müthiş bir denizcilik gücü olarak ortaya çıktı. Pisa filosu 1063'te Sarazen kalesi Palermo'ya baskın düzenleyerek zafer kazandı ve muhteşem Katedral'in inşasını finanse eden muazzam zenginlikler getirdi. Cenova ile şiddetli rekabet ve Kutsal Roma İmparatorluğu ile ittifaklar sayesinde Pisa, Korsika ve Sardinya'yı kontrol etti ve Akdeniz boyunca ticaret noktaları kurdu. Cumhuriyetin altın çağı, onu İtalya'nın dört büyük Denizcilik Cumhuriyeti'nden biri haline getirdi ve refahı gemi yapımı, ticaret ve deniz üstünlüğü üzerine kuruldu.","पीसा भूमध्यसागर की लहरों पर महानता तक पहुंचा. आर्नो नदी के मुहाने के पास स्थित, यह शहर एक रोमन उपनिवेश और नौसैनिक अड्डे के रूप में शुरू हुआ. लोम्बार्ड और फ्रैंकिश शासन की सदियों के बाद, पीसा 11वीं सदी में एक दुर्जेय समुद्री शक्ति के रूप में उभरा. पीसन बेड़े ने 1063 में पालेर्मो के सारासेन गढ़ पर हमला करके महिमा हासिल की, जो अपार धन लेकर आया जिसने शानदार कैथेड्रल के निर्माण को वित्तपोषित किया. जेनोआ के साथ भयंकर प्रतिद्वंद्विता और पवित्र रोमन साम्राज्य के साथ गठजोड़ के माध्यम से, पीसा ने कोर्सिका, सार्डिनिया को नियंत्रित किया और भूमध्यसागर भर में व्यापारिक चौकियां स्थापित कीं. गणतंत्र के स्वर्ण युग ने इसे इटली के चार महान समुद्री गणराज्यों में से एक बना दिया, इसकी समृद्धि जहाज निर्माण, व्यापार और नौसैनिक सर्वोच्चता पर निर्मित थी.","Pisa mencapai kehebatan di atas ombak Mediterania. Terletak di dekat muara Sungai Arno, kota ini dimulai sebagai koloni Romawi dan pangkalan angkatan laut. Setelah berabad-abad di bawah kekuasaan Lombard dan Frankish, Pisa muncul pada abad ke-11 sebagai kekuatan maritim yang tangguh. Armada Pisa mencapai kejayaan pada tahun 1063 dengan menyerbu benteng Saracen di Palermo, membawa kembali kekayaan besar yang membiayai pembangunan Katedral yang megah. Melalui persaingan sengit dengan Genoa dan aliansi dengan Kekaisaran Romawi Suci, Pisa menguasai Korsika, Sardinia, dan mendirikan pos perdagangan di seluruh Mediterania. Masa keemasan republik menjadikannya salah satu dari empat Republik Maritim besar Italia, dengan kemakmurannya dibangun atas pembuatan kapal, perdagangan, dan supremasi angkatan laut."
Albon.description,"At the heart of the Kingdom of Arles, the rising County of Albon strives for dominance over the Empire's western borderlands under the rule of Count Guigues III. Wedged between the powerful Archbishopric of Lyon and the rival House of Savoy, this ambitious dynasty relies on clever diplomacy and bold expansion to secure its domain. Prepare for a fierce, generational feud with your neighbors in Turin, and guide the House of Albon from the shadow of the Alps to the birth of the proud Dauphiné.","Au cœur du Royaume d'Arles, le Comté d'Albon en pleine ascension lutte pour la domination des marches occidentales de l'Empire sous le règne du Comte Guigues III. Coincée entre le puissant Archevêché de Lyon et la Maison rivale de Savoie, cette dynastie ambitieuse s'appuie sur une diplomatie habile et une expansion audacieuse pour sécuriser son domaine. Préparez-vous à une féroce querelle générationnelle avec vos voisins de Turin, et guidez la Maison d'Albon de l'ombre des Alpes à la naissance du fier Dauphiné.","Im Herzen des Königreichs Arles strebt die aufstrebende Grafschaft Albon unter der Herrschaft von Graf Guigues III. nach der Vorherrschaft über die westlichen Grenzgebiete des Reiches. Eingekeilt zwischen dem mächtigen Erzbistum Lyon und dem rivalisierenden Haus Savoyen, verlässt sich diese ehrgeizige Dynastie auf kluge Diplomatie und mutige Expansion, um ihre Herrschaft zu sichern. Bereiten Sie sich auf eine erbitterte, generationenübergreifende Fehde mit Ihren Nachbarn in Turin vor und führen Sie das Haus Albon aus dem Schatten der Alpen zur Geburt des stolzen Dauphiné.","En el corazón del Reino de Arlés, el emergente Condado de Albón lucha por el dominio sobre las fronteras occidentales del Imperio bajo el gobierno del Conde Guigues III. Atrapada entre el poderoso Arzobispado de Lyon y la rival Casa de Saboya, esta ambiciosa dinastía confía en la diplomacia astuta y la expansión audaz para asegurar su dominio. Prepárate para una feroz disputa generacional con tus vecinos en Turín, y guía a la Casa de Albón desde la sombra de los Alpes hasta el nacimiento del orgulloso Delfinado.","W sercu Królestwa Arles, rozwijające się Hrabstwo Albon dąży do dominacji nad zachodnimi rubieżami Cesarstwa pod rządami hrabiego Guigues III. Uwięziona między potężnym Arcybiskupstwem Lyonu a rywalizującym Domem Sabaudii, ta ambitna dynastia polega na sprytnej dyplomacji i śmiałej ekspansji, aby zabezpieczyć swoje włości. Przygotuj się na zaciekłą, międzypokoleniową waśń z sąsiadami w Turynie i poprowadź Dom Albon z cienia Alp do narodzin dumnego Delfinatu.","В сердце Королевства Арль восходящее графство Альбон стремится к господству над западными границами Империи под властью графа Гига III. Зажатая между могущественным Лионским архиепископством и соперничающим Савойским домом, эта амбициозная династия полагается на искусную дипломатию и смелую экспансию для укрепления своих владений. Приготовьтесь к ожесточенной, многопоколенной вражде с соседями в Турине и проведите дом Альбон из тени Альп к рождению гордого Дофине.","아를 왕국의 중심에서 떠오르는 알봉 백작령은 기그 3세 백작의 통치 아래 제국의 서부 변경 지역을 지배하기 위해 노력합니다. 강력한 리옹 대주교구와 라이벌인 사보이 가문 사이에 끼인 이 야심찬 왕조는 영토를 확보하기 위해 교묘한 외교와 대담한 확장에 의존합니다. 토리노의 이웃들과 치열한 세대 간 불화를 준비하고, 알봉 가문을 알프스의 그늘에서 자랑스러운 도피네의 탄생으로 이끄십시오.","アルル王国の中心で、台頭するアルボン伯領はギーグ3世伯爵の統治下で帝国の西部辺境地帯の支配を目指しています。強力なリヨン大司教区とライバルであるサヴォイア家の間に挟まれたこの野心的な王朝は、その領土を確保するために巧みな外交と大胆な拡張に頼っています。トリノの隣人との激しい世代を超えた確執に備え、アルボン家をアルプスの影から誇り高きドーフィネの誕生へと導いてください。","在阿尔勒王国的中心，崛起的阿尔邦伯国在吉格三世伯爵的统治下努力争夺帝国西部边疆的统治权。夹在强大的里昂大主教区和竞争对手萨伏依家族之间，这个雄心勃勃的王朝依靠巧妙的外交和大胆的扩张来确保其领地。准备好与都灵的邻居进行激烈的世代争斗，并引导阿尔邦家族从阿尔卑斯山的阴影走向骄傲的多菲内的诞生。","在亞爾王國的中心，崛起的阿爾邦伯國在吉格三世伯爵的統治下努力爭奪帝國西部邊疆的統治權。夾在強大的里昂大主教區和競爭對手薩伏依家族之間，這個雄心勃勃的王朝依靠巧妙的外交和大膽的擴張來確保其領地。準備好與都靈的鄰居進行激烈的世代爭鬥，並引導阿爾邦家族從阿爾卑斯山的陰影走向驕傲的多菲內的誕生。","Arles Krallığı'nın kalbinde, yükselen Albon Kontluğu, Kont Guigues III'ün yönetimi altında İmparatorluğun batı sınır bölgeleri üzerinde hakimiyet için mücadele ediyor. Güçlü Lyon Başpiskoposluğu ile rakip Savoie Hanedanı arasında sıkışan bu hırslı hanedan, topraklarını güvence altına almak için akıllıca diplomasi ve cesur genişlemeye güveniyor. Torino'daki komşularınızla şiddetli, kuşaklar boyu sürecek bir kan davasına hazırlanın ve Albon Hanedanı'nı Alpler'in gölgesinden gururlu Dauphiné'nin doğuşuna doğru yönlendirin.","आर्ल्स साम्राज्य के केंद्र में, काउंट गुइग्स III के शासन के तहत उभरती हुई अल्बोन काउंटी साम्राज्य की पश्चिमी सीमा पर प्रभुत्व के लिए प्रयास कर रही है। शक्तिशाली ल्योन आर्चबिशप और प्रतिद्वंद्वी हाउस ऑफ सेवॉय के बीच फंसा यह महत्वाकांक्षी राजवंश अपने क्षेत्र को सुरक्षित करने के लिए चतुर कूटनीति और साहसिक विस्तार पर निर्भर करता है। ट्यूरिन में अपने पड़ोसियों के साथ एक भयंकर, पीढ़ीगत झगड़े के लिए तैयार रहें, और हाउस ऑफ अल्बोन को आल्प्स की छाया से गर्वित डौफिने के जन्म तक मार्गदर्शन करें।","Di jantung Kerajaan Arles, County of Albon yang sedang berkembang berjuang untuk dominasi atas wilayah perbatasan barat Kekaisaran di bawah pemerintahan Count Guigues III. Terjepit di antara Keuskupan Agung Lyon yang kuat dan Wangsa Savoy yang bersaing, dinasti ambisius ini mengandalkan diplomasi cerdik dan ekspansi berani untuk mengamankan wilayahnya. Bersiaplah untuk perseteruan sengit lintas generasi dengan tetangga Anda di Turin, dan pandu Wangsa Albon dari bayang-bayang Pegunungan Alpen hingga kelahiran Dauphiné yang membanggakan."
ChangeReligionAction.success_fail.sf_king_religion_ability.name,Our king's religion ability (x5),Aptitude à la religion de notre roi (x2),Religionsgeschick unseres Königs (x2),Competencia de religión de nuestro rey (x2),Zdolności religijne naszego władcy (x2),Способность нашего короля «Религия» (х2),자국 국왕의 종교 능력 (x2),自国の王の宗教能力 (x2),我们国王的宗教能力（x2）,我方國王的宗教能力（x2）,Kralımızın din becerisi (x2),हमारे राजा की धर्म से संबंधित क्षमता (x2),Kemampuan agama raja kita (x2)
ChangeReligionAction.success_fail.sf_king_diplomacyn_ability.name,Our King's diplomacy ability (x3),Aptitude à la diplomatie de notre roi,Diplomatiegeschick unseres Königs,Competencia de diplomacia de nuestro rey,Zdolności dyplomatyczne naszego władcy,Способность нашего короля «Дипломатия»,자국 국왕의 외교 능력,自国の外交能力,我们国王的外交能力,我方國王的外交能力,Kralımızın diplomasi becerisi,हमारे राजा की कूटनीतिक योग्यता,Kemampuan diplomasi Raja kita
ChangeReligionAction.success_fail.sf_num_neighbors_following_old_religion.name,"Our neighbors, following {own_kingdom.religion:ism} (x5)",Nos voisins pratiquant {own_kingdom.religion:ismdef} (x10),"Unsere Nachbarn, die {own_kingdom.religion:ismprepto} gehören (x10)",Nuestros vecinos que siguen el {own_kingdom.religion:ism} (x10),Nasi sąsiedzi wyznający {own_kingdom.religion} (x10),"Наши соседи, исповедующие {own_kingdom.religion:ism} (х10)",이웃 왕국들의 종교가 {own_kingdom.religion:ism}일 경우 (x10),{own_kingdom.religion:ism}を信仰中の隣国 (x10),信奉{own_kingdom.religion:ism}的近邻（x10）,我方鄰國，信奉{own_kingdom.religion:ism}（x10）,"Komşularımız, {own_kingdom.religion:ism} inancını benimsiyor (x10)","हमारे पड़ोसी, जो {own_kingdom.religion} को मानते हैं.","Tetangga kita, menganut {own_kingdom.religion:ism} (x10)"
ChangeReligionAction.success_fail.sf_crown_authority.name,"Our crown authority (x5)","Autorité de notre couronne (x2)","Unsere Kronautorität (x2)","Nuestra autoridad de la corona (x2)","Nasz autorytet korony (x2)","Авторитет нашей короны (x2)","자국의 왕권 (x2)","自国の王の権威 (x2)","我们的王权威信（x2）","我方王室權威（x2）","Kraliyet otoritemiz (x2)","हमारी क्राउन अथॉरिटी (x2)","Otoritas Mahkota kita (x2)"
ChangeReligionAction.success_fail.sf_num_neighbors_following_new_religion.name,"Our neighbors, following {target_religion:ism} (x10)","Nos voisins pratiquant {target_religion:ismdef} (x5)","Unsere Nachbarn, die {target_religion:ismprepto} gehören (x5)","Nuestros vecinos, que siguen el {target_religion:ism} (x5)","Nasi sąsiedzi wyznający: {target_religion:ism} (x5)","Наши соседи, исповедующие {target_religion:ism} (x5)","이웃 왕국들의 종교가 {target_religion:ism}일 경우 (x5)","{target_religion:ism}を信仰中の隣国 (x5)","信奉{target_religion:ism}的近邻（x5）","信奉{target_religion:ism}的我方鄰國（x5）","Komşularımız, {target_religion:ism} inancını benimsiyor (x5)","हमारे पड़ोसी, {target_religion:ism} के अनुयायी (x5)","Tetangga kita, menganut {target_religion:ism} (x5)"
ChangeReligionAction.success_fail.sf_num_neighbors_following_old_religion.name,"Our neighbors, following {own_kingdom.religion:ism} (x2)","Nos voisins pratiquant {own_kingdom.religion:ismdef} (x10)","Unsere Nachbarn, die {own_kingdom.religion:ismprepto} gehören (x10)","Nuestros vecinos que siguen el {own_kingdom.religion:ism} (x10)","Nasi sąsiedzi wyznający {own_kingdom.religion} (x10)","Наши соседи, исповедующие {own_kingdom.religion:ism} (х10)","이웃 왕국들의 종교가 {own_kingdom.religion:ism}일 경우 (x10)","{own_kingdom.religion:ism}を信仰中の隣国 (x10)","信奉{own_kingdom.religion:ism}的近邻（x10）","我方鄰國，信奉{own_kingdom.religion:ism}（x10）","Komşularımız, {own_kingdom.religion:ism} inancını benimsiyor (x10)","हमारे पड़ोसी, जो {own_kingdom.religion} को मानते हैं.","Tetangga kita, menganut {own_kingdom.religion:ism} (x10)"
ChangeReligionAction.success_fail.sf_num_realms_following_new_religion.name,"Our provinces, following {target_religion:ism} (x6)","Nos provinces pratiquant {target_religion:ismdef} (x5)","Unsere Provinzen, die {target_religion:ismprepto} gehören (x5)","Nuestras provincias que siguen el {target_religion:ism} (x5)","Nasze prowincje wyznające {target_religion:B} (x5)","Наши провинции, исповедующие {target_religion:ism} (x5)","자국 지역의 종교가 {target_religion:ism}일 경우 (x5)","{target_religion:ism}を信仰中の自国領地 (x5)","信奉{target_religion:ism}的行省（x5）","我方行省，信奉{target_religion:ism}（x5）","Bölgelerimiz, {target_religion:ism} inancını benimsiyor (x5)","{target_religion} को मानने वाले हमारे प्रांत (x5)","Provinsi kita, menganut {target_religion:ism} (x5)"
ChangeReligionAction.success_fail.sf_num_realms_following_old_religion.name,"Our provinces, following {own_kingdom.religion:ism} (x4)","Nos provinces pratiquant {own_kingdom.religion:ismdef}","Unsere Provinzen, die {own_kingdom.religion:ismprepto} gehören","Nuestras provincias, que siguen el {own_kingdom.religion:ism}","Nasze prowincje wyznające: {own_kingdom.religion:ism}","Наши провинции, исповедующие {own_kingdom.religion:ism}","자국 지역의 종교가 {own_kingdom.religion:ism}일 경우","{own_kingdom.religion:ism}を信仰中の自国領地","信奉{own_kingdom.religion:ism}的行省","信奉{own_kingdom.religion:ism}的我方行省","Bölgelerimiz, {own_kingdom.religion:ism} inancını benimsiyor","हमारे प्रांत, {own_kingdom.religion:ism} के अनुयायी","Provinsi kita, menganut {own_kingdom.religion:ism}"
VillagesDistrict.name,Trading,Commerce,Handel,Comercio,Handel,Торговля,무역,貿易,贸易,貿易,Ticaret,व्यापार,Perdagangan
AnglersHuts.name,"Fishing","Cabanes de pêcheurs","Anglerhütten","Chozas de pescadores","Chaty wędkarzy","Рыбацкие хижины","낚시꾼 오두막","釣り小屋","垂钓者小屋","釣客小屋","Balıkçı Kulübeleri","एंगलर्स के हट्स","Pondok Pemancing"
CampaignVars.max_unlockable_tiers.options.3.name,9 Buildings,9 Bâtiments,9 Gebäude,9 Edificios,9 Budynków,9 Зданий,9개 건물,9つの建物,9座建筑,9座建築,9 Bina,9 बिल्डिंग्स,9 Bangunan
CampaignVars.max_unlockable_tiers.options.3.description,You can build up to 9 Buildings in a province,Vous pouvez construire jusqu'à 9 bâtiments dans une province,Sie können bis zu 9 Gebäude in einer Provinz bauen,Puedes construir hasta 9 edificios en una provincia,Możesz zbudować do 9 budynków w prowincji,Вы можете построить до 9 зданий в провинции,행성에 최대 9개의 건물을 지을 수 있습니다,州に最大9つの建物を建てることができます,您可以在一个行省中建造最多9座建筑,您可以在一個行省中建造最多9座建築,Bir bölgede 9 binaya kadar inşa edebilirsiniz,आप एक प्रांत में 9 बिल्डिंग्स तक बना सकते हैं,Anda dapat membangun hingga 9 bangunan di suatu provinsi
CampaignVars.max_unlockable_tiers.options.6.name,12 Buildings,12 Bâtiments,12 Gebäude,12 Edificios,12 Budynków,12 Зданий,12개 건물,12つの建物,12座建筑,12座建築,12 Bina,12 बिल्डिंग्स,12 Bangunan
CampaignVars.max_unlockable_tiers.options.6.description,You can build up to 12 Buildings in a province,Vous pouvez construire jusqu'à 12 bâtiments dans une province,Sie können bis zu 12 Gebäude in einer Provinz bauen,Puedes construir hasta 12 edificios en una provincia,Możesz zbudować do 12 budynków w prowincji,Вы можете построить до 12 зданий в провинции,행성에 최대 12개의 건물을 지을 수 있습니다,州に最大12つの建物を建てることができます,您可以在一个行省中建造最多12座建筑,您可以在一個行省中建造最多12座建築,Bir bölgede 12 binaya kadar inşa edebilirsiniz,आप एक प्रांत में 12 बिल्डिंग्स तक बना सकते हैं,Anda dapat membangun hingga 12 bangunan di suatu provinsi
CampaignVars.max_unlockable_tiers.options.9.name,15 Buildings,15 Bâtiments,15 Gebäude,15 Edificios,15 Budynków,15 Зданий,15개 건물,15つの建物,15座建筑,15座建築,15 Bina,15 बिल्डिंग्स,15 Bangunan
CampaignVars.max_unlockable_tiers.options.9.description,You can build up to 15 Buildings in a province,Vous pouvez construire jusqu'à 15 bâtiments dans une province,Sie können bis zu 15 Gebäude in einer Provinz bauen,Puedes construir hasta 15 edificios en una provincia,Możesz zbudować do 15 budynków w prowincji,Вы можете построить до 15 зданий в провинции,행성에 최대 15개의 건물을 지을 수 있습니다,州に最大15つの建物を建てることができます,您可以在一个行省中建造最多15座建筑,您可以在一個行省中建造最多15座建築,Bir bölgede 15 binaya kadar inşa edebilirsiniz,आप एक प्रांत में 15 बिल्डिंग्स तक बना सकते हैं,Anda dapat membangun hingga 15 bangunan di suatu provinsi
CampaignVars.max_unlockable_tiers.options.12.name,18 Buildings,18 Bâtiments,18 Gebäude,18 Edificios,18 Budynków,18 Зданий,18개 건물,18つの建物,18座建筑,18座建築,18 Bina,18 बिल्डिंग्स,18 Bangunan
CampaignVars.max_unlockable_tiers.options.12.description,You can build up to 18 Buildings in a province,Vous pouvez construire jusqu'à 18 bâtiments dans une province,Sie können bis zu 18 Gebäude in einer Provinz bauen,Puedes construir hasta 18 edificios en una provincia,Możesz zbudować do 18 budynków w prowincji,Вы можете построить до 18 зданий в провинции,행성에 최대 18개의 건물을 지을 수 있습니다,州に最大18つの建物を建てることができます,您可以在一个行省中建造最多18座建筑,您可以在一個行省中建造最多18座建築,Bir bölgede 18 binaya kadar inşa edebilirsiniz,आप एक प्रांत में 18 बिल्डिंग्स तक बना सकते हैं,Anda dapat membangun hingga 18 bangunan di suatu provinsi
Militia_CE.name,Levies,Levées,Aufgebote,Levas,Pospolitego ruszenia,Ополчение,징집병,徴集兵,征召兵,徵召兵,Milis,भर्ती,Pasukan Milisi
Militia_Nord.name,"Norse Peasants","Paysans scandinaves","Nordische Bauern","Campesinos nórdicos","Chłopi nordyccy","Скандинавские крестьяне","노르드 소작농","ノルド農民","北欧农民","北歐農民","İskandinav Köylüleri","नॉर्डिक किसान","Petani Nordik"
Light_Infantry_CE.name,Levy Swordsmen,Épéistes levés,Aufgebotene Schwertkämpfer,Espadachines de leva,Miecznicy z pospolitego ruszenia,Ополченцы-мечники,징집 검사,徴集剣士,征召剑士,徵召劍士,Milis Kılıççıları,भर्ती तलवारबाज़,Pasukan Pedang Milisi
Light_Spearman_CE.name,Levy Spearmen,Lanciers levés,Aufgebotene Speerträger,Lanceros de leva,Włócznicy z pospolitego ruszenia,Ополченцы-копейщики,징집 창병,徴集槍兵,征召矛兵,徵召矛兵,Milis Mızrakçıları,भर्ती भालाधारी,Pasukan Tombak Milisi
Light_Cavalry_CE.name,Levy Cavalry,Cavalerie levée,Aufgebotene Kavallerie,Caballería de leva,Jazda z pospolitego ruszenia,Ополченцы-кавалеристы,징집 기병,徴集騎兵,征召骑兵,徵召騎兵,Milis Süvarileri,भर्ती घुड़सवार,Pasukan Kavaleri Milisi
Light_Archer_CE.name,Levy Archers,Archers levés,Aufgebotene Bogenschützen,Arqueros de leva,Łucznicy z pospolitego ruszenia,Ополченцы-лучники,징집 궁수,徴集弓兵,征召弓箭手,徵召弓箭手,Milis Okçuları,भर्ती तीरंदाज़,Pasukan Pemanah Milisi
Marshal_CE.name,Marshal's Retinue,Suite du maréchal,Gefolge des Marschalls,Séquito del mariscal,Orszak marszałka,Свита маршала,원수 호위병,元帥の従者,元帅随从,元帥隨從,Mareşal Maiyeti,मार्शल की टीम,Rombongan Marshal
Heavy_Swordman_CE.name,Sergeant Swordsmen,Épéistes sergents,Sergeanten-Schwertkämpfer,Espadachines sargentos,Sierżanci miecze,Сержанты-мечники,상사 검사,軍曹剣士,中士剑士,軍士劍士,Çavuş Kılıççıları,सार्जेंट तलवारबाज़,Sersan Pasukan Pedang
Heavy_Spearman_CE.name,Sergeant Spearmen,Lanciers sergents,Sergeanten-Speerträger,Lanceros sargentos,Sierżanci włócznicy,Сержанты-копейщики,상사 창병,軍曹槍兵,中士矛兵,軍士矛兵,Çavuş Mızrakçıları,सार्जेंट भालाधारी,Sersan Pasukan Tombak
Heavy_Archer_CE.name,Sergeant Archers,Archers sergents,Sergeanten-Bogenschützen,Arqueros sargentos,Sierżanci łucznicy,Сержанты-лучники,상사 궁수,軍曹弓兵,中士弓箭手,軍士弓箭手,Çavuş Okçuları,सार्जेंट तीरंदाज़,Sersan Pasukan Pemanah
Heavy_Cavalry_CE.name,Mounted Sergeants,Sergents montés,Berittene Sergeanten,Sargentos montados,Konni sierżanci,Конные сержанты,기마 상사,騎乗軍曹,骑马中士,騎乘軍士,Atlı Çavuşlar,घुड़सवार सार्जेंट,Sersan Berkuda
Levy_Axemen.name,Levy Axemen,Hacheurs levés,Aufgebotene Axtträger,Hacha de leva,Toporonosy z pospolitego ruszenia,Ополченцы-топорщики,징집 도끼병,徴集斧兵,征召斧兵,徵召斧兵,Milis Baltacıları,भर्ती कुल्हाड़ीधारी,Pasukan Kapak Milisi
AdvancedMilitia_CE.name,Town Militia,Milice urbaine,Stadtmiliz,Milicia urbana,Milicja miejska,Городское ополчение,도시 민병대,都市民兵,城镇民兵,城鎮民兵,Şehir Milisi,शहरी मिलिशिया,Milisi Kota
High_Knights.name,High Knights,Hauts chevaliers,Hohe Ritter,Altos caballeros,Wysokiej rangi rycerze,Высокие рыцари,고위 기사,上級騎士,高級騎士,高階騎士,Yüksek Şövalyeler,उच्च शूरवीर,Ksatria Tinggi
Late_Knights.name,Late Knights,Chevaliers tardifs,Späte Ritter,Caballeros tardíos,Późni rycerze,Поздние рыцари,후기 기사,後期騎士,晚期騎士,晚期騎士,Geç Dönem Şövalyeleri,उत्तरकालीन शूरवीर,Ksatria Akhir
Norman_Special.name,Norman Knights,Chevaliers normands,Normannische Ritter,Caballeros normandos,Normannscy rycerze,Норманнские рыцари,노르만 기사,ノルマン騎士,諾曼騎士,諾曼騎士,Norman Şövalyeleri,नॉर्मन शूरवीर,Ksatria Norman
High_Knights_Dismounted.name,High Knights (Dismounted),Hauts chevaliers (à pied),Hohe Ritter (abgesessen),Altos caballeros (desmontados),Wysokiej rangi rycerze (piesi),Высокие рыцари (спешенные),고위 기사 (하마),上級騎士（下馬）,高級騎士（下馬）,高階騎士（下馬）,Yüksek Şövalyeler (Yaya),उच्च शूरवीर (पैदल),Ksatria Tinggi (Turun Kuda)
Late_Knights_Dismounted.name,Late Knights (Dismounted),Chevaliers tardifs (à pied),Späte Ritter (abgesessen),Caballeros tardíos (desmontados),Późni rycerze (piesi),Поздние рыцари (спешенные),후기 기사 (하마),後期騎士（下馬）,晚期騎士（下馬）,晚期騎士（下馬）,Geç Dönem Şövalyeleri (Yaya),उत्तरकालीन शूरवीर (पैदल),Ksatria Akhir (Turun Kuda)
Sword_Militia_CE.name,Sword Militia,Milice d'épée,Schwertmiliz,Milicia de espada,Milicja mieczy,Мечная милиция,검 민병대,剣民兵,剑民兵,劍民兵,Kılıç Milisi,तलवार मिलिशिया,Milisi Pedang
Viking_Special.name,Drengir,Drengir,Drengir,Drengir,Drengirowie,Дренгиры,드렝기르,ドレンギル,德伦吉尔,德倫吉爾,Drengir,ड्रेंगिर,Drengir
Longbowman_Special.name,English Longbowmen,Archers longs anglais,Englische Langbogenschützen,Arqueros largos ingleses,Angielscy łucznicy długich łuków,Английские лучники с длинными луками,잉글랜드 장궁병,イングランド長弓兵,英格蘭長弓手,英格蘭長弓手,İngiliz Uzun Yay Okçuları,अंग्रेज़ी लॉन्गबोमैन,Pemanah Busur Panjang Inggris
Welsh_Longbowman_Special.name,Welsh Longbowmen,Archers longs gallois,Walisische Langbogenschützen,Arqueros largos galeses,Walescy łucznicy długich łuków,Валлийские лучники с длинными луками,웨일스 장궁병,ウェールズ長弓兵,威爾斯長弓手,威爾斯長弓手,Galli Uzun Yay Okçuları,वेल्श लॉन्गबोमैन,Pemanah Busur Panjang Welsh
Cataphract_Special.name,Kataphraktoi,Cataphractaires,Kataphraktoi,Catafractos,Katafrakci,Катафракты,카타프락토이,カタフラクト,重甲骑兵,覆甲騎兵,Zırhlılar,कैटाफ़्रैक्ट,Katafrak
Varangian_Guard_Special.name,Varangian Guard,Gardes varègues,Warägergarde,Guardias varegos,Strażnicy warescy,Варяги,바랑기아 수비대,ヴァリャーグ兵,瓦兰吉守卫,瓦蘭幾亞守衛,Varangyalı Muhafızlar,वैरंजियन गार्ड्स,Penjaga Varangia
Roman_Infantry_Special.name,Pronoiarii (Dismounted),Pronoiarii (à pied),Pronoiarii (abgesessen),Pronoiarii (desmontados),Pronoiariusze (piesi),Пронойарии (спешенные),프로노이아리 (하마),プロノイアリイ（下馬）,普罗诺亚里（下马）,普羅諾伊阿里（下馬）,Pronoiarii (Yaya),प्रोनोइयारी (पैदल),Pronoiarii (Turun Kuda)
Pronoia_Special.name,Pronoiarii,Pronoiarii,Pronoiarii,Pronoiarii,Pronoiariusze,Пронойарии,프로노이아리,プロノイアリイ,普罗诺亚里,普羅諾伊阿里,Pronoiarii,प्रोनोया कैवलरी,Pronoiarii
Horse_Archer_CE.name,"Magyar Horse Archers","Cavalerie avec arc","Berittene Bogenschützen","Arqueros a caballo","Łucznicy konni","Конные лучники","기마 궁수","弓騎兵","弓骑兵","馬弓手","Atlı Okçular","हॉर्स आर्चर्स","Pemanah Berkuda"
"Militia_Steppe.name","Levies","Paysans des steppes","Steppenbauern","Campesinos esteparios","Chłopi ze stepów","Степные крестьяне","스텝 소작농","ステップ農民","草原农民","草原農民","Bozkır Köylüleri","स्टेप किसान","Petani Stepa"
"Light_Infantry_Steppe.name","Ghazis","Guerriers des steppes","Steppenkrieger","Guerreros esteparios","Wojownicy ze stepów","Степные воины","스텝 전사","ステップ戦士","草原战士","草原戰士","Bozkır Savaşçıları","स्टेप लड़ाके","Prajurit Stepa"
"Light_Cavalry_Steppe.name","Levy Cavalry","Cavalerie des steppes","Steppenkavallerie","Caballería esteparia","Kawaleria stepowa","Степная конница","스텝 기병","ステップ騎兵","草原骑兵","草原騎兵","Bozkır Süvarileri","स्टेप कैवलरी","Kavaleri Stepa"
"Light_Archer_Steppe.name","Levy Archers","Archers des steppes","Steppenbogenschützen","Arqueros esteparios","Łucznicy ze stepów","Степные лучники","스텝 궁수","ステップ弓兵","草原弓兵","草原弓箭手","Bozkır Okçuları","स्टेप आर्चर्स","Pemanah Stepa"
Masjid.flavor,"A Masjid serves as the local center of worship, community gathering, and religious instruction, reinforcing faith, social cohesion, and daily ritual life.","Un lieu de répit pieux et de prêches.","Ein Ort des frommen Rückzugs und für Predigten.","Un lugar para el descanso devoto y la oración.","Miejsce modlitwy, zadumy i świętych nauk.","Место для праведного отдыха и проповедей.","경건한 휴식과 설교를 위한 장소입니다.","信心深い人々の憩いの場で、説教を行う場所","虔敬人士休息和布道的地方。","虔誠休息、佈道的地方。","Dinle dolu bir mola ve vaazlar için bir yer.","पवित्र आराम और धार्मिक प्रवचन की जगह.","Tempat untuk peristirahatan saleh dan dakwah."
GreatMosque.flavor,"A Great Mosque is the principal religious monument of the city, hosting Friday sermons, major gatherings, and scholarly activity while projecting spiritual and political authority.","Un lieu de répit pieux et de prêches.","Ein Ort des frommen Rückzugs und für Predigten.","Un lugar para el descanso devoto y la oración.","Miejsce modlitwy, zadumy i świętych nauk.","Место для праведного отдыха и проповедей.","경건한 휴식과 설교를 위한 장소입니다.","信心深い人々の憩いの場で、説教を行う場所","虔敬人士休息和布道的地方。","虔誠休息、佈道的地方。","Dinle dolu bir mola ve vaazlar için bir yer.","पवित्र आराम और धार्मिक प्रवचन की जगह.","Tempat untuk peristirahatan saleh dan dakwah."
"Woodworking.name","Lumber Camps","Travail du bois","Holzverarbeitung","Carpintería","Obróbka drewna","Обработка дерева","목재 가공","木工","伐木业","林業","Ağaç İşleme","लकड़ी का काम","Kerajinan Kayu"
"Woodworking.flavor","Simple wooden huts and shelters stand among the trees, where woodcutters gather, split, and stack timber from the surrounding forest. Logs are hauled back to the camp to supply settlements, workshops, and construction sites.","L'industrie du bois fournit beaucoup de ressources brutes, telles que le bois et le goudron, ainsi que des meubles, du verre forestier et des tonneaux.","Die holzverarbeitende Industrie bietet eine Menge Rohstoffe wie Holz und Teer, außerdem Möbel, Waldglas und Fässer.","La industria de la carpintería proporciona muchos recursos en bruto como leña y brea, además de mobiliario, vidrio del bosque y barriles.","Przemysł drzewny zapewnia wiele zasobów, takich jak drewno czy smoła, oraz meble, zielone szkło i beczki.","Деревообработка дает ценное сырье, в том числе смолу и древесину. Также здесь изготавливают мебель, лесное стекло и бочки.","목공 산업은 목재와 타르 등 다량의 원자재는 물론이고 가구, 발트글라스, 나무통까지 제공합니다.","木工産業は木材やタールといったさまざまな原材料を生産でき、家具や森林ガラスや樽も入手できる","伐木业可提供一系列原材料，比如木材和焦油，除此之外还有家具、森林玻璃和木桶。","林業提供許多天然資材，例如原木、瀝青，以及家具、林草、木桶。","Ağaç işleme endüstrisi, mobilya, orman camı ve fıçıların yanı sıra kereste ve katran gibi birçok ham kaynak sağlar.","लकड़ी के उद्योग में इमारती लकड़ी और टार जैसी चीज़ें, साथ ही फ़र्नीचर, जंगली कांच और बैरल भी बनाए जाते हैं.","Industri kerajinan kayu menyediakan banyak sumber daya mentah, seperti kayu bangunan dan tar, juga furnitur, kaca dari abu kayu, dan tong."
"Sawmill.name","Sawmills","Scieries","Sägemühlen","Aserraderos","Tartaki","Лесопилки","제재소","製材所","锯木厂","鋸木廠","Kereste Atölyeleri","सॉमिल्स","Pengolahan Kayu"
"Sawmill.flavor","Wooden sheds fitted with large saws allow workers to cut heavy logs into straight planks and beams. The increased supply of prepared timber makes larger buildings, ships, and more elaborate wooden structures possible.","Découpé en poutres, le bois entre dans la fabrication de mobilier, la construction de bâtiments et la conception de machines, mais sera également utile dans de nombreux autres domaines.","Um Möbel, Gebäude, Maschinerie und vieles andere zu bauen, wird verarbeitetes Holz benötigt.","La madera procesada es necesaria para fabricar muebles, construcciones y maquinaria, entre otros usos.","Z obrobionego drewna powstają m.in. meble, budowle i elementy maszynerii.","Обработанная древесина используется в строительстве, производстве мебели и различных машин и имеет множество других применений.","가공한 목재는 가구, 건물, 기계 제작 등 다양한 분야에 필요합니다.","ここで加工された木材は、家具や建造物、機械などの材料として必要なほか、さまざまな用途で使用される","家具、建筑物、机械的建造以及许多其他用途都需要加工过的木材。","生產加工過的木材，對於家具、建設和機械的製造以及許多其他用途都派得上用場。","İşlenmiş kereste mobilya, bina ve makine yapımının yanı sıra diğer birçok amaç için gereklidir.","फ़र्निचर, बिल्डिंग और मशीनरी बनाने के अलावा और भी कई प्रयोजनों के लिए प्रोसेस की गई लकड़ी की ज़रूरत पड़ती है.","Kayu olahan dibutuhkan untuk konstruksi furnitur, gedung, dan mesin, juga untuk berbagai keperluan lainnya."
"ColliersKiln.name","Charcoal Kiln","Charbonneries","Brennöfen","Hornos carboneros","Piece górnicze","Угольные печи","숯 가마","炭窯","煤窑","煤炭窯爐","Kömür Fırınları","कोयले की भट्टियां","Tanur"
"ColliersKiln.flavor","Wood is stacked into large mounds on the forest floor and covered with earth, leaving only small openings for the controlled fire within. Charcoal burners tend the smoldering piles for days, producing light, hot-burning charcoal for smiths and metalworkers.","En brûlant, le charbon produit de hautes températures, nécessaires pour les processus de production de la verrerie, des métaux et bien d'autres.","Das Verbrennen von Kohle erzeugt hohe Temperaturen, die für Produktionsverfahren wie Glasarbeiten, Schmelzen und andere unverzichtbar sind.","La quema de carbón produce altas temperaturas y sirve para procesos productivos como la fabricación de vidrio, fundición de metales y otros.","Spalanie węgla drzewnego, które powoduje wytwarzanie się wysokich temperatur, pełni znaczącą rolę w procesach produkcyjnych, takich jak obróbka szkła, hutnictwo itp.","При сжигании угля выделяется много тепла, что позволяет выплавлять из руды металлы и производить стекло.","목탄을 태우면 고온이 발생하며, 이를 유리 가공과 제련 등 다양한 생산 과정에 활용할 수 있습니다.","木炭は高温で燃えるため、ガラス加工や製錬などの生産工程で重宝されている","木炭经燃烧能够产生高温，在玻璃加工、冶炼等生产过程中有重要作用。","燃燒木炭會產生高溫，對玻璃加工、冶煉等生產程序很有價值。","Kömür yakıldığında yüksek sıcaklıklar üretir ve cam işleme, eritme ve benzeri üretim süreçleri için değerlidir.","चारकोल जलाने से टेम्परेचर बढ़ जाता है और यह ग्लासवर्किंग, स्मेल्टिंग और उत्पादन की दूसरी प्रोसेसेस के लिए बहुत ही फ़ायदेमंद है.","Pembakaran batu bara menghasilkan suhu yang tinggi dan sangat penting untuk berbagai proses produksi seperti pengerjaan kaca, peleburan, dan lainnya."
"TarPit.name","Pitch Burner","Fosses de bitume","Teergruben","Pozos de brea","Smolarnie","Смоляные ямы","타르 갱","タール製造所","焦油坑","瀝青坑","Katran Çukurları","तार पिट्स","Lubang Tar"
"TarPit.flavor","Small brick or clay kilns are built beneath the trees, where resinous wood is slowly heated to draw out tar and pitch. The thick, dark substances are collected in vessels and used to waterproof ships, seal barrels, and protect timber from decay.","Fabriqué à partir de résineux, le bitume est utilisé dans l'artisanat, la construction et la réparation des routes et des bâtiments, mais aussi en tant qu'imperméabilisant pour les bateaux et les toits.","Aus dunklem Holz hergestellter Teer dient zum Bau und zur Instandsetzung von Straßen und Gebäuden sowie zur Abdichtung von Booten und Dächern.","La brea se extrae de la madera oscura y se emplea en artesanía, creación y reparación de caminos y construcciones, así como para dar una capa que protege tejados y barcos del agua.","Smoła, uzyskiwana w procesie prażenia drewna, wykorzystywana jest w rzemiośle, przy konserwacji dróg oraz wznoszeniu budowli, a także do uszczelniania dachów i kadłubów łodzi.","Получаемая из древесины смола используется в различных ремеслах, строительстве дорог и зданий, а также как водоотталкивающая пропитка для обработки днищ кораблей и крыш домов.","짙은 색의 나무에서 만들어지는 타르는 공예, 도로 및 건물의 건설 및 보수, 보트와 지붕의 방수 코팅 등에 활용됩니다.","ダークウッドから作られるタールは、工芸品や道路、建造物の建設と補修に使われるほか、船や屋根の防水加工にも使われる","焦油由深色木材制成，可用于工艺制作、建筑工程、道路和建筑物的修复，还可用作船只和屋顶的防水涂料。","瀝青可用在工藝、建設和修復道路與建築物之上，也可以用作船隻和屋頂的防水層。","Koyu renkli ahşaptan yapılan katran yolların ve binaların yapımında, onarımında ve ayrıca tekneler ve çatılar için su geçirmez bir kaplama olarak kullanılır.","डार्क वुड से बने तार का इस्तेमाल क्राफ़्ट के काम, कंस्ट्रक्शन और सड़कों और बिल्डिंग की मरम्मत के लिए होता है और साथ ही, बोट्स और छतों के लिए पानी रोधी परत चढ़ाने के लिए किया जाता है.","Tar, terbuat dari kayu hitam, digunakan untuk membuat, membangun, dan memperbaiki jalan serta bangunan, juga untuk lapisan anti-air pada kapal dan atap."
"MasterJoiner.name","Woodturner's Workshop","Maîtres-menuisiers","Meisterschreiner","Ebanistas","Mistrzowie stolarscy","Столярные мастерские","가구장이 장인","建具職人","木工大师","木匠大師","Usta Marangozlar","मास्टर जॉइनर्स","Tukang Mebel"
"MasterJoiner.flavor","Simple wooden workshops that house a turning lathe, where craftsmen secure pieces of timber and spin them rapidly against sharp cutting tools. The workshop produces bowls, cups, handles, spindles, wheels, and other finely shaped wooden goods.","Artisans habiles, les maîtres-menuisiers fabriquent du beau mobilier et des ustensiles en bois parfois ornementés pour les foyers.","Dies sind geschickte Handwerker, die feinste verzierte Möbel und Holzarbeiten für den Haushalt anfertigen.","Los ebanistas son artesanos habilidosos que fabrican, con mayor o menor decoración, muebles y otros artículos de madera para los hogares.","Mistrzowie stolarscy to utalentowani rzemieślnicy wytwarzający doskonałe, czasem szczególnie zdobione meble i wyroby drewniane dla gospodarstw.","Столяры – опытные ремесленники, занимающиеся в основном изготовлением мебели и деревянной утвари.","가구장이 장인은 유능한 숙련공이며 가정마다 사용하는 고품질 및 사치스러운 가구와 목공 상품을 제작합니다.","家庭で使う家具や木工品に精巧な細工や、時には装飾まで施す熟練の職人","木工大师是技艺精湛的工匠，能够制作精美的家具和木制品以供家用。","木匠大師是熟練的工匠，他們為家庭製作精美的家具和木製品。","Usta marangozlar, evler için güzel ve bazen de süslü mobilyalar ve ahşap işleri yapan usta zanaatkarlardır.","मास्टर जॉइनर्स कुशल कारीगर होते हैं जो बढ़िया और कभी-कभी भड़कीले फ़र्नीचर और घरों के लिए लकड़ी का काम भी करते हैं.","Tukang mebel adalah perajin yang terampil membuat furnitur kayu yang bagus dan terkadang berornamen, untuk kebutuhan rumah tangga."
"Metalworking.name","Iron Mines","Métallurgie","Metallabbau","Metalurgia","Obróbka żelaza","Обработка железа","금속 가공","金属加工","金属加工","金工","Metal İşçiliği","धातु का काम","Pengolahan Logam"
"Metalworking.flavor","Simple shafts and tunnels are driven into iron-rich rock, where miners break the ore free with hammers and chisels. Baskets and wooden carts carry the ore to the surface, where it is sorted and prepared for smelting.","Les processus et installations permettant d'extraire le minerai de fer et de le fondre pour produire du fer forgé.","Die Prozesse und Anlagen zum Abbau von Eisenerz und zum Schmelzen desselben bei der Produktion von Gusseisen.","El proceso y las instalaciones para extraer mineral de hierro y fundirlo para producir hierro forjado.","Zakłady niezbędne do wydobywania rudy żelaza i przetapiania jej w kute żelazo.","Процессы и оборудование для получения железной руды и ее последующей плавки с целью производства кованого железа.","철광석을 채굴 및 제련하여 철 금속을 생산하는 과정 및 시설입니다.","鉄鉱石を採掘し、製錬して錬鉄を生産する工程および設備","将开采出来的生铁冶炼为熟铁。","開採鐵礦塊並進行冶煉以生產熟鐵的製程與設施。","Demir cevheri madenciliği ve dövme demir üretmek için eritme işlemleri ve tesisleri.","लौह अयस्क को खदान से निकालने, गलाने और उससे लोहा बनाने तक की सारी प्रक्रिया और इमारतें वगैरह इसमें आती हैं.","Proses dan fasilitas penambangan dan peleburan bijih besi untuk kemudian dijadikan besi tempa."
"BlastFurnace.name","Early Blast Furnaces","Hauts fourneaux","Hochöfen","Altos hornos","Wielkie dymarki","Доменные печи","용광로","高炉","高炉","高爐","Yüksek Fırınlar","ब्लास्ट फ़र्नेस","Tanur Tiup"
"BlastFurnace.flavor","Tall masonry furnaces supplied with a powerful and continuous blast of air reach temperatures high enough to melt iron completely. The resulting cast iron can be refined into early steel, allowing the production of stronger and more durable weapons, tools, and armour.","L'acier de haute qualité destiné aux forces armées de la province y est produit. Il sera également utilisé par le maître-forgeron et les armuriers du royaume entier.","Hier wird hochwertiger Stahl für die Provinzarmeen produziert sowie für die Meisterschwert- und -rüstungsschmieden im gesamten Königreich.","Aquí se produce acero de calidad para las fuerzas armadas de la provincia, así como para los forjadores de espadas y armaduras del reino entero.","Za ich pomocą wyrabia się najlepszą stal dla armii królewskiej, zbrojmistrzów i mistrzów płatnerskich.","Здесь производится качественная сталь для войск провинции, а также для оружейников и бронников со всего королевства.","지역 내 무장병들, 왕국 전역의 대장장이 및 방어구 장인들을 위한 양질의 철을 생산하는 장소입니다.","ここでは、王国全体の刃物職人や甲冑職人用の素材だけでなく、軍用の高品質な鋼材も生産されている","为行省的武装部队，以及整个王国的所有刀匠大师和装甲大师生产优质钢材。","這裡生產的優質鋼材不但供應給行省的武裝部隊，也供應給整個王國的刀劍與護甲大師。","Bölgenin silahlı kuvvetlerinin yanı sıra tüm krallığın usta kılıç ustaları ve zırh ustaları için kaliteli çelik burada üretilir.","यहीं पर सूबे की आर्मड फ़ोर्सेस के लिए और पूरे किंगडम के मास्टर ब्लेड्स्मिथ और आर्मरर्स के लिए बढ़िया किस्म की स्टील बनाई जाती है.","Ini adalah tempat memproduksi baja berkualitas tinggi untuk pasukan bersenjata provinsi, juga untuk master pembuat pedang dan pembuat zirah di seluruh kerajaan."
"SaltTrade.name","Saltworks","Commerce du sel","Salzhandel","Comercio de sal","Handel solą","Торговля солью","소금 무역","塩貿易","食盐贸易","鹽貿易","Tuz Ticareti","नमक का व्यापार","Perdagangan Garam"
"SaltTrade.flavor","Saltworks are established wherever salt-rich rock, brine springs, or seawater make the extraction of this precious mineral possible. Depending on the landscape, workers mine salt from shafts and pits or channel brine and seawater into shallow ponds, where evaporation leaves the salt behind.","Le développement de la production et du commerce du sel assure un grand essor économique et commercial à toute province, car cet or blanc est un élément important de l'alimentation humaine et essentiel à la conservation des aliments.","Die Entwicklung der Salzproduktion und des Salzhandels bringt jeder Provinz einen großen wirtschaftlichen und kommerziellen Schub ein, da das weiße Gold ein wichtiger Bestandteil der menschlichen Ernährung und essenziell für die Lebensmittelkonservierung ist.","El desarrollo de la producción y del comercio de sal asegura una importante ventaja económica y comercial a cualquier provincia, ya que este oro blanco es una parte crucial de la dieta humana y es esencial para conservar alimentos.","Sól nie bez powodu zwana jest „białym złotem” – stanowi ważny składnik diety i pozwala konserwować żywność, a inwestycja w wydobycie i handel solą wzmocni gospodarkę każdej prowincji.","Добыча и продажа соли обеспечивает экономический и коммерческий рост любой провинции, поскольку соль необходима людям и просто для еды, и для консервации провизии.","하얀색 금으로도 불리는 소금은 식사에 꼭 들어가는 재료이며 식량 보존에도 필수적입니다. 따라서 소금 생산과 무역의 발전은 어느 지역에서나 상당한 경제적, 상업적 효과를 유발하게 됩니다.","塩の生産と貿易を発展させると、どの地域でもかなりの経済的・商業的活性化を見込める。この“白い金”は人間の食生活で重要な役割を担っており、食品の保存に欠かせないからだ","食盐的生产和销售极大地促进了各省的经济和商业发展，这种白色的黄金对人类的饮食以及食物储存来说至关重要。","發展產鹽與貿易可確保在任何行省都能獲得大量經濟與商業成長，這種白色黃金是人類飲食與糧食保存的重要一環。","Tuz, insan beslenmesinin önemli bir parçası ve gıdaların korunması için gerekli olduğundan bu beyaz altının üretim ve ticaretinin geliştirilmesi, herhangi bir bölge için büyük bir ekonomik ve ticari destek sağlar.","नमक का उत्पादन और व्यापार बढ़ाने से किसी भी प्रांत को बहुत ज़्यादा आर्थिक और व्यापारिक फ़ायदा होता है, क्योंकि यह सफ़ेद सोना इंसानी खान-पान का महत्त्वपूर्ण हिस्सा है और खाने की चीज़ों को कई दिनों तक रखने के लिए भी काम आता है.","Perkembangan produksi dan perdagangan garam menjamin peningkatan ekonomi dan komersial bagi provinsi mana pun karena komoditas yang disebut emas putih ini merupakan bagian penting bagi makanan masyarakat, dan vital untuk mengawetkan bahan pangan."
"HorseBreeding.name","Horse Farms","Élevage de chevaux","Pferdezucht","Cría de caballos","Hodowla koni","Коневодство","말 사육","馬の飼育","饲马业","養馬","At Yetiştiriciliği","घोड़ों को पालना","Beternak Kuda"
"HorseBreeding.flavor","Stables, paddocks, and open pastures form the heart of the horse farm. Here, horses are raised, cared for, and prepared for agriculture, transport, and riding.","L'élevage et dressage des chevaux, principalement à des fins militaires, mais avec un bon potentiel commercial également.","Pferdezucht und -dressur, hauptsächlich für militärische Zwecke, bietet aber auch ein gutes Handelspotenzial.","Cría y doma de equinos, sobre todo con propósito militar, pero también con un buen potencial comercial.","Konie są hodowane i szkolone głównie do użytku w walce, ale są też dobrym towarem na handel.","Разведение и дрессура лошадей в основном для военных целей, но также и на продажу.","군사적 목적으로 말을 기르고 훈련합니다. 수지가 맞으면 상품으로도 이용할 수 있습니다.","馬を飼育および調教する。主に軍事目的だが、貿易に使える可能性もある","养马和驯马既能提高军备力量，还有助于开设更多贸易商路。","馬畜牧場與訓練場，主要用於軍事用途，但也有良好的貿易潛力。","Temelde askeri amaçlar için yapılan ancak aynı zamanda yüksek ticaret potansiyeline sahip olan at yetiştiriciliği ve eğitimi.","घोड़ों को पालना और उनकी ट्रेनिंग, खास तौर पर सेना के लिए, लेकिन इनके व्यापार की भी अच्छी संभावना होती है.","Peternakan dan pelatihan kuda, terutama untuk keperluan militer, tetapi dengan potensi dagang yang juga bagus."
"SaddlersShop.name","Saddler's Workshop","Selleries","Sattlereien","Tiendas de sillas de montar","Sklepy rymarskie","Седельные мастерские","안장 상점","鞍店","马鞍店","馬鞍商店","Eyer Dükkanları","सैडलिंग शॉप्स","Toko Pelana"
"SaddlersShop.flavor","Craftsmen specialized in making comfortable saddles, fit for long journeys and carrying more weight while riding.","Ces artisans sont spécialisés dans la confection de selles confortables, adaptées aux longs voyages et permettant de transporter des charges supplémentaires.","Auf die Anfertigung bequemer Sättel spezialisierte Handwerker, um über weitere Strecken zu reiten und mehr Gewicht zu transportieren.","Artesanos especializados en fabricar sillas de montar cómodas, aptas para viajes largos y para llevar más peso mientras se cabalga.","Tutaj pracują rymarze, którzy specjalizują się w wyrobie wygodnych siodeł i wytrzymałych juków dla jeźdźców wybierających się w dalekie podróże.","Здесь ремесленники изготавливают удобные седла для конных воинов и простых путешественников.","장거리 여행에 적합하며 더 많은 무게를 감당할 수 있도록 편안한 안장을 제작하는 작업에 전문화된 장인들이 모인 곳입니다.","長旅でも快適で、より重い荷物を乗せられる鞍を作っている職人たちの店","专门制作舒适马鞍的工匠，能够使马鞍适合长途旅行，并在骑行时承载更多重量。","專門的工匠在此製作舒適的馬鞍，適合長途旅行並在騎行時承載更多重量。","Rahat, uzun yolculuklara uygun ve daha fazla ağırlık taşıyan eyer yapımında uzmanlaşmış ustalar.","ये क्राफ़्ट्समेन आरामदायक सैडल्स बनाने में माहिर होते हैं जो लंबे सफ़र के लिए और सवारी के दौरान ज़्यादा वज़न उठाकर ले जाने के लिए बिल्कुल सही रहते हैं.","Perajin yang khusus membuat pelana yang nyaman, cocok untuk perjalanan jauh dan membawa lebih banyak beban saat berkuda."
"SheepFarming.name","Sheep Farms","Élevage de moutons","Schafszucht","Cría de ovejas","Hodowla owiec","Овцеводство","양 목축","牧羊","饲羊业","牧羊","Koyun Çiftliği","भेड़ों के फ़ार्म","Beternak Domba"
"SheepFarming.flavor","Sheep are kept on open pastures and provide meat, wool, milk, and hides. The flocks are herded, cared for, and bred, forming an important foundation of the rural economy.","Élevage de moutons pour la production de produits laitiers, de parchemin et de laine.","Schafshöfe zur Produktion von Milchprodukten, Pergament und Wolle.","Granja de ganado ovino para producir productos lácteos, pergamino y lana.","Hodowla owiec umożliwia produkcję nabiału, pergaminu i wełny.","Разведение овец для получения молочных продуктов, пергамента и шерсти.","각종 유제품, 양피지, 양모를 생산하기 위해 양을 기릅니다.","乳製品や羊皮紙や羊毛を生産できる羊の畜産業","规模化饲羊可以产出乳制品、羊皮纸和羊毛。","羊畜牧場，羊可用於生產乳製品、羊皮紙、羊毛。","Süt ürünleri, parşömen ve yün üretimi için koyun çiftliği.","भेड़ें पालना, जिससे डेरी उत्पाद, चमड़ा और ऊन मिले.","Peternakan domba untuk produksi berbagai olahan susu, perkamen, dan wol."
"CattleFarming.name","Cattle Farms","Élevage de bétail","Rinderzucht","Cría de vacas","Hodowla bydła","Разведение коров","소 목축","牧畜","饲牛业","牧牛","Sığır Çiftliği","मवेशी फ़ार्म","Beternak Sapi"
"CattleFarming.flavor","Cattle are raised on open pastures and provide meat, milk, hides, and powerful draft animals. Large herds form an important foundation for food production and agricultural work.","Élevage de bétail pour la production de viande et de cuir et la reproduction de bœufs de trait.","Rinderhöfe werden für die Fleisch- und Lederproduktion und die Zucht von Zugochsen genutzt.","Granja de ganado bovino para producir carne, cuero y para criar bueyes de tiro.","Hodowla bydła umożliwia produkcję mięsa i skóry oraz zapewnia woły pociągowe.","Разведение коров ради мяса, кожи и получения тяглового скота.","육류, 가죽을 생산하고 운반용 소를 번식하기 위해 소를 기릅니다.","食肉や皮革の生産と輓牛の飼育を目的とした畜産業","养牛可以产出畜肉、皮革和驮牛。","牛畜牧場，牛可用於生產肉類、皮革，牧場也可養育耕牛。","Et ve deri üretimi ile koşum öküzü yetiştiriciliği için sığır çiftliği.","मांस, लेदर और भार ढोने वाले बैल मिल सकें इसके लिए मवेशी फ़ार्म","Peternakan sapi untuk produksi daging, kulit, dan mengembangbiakkan sapi pekerja."
"WoolWeaver.name","Wool Production","Tisseurs de laine","Wollweber","Tejedores de lana","Pracownie wyrobów wełnianych","Шерстоткачи","양모 직조장","毛織物工場","羊毛织布坊","羊毛紡織機","Yün Dokumacıları","वूल वीवर्स","Penenun Wol"
"WoolWeaver.flavor","Sheep are regularly shorn, with their fleeces collected and prepared for further processing. Large flocks provide a steady supply of wool for spinners, weavers, and clothmakers.","Ils produisent un large éventail d'habits, répondant aux besoins de la population locale en matière de vêtements.","Hier werden verschiedene Stoffe zur Bekleidung der Bevölkerung hergestellt.","Aquí se produce un variado surtido de prendas que satisface las necesidades de vestimenta de la población.","Produkuje się tu pełny asortyment odzienia zaspokajający potrzeby miejscowej ludności.","Здесь производится всевозможная одежда для нужд населения.","다양한 의류를 생산하여 현지 주민들의 의복 수요를 만족시키는 장소입니다.","さまざまな種類の衣料品が生産され、地域の人々の衣料品へのニーズに応える","这里能够生产各式各样的服装，满足当地居民的穿着需求。","這裡生產各式各樣的服裝，滿足當地居民的衣物需求。","Burada yerel halkın giyim ihtiyaçlarını karşılayan çeşitli kıyafetler üretilir.","यहां अलग-अलग तरह के गारमेंट्स का उत्पादन किया जाता है जो स्थानीय लोगों की कपड़ों की ज़रूरतें पूरी करते हैं.","Berbagai macam pakaian diproduksi di sini untuk memenuhi kebutuhan pakaian penduduk setempat."
"DairyShop.name","Dairies","Laiteries","Molkereien","Tiendas de lácteos","Sklepy z nabiałem","Маслобойни","유제품 상점","乳製品店","奶制品店","酪農商店","Süt Ürünleri Dükkanları","डेयरी शॉप्स","Toko Susu"
"DairyShop.flavor","Fresh milk is processed in simple dairies into more durable foods. Butter, cheese, and other dairy products can be stored and transported over considerable distances.","Le lait frais y est transformé en de nombreux types de produits laitiers, qui sont ensuite préparés pour être vendus.","Hier wird frische Milch zu verschiedenen Produkten verarbeitet, die anschließend in den Verkauf gehen.","Un lugar donde la leche se convierte en muchos tipos de productos lácteos, preparados para ser comprados y vendidos.","W tym miejscu powstają produkty ze świeżego mleka, wprowadzane następnie do handlu.","Здесь из свежего молока производят творог, сыр, масло и другие молочные продукты.","신선한 우유를 다양한 유제품으로 가공하여 사고 팔 수 있도록 마련하는 장소입니다.","新鮮な牛乳を様々な種類の乳製品に変えて売っている店","能够将鲜奶制成各种乳制品，然后将其制备好、用于买卖交易的地方。","將鮮奶加工成多種乳製品並準備購買與販售的地方。","Taze sütün birçok çeşit süt ürününe dönüştürüldüğü ve daha sonra alınıp satıldığı yer.","यहां ताज़े दूध को कई तरह के डेयरी के सामानों में बदला जाता है जिन्हें बाद में खरीदने और बेचने के लिए तैयार किया जाता है.","Tempat susu segar diubah menjadi berbagai jenis produk susu, yang kemudian disiapkan untuk diperjualbelikan."
"StoneCutters.name","Stonecutters’ Workshop","Tailleurs de pierre","Steinmetze","Picapedreros","Robotnicy z kamieniołomów","Каменотесы","석수","石切場","石匠","砌石匠","Taş Kesiciler","स्टोन कटर","Pemotong Batu"
"StoneCutters.flavor","Skilled stonecutters shape limestone into dressed blocks, slabs, and architectural elements. Using fine chisels and toothed tools, they produce precise pieces for churches, castles, and other stone buildings.","À la carrière, ces ouvriers se spécialisent dans la découpe et la mise en forme des blocs de pierre afin de les préparer à leurs futures utilisations.","Diese Arbeiter sind auf das Schneiden, Formen und Schleifen von Blöcken in Steinbrüchen spezialisiert, um sie für die weitere Nutzung vorzubereiten.","Trabajadores especializados en cortar, dar forma y curvar bloques de piedra en una cantera y prepararlos para sus usos posteriores.","Ci robotnicy specjalizują się w przecinaniu i kształtowaniu kamiennych bloków w kamieniołomach, aby można było wykorzystać materiał w królestwie.","Рабочие, чья специализация – высекать и придавать форму каменным блокам на каменоломне, чтобы подготовить их к дальнейшему использованию.","용도에 맞게 준비할 목적으로 채석장에서 석재를 자르고 모양을 잡는 데 전문화된 노동자입니다.","採石場で石材を切断し、形を整え、湾曲させ、さらに用途に特化した仕上げをする専門の職人","这些工人专门负责在采石场对石块进行切割、塑形和雕刻，以供进一步使用。","專門在採石場切割、成型和修飾石塊的工人，以供進一步使用。","Taş blokları bir taş ocağında daha sonraki kullanım amaçlarına hazırlamak için kesme, şekillendirme ve eğme konusunda uzmanlaşmış işçiler.","ये वर्कर क्वैरी में स्टोन ब्लॉक को काटने, शेप देने और तराशने में माहिर होते हैं ताकि उन्हें आगे के इस्तेमाल के लिए तैयार किया जा सके.","Para pekerja galian yang ahli dalam memotong, membentuk, dan membentuk lekukan pada balok-balok batu, agar siap digunakan untuk berbagai keperluan."
"Gold.name","Gold","Lingots d'or","Gold","Lingotes de oro","Sztabki złota","Слитки золота","금괴","金塊","金锭","金條","Altın külçeler","गोल्ड इंगट","Emas batangan"
"Silver.name","Silver","Lingots d'argent","Silber","Lingotes de plata","Sztabki srebra","Слитки серебра","은괴","銀のインゴット","银锭","銀條","Gümüş külçeler","सिल्वर इंगट","Perak Batangan"
"Unit.rank_texts.0","Inexperienced","Novice","Novize","Novato","nowicjusze","Новички","신입","新兵","新兵","新手","Acemi","नौसिखिया","Pemula"
"Unit.rank_texts.1","Experienced","Expérimenté","Erfahren","Curtido","zaprawieni w boju","Опытные","숙련","熟練","熟练兵","經驗豐富","Deneyimli","सीज़न्ड","Kawakan"
"Unit.rank_texts.2","Battlehardened","Aguerri","Kampferprobt","Curtido en batalla","zahartowani w boju","Закалённые в боях","전투 숙련","戦闘経験豊富","久经沙场","久經沙場","Savaş Deneyimli","युद्ध में कठोर","Tangguh dalam Pertempuran"
"Unit.rank_texts.3","Veteran","Vétéran","Veteran","Veterano","weterani","Ветераны","베테랑","ベテラン","老兵","老兵","Veteran","अनुभवी योद्धा","Veteran"
"Unit.rank_texts.4","Elite","Élite","Elite","Élite","elita","Элита","정예","精鋭","精英","精銳","Elit","अभिजात वर्ग","Elit"
"Unit.rank_texts.5","Legendary","Légendaire","Legendär","Legendario","legendy","Легендарные","전설","伝説級","传奇","傳奇","Efsanevi","लेजेंड्री","Legendaris"
"SinglePlayerCampaignVars.start_period.options.mid.name","1190 AD","1190 apr. J.-C.","1190 n. Chr.","1190 d. C.","1190 r. n.e.","1190 г. н.э.","AD 1,224","西暦 1190 年","公元1190年","西元1190年","MS 1190","1190 AD","1190 M"
"SinglePlayerCampaignVars.start_period.options.mid.description","Starting political landscape based around year 1190","La configuration politique de début de partie se fonde sur celle de l'année 1190","Die politische Landschaft zu Spielbeginn orientiert sich am Jahr 1190.","Empezar con el escenario político del año 1190","Początkowa sytuacja polityczna oparta na realiach okresu około 1190 r.","Стартовая политическая ситуация основывается на положении в мире на 1190 год н.э.","약 1,224년의 정치 지형에서 시작합니다.","開始時の政治情勢が1190年頃に設定されます","初始政治版图将符合公元1190年左右的情况","開始時的政治分佈依照西元1190年的情勢","1190 yılı civarındaki siyasi manzaradan başlar","साल 1190 के आधार पर शुरुआती राजनीतिक परिदृश्य","Memulai tatanan politik sekitar tahun 1190"
"SinglePlayerCampaignVars.start_period.options.late.name","1240 AD","1240 apr. J.-C.","1240 n. Chr.","1240 d. C.","1240 r. n.e.","1240 г. н.э.","AD 1,360","西暦 1240 年","公元1240年","西元1240年","MS 1240","1240 AD","1240 M"
"SinglePlayerCampaignVars.start_period.options.late.description","Starting political landscape based around year 1240","La configuration politique de début de partie se fonde sur celle de l'année 1240.","Die politische Landschaft zu Spielbeginn orientiert sich am Jahr 1240.","Empezar con el escenario político del año 1240","Początkowa sytuacja polityczna oparta na realiach okresu około 1240 r.","Стартовая политическая ситуация основывается на положении в мире на 1240 год н.э.","약 1,360년의 정치 지형에서 시작합니다.","開始時の政治情勢が1240年頃に設定されます","初始政治版图将符合公元1240年左右的情况","開始時的政治分佈依照西元1240年的情勢","1240 yılı civarındaki siyasi manzaradan başlar","साल 1240 के आधार पर शुरुआती राजनीतिक परिदृश्य","Memulai tatanan politik sekitar tahun 1240"
"CampaignVars.start_period.options.mid.name","1190 AD","1190 apr. J.-C.","1190 n. Chr.","1190 d. C.","1190 r. n.e.","1190 г. н.э.","AD 1,224","西暦 1190 年","公元1190年","西元1190年","MS 1190","1190 AD","1190 M"
"CampaignVars.start_period.options.mid.description","Starting political landscape based around year 1190","La configuration politique de début de partie se fonde sur celle de l'année 1190","Die politische Landschaft zu Spielbeginn orientiert sich am Jahr 1190.","Empezar con el escenario político del año 1190","Początkowa sytuacja polityczna oparta na realiach okresu około 1190 r.","Стартовая политическая ситуация основывается на положении в мире на 1190 год н.э.","약 1,224년의 정치 지형에서 시작합니다.","開始時の政治情勢が1190年頃に設定されます","初始政治版图将符合公元1190年左右的情况","開始時的政治分佈依照西元1190年的情勢","1190 yılı civarındaki siyasi manzaradan başlar","साल 1190 के आधार पर शुरुआती राजनीतिक परिदृश्य","Memulai tatanan politik sekitar tahun 1190"
"CampaignVars.start_period.options.late.name","1240 AD","1240 apr. J.-C.","1240 n. Chr.","1240 d. C.","1240 r. n.e.","1240 г. н.э.","AD 1,360","西暦 1240 年","公元1240年","西元1240年","MS 1240","1240 AD","1240 M"
"CampaignVars.start_period.options.late.description","Starting political landscape based around year 1240","La configuration politique de début de partie se fonde sur celle de l'année 1240","Die politische Landschaft zu Spielbeginn orientiert sich am Jahr 1240.","Empezar con el escenario político del año 1240","Początkowa sytuacja polityczna oparta na realiach okresu około 1240 r.","Стартовая политическая ситуация основывается на положении в мире на 1240 год н.э.","약 1,360년의 정치 지형에서 시작합니다.","開始時の政治情勢が1240年頃に設定されます","初始政治版图将符合公元1240年左右的情况","開始時的政治分佈依照西元1240年的情勢","1240 yılı civarındaki siyasi manzaradan başlar","साल 1240 के आधार पर शुरुआती राजनीतिक परिदृश्य","Memulai tatanan politik sekitar tahun 1240"
